id_pessoa;abs_eventos;abs_qtd_total;horas_previstas_total;acidentes_eventos;acidentes_com_afastamento;acidentes_dias_perdidos;he_eventos;he_referencia_total;he_valor_total;hi_eventos;hi_minutos_irregulares;hi_minutos_extras;mov_sal_eventos;mov_sal_valor_total;mov_sal_perc_medio
344630;0.0;0.0;0.0;0.0;0.0;0.0;47.0;14452.9343;531303.7941;7.4865;442.7674;0.0;0.8301;98.2104;0.0299
58113;0.0;0.0;0.0;0.0;0.0;0.0;12.0;21084.9898;123027.443;0.0;0.0;0.0;0.0;71.7658;0.0
251795;0.0;0.0;0.0;0.0;0.0;0.0;43.0;8810.764;202330.6731;7.4865;1698.7237;0.0;2.4904;203.8673;0.0261
301610;0.0;0.0;0.0;0.0;0.0;0.0;7.0;6620.8696;1145516.9326;0.5759;128.9886;0.0;0.0;22.9964;0.0048
174899;0.0;0.0;0.0;0.0;0.0;0.0;102.0;0.0;2216.2;3.4553;55.8016;0.0;0.4151;6.9918;0.0079
368543;0.0;0.0;0.0;0.0;0.0;0.0;12.0;2354.5852;57842.5722;5.1829;828.8919;0.0;0.4151;23.3654;0.0149
177356;0.0;0.0;0.0;0.0;0.0;0.0;18.0;9909.1271;64862.5639;0.0;0.0;0.0;0.0;7.105;0.0056
14457;0.0;0.0;0.0;0.0;0.0;0.0;0.0;2461.7162;698739.6998;0.0;157.5117;0.0;0.8301;30.005;0.0142
44678;0.0;0.0;0.0;0.0;0.0;0.0;7.0;21117.0725;446612.4302;0.5759;115.5289;0.0;1.2452;50.6578;0.0161
343943;0.0;0.0;0.0;0.0;0.0;0.0;10.0;329.0289;8499.2072;1.1518;356.4139;0.0;0.0;0.0;0.0
3762;0.0;0.0;0.0;0.0;0.0;0.0;0.0;13401.1934;1567979.2255;0.0;0.0;0.0;0.0;0.0;0.0
81049;0.0;0.0;0.0;0.0;0.0;0.0;7.0;8722.1006;733301.2395;1.1518;292.4676;0.0;0.8301;35.7527;0.0173
209467;0.0;0.0;0.0;0.0;0.0;0.0;88.0;837.7222;216740.8578;0.0;609.9262;0.0;0.0;0.0;0.0
75411;0.0;0.0;0.0;0.0;0.0;0.0;31.0;3338.0662;81131.3782;4.6071;900.1161;0.0;3.7355;235.8024;0.0202
265363;0.0;0.0;0.0;0.0;0.0;0.0;10.0;726.568;14333.6361;1.1518;84.4034;0.0;0.8301;62.0695;0.0263
167987;0.0;0.0;0.0;0.0;0.0;0.0;7.0;27575.8213;1159524.434;0.0;22.0093;0.0;0.4151;36.2782;0.0898
156922;0.0;0.0;0.0;1.0633;0.0;0.0;16.0;3440.8314;125869.3624;30.5217;5929.5497;0.0;3.3205;341.7927;0.0313
243172;0.0;0.0;0.0;0.0;0.0;0.0;49.0;37686.4525;0.0;0.0;270.6302;0.0;0.0;0.0;0.0073
352898;0.0;0.0;0.0;1.0633;0.0;0.0;74.0;4055.1806;220472.0579;0.0;593.6572;0.0;0.0;88.2229;0.0048
213822;0.0;0.0;0.0;0.0;0.0;0.0;0.0;0.0;0.0;0.0;0.0;0.0;0.0;0.0;0.0
161350;0.0;0.0;0.0;0.0;0.0;0.0;0.0;4896.7766;1531483.3165;5.1829;0.0;0.0;0.0;53.9272;0.0
266119;0.0;0.0;0.0;0.0;0.0;0.0;24.0;5097.695;126454.6985;5.1829;1250.0678;0.0;0.4151;45.0135;0.0404
193603;0.0;0.0;0.0;0.0;0.0;0.0;29.0;0.0;0.0;9.2141;20.1202;0.0;0.0;0.0;0.0051
175817;0.0;0.0;0.0;1.0633;0.0;0.0;12.0;45690.6948;2053851.104;0.0;186.5465;0.0;1.2452;34.5864;0.0101
131122;0.0;0.0;0.0;0.0;0.0;0.0;25.0;68995.9414;714551.3856;0.0;54.907;0.0;0.0;69.9019;0.0082
107523;0.0;0.0;0.0;0.0;0.0;0.0;18.0;0.0;0.0;0.5759;155.6275;0.0;0.4151;30.3042;0.033
276864;0.0;0.0;0.0;0.0;0.0;0.0;34.0;47434.3588;0.0;0.5759;104.0708;0.0;0.0;67.8442;0.0087
140902;0.0;0.0;0.0;0.0;0.0;0.0;0.0;21117.0725;1002364.3787;0.5759;149.4585;0.0;0.8301;35.2408;0.0162
240196;0.0;0.0;0.0;0.0;0.0;0.0;28.0;8948.6857;205479.8132;8.0623;1161.7386;0.0;0.8301;84.5375;0.0323
47151;0.0;0.0;0.0;0.0;0.0;0.0;18.0;2025.5562;49573.7128;25.3388;4869.8804;0.0;4.1506;271.0061;0.0202
168849;0.0;0.0;0.0;1.0633;0.0;0.0;27.0;78.4659;48125.6369;24.7629;2687.169;0.0;2.0753;82.9942;0.016
284371;0.0;0.0;0.0;0.0;0.0;0.0;9.0;6664.4136;124132.2866;6.3347;1493.744;0.0;1.2452;99.4435;0.0278
41360;0.0;0.0;0.0;0.0;0.0;0.0;9.0;3300.1207;531475.003;2.8794;212.5508;0.0;1.2452;51.1495;0.0174
127354;0.0;0.0;0.0;0.0;0.0;0.0;4.0;1808.307;42201.0016;23.0353;3822.2686;0.0;2.9054;132.9965;0.0172
151790;0.0;0.0;0.0;0.0;0.0;0.0;27.0;19808.9358;4752993.0268;0.0;0.0;0.0;0.4151;20.4224;0.0175
286201;0.0;0.0;0.0;0.0;0.0;0.0;46.0;7495.8279;10040.3752;0.0;168.8976;0.0;0.0;0.0;0.0
241888;0.0;0.0;0.0;0.0;0.0;0.0;0.0;7566.028;276811.1795;4.0312;0.0;0.0;0.0;0.0;0.0152
280977;0.0;0.0;0.0;0.0;0.0;0.0;10.0;3323.643;67031.2454;10.9417;2069.4258;0.0;0.8301;47.3864;0.0195
194753;0.0;0.0;0.0;0.0;0.0;0.0;13.0;956.1858;3802.6326;0.0;9.5985;0.0;0.0;0.0;0.0
213655;0.0;0.0;0.0;0.0;0.0;0.0;7.0;0.0;1104510.0102;1.1518;150.714;0.0;0.8301;7.4783;0.0091
98689;0.0;0.0;0.0;0.0;0.0;0.0;38.0;13035.8562;264557.7444;13.2453;2105.0378;0.0;3.3205;133.3006;0.0149
220967;0.0;0.0;0.0;0.0;0.0;0.0;22.0;4752.4399;135640.2164;28.7941;2584.8193;0.0;0.4151;15.9042;0.0116
200385;0.0;0.0;0.0;1.0633;0.0;0.0;38.0;3466.3911;112236.2976;0.0;175.6739;0.0;0.4151;0.0;0.0
168534;0.0;0.0;0.0;0.0;0.0;0.0;0.0;32475.8719;12727.6522;0.5759;8.6106;0.0;0.4151;8.5998;0.0078
61223;0.0;0.0;0.0;1.0633;0.0;0.0;3.0;137.9217;2551.1821;1.1518;32.2471;0.0;1.6602;56.756;0.0133
110727;0.0;0.0;0.0;0.0;0.0;0.0;0.0;6305.5024;3134.9151;10.3659;1818.1784;0.0;1.6602;63.6608;0.0139
1645;0.0;0.0;0.0;0.0;0.0;0.0;63.0;32665.3186;1549106.3459;85.2304;5734.9452;0.0;1.6602;94.8089;0.0158
218597;0.0;0.0;0.0;1.0633;0.0;0.0;0.0;1283.3948;0.0;4.0312;0.0;0.0;0.0;37.1806;0.0
3563;0.0;0.0;0.0;2.1266;1.1176;1.1295;10.0;30712.4007;0.0;2.3035;449.7776;0.0;0.8301;29.2207;0.0142
285737;0.0;0.0;0.0;0.0;0.0;0.0;12.0;3841.1351;89142.4548;0.5759;0.0;0.0;0.0;118.3274;0.0
36027;0.0;0.0;0.0;0.0;0.0;0.0;22.0;0.0;141504.1399;5.7588;801.6922;0.0;2.0753;121.6215;0.0144
312238;0.0;0.0;0.0;0.0;0.0;0.0;13.0;231.6724;4846.7727;1.7276;407.1553;0.0;0.4151;58.8012;0.0484
311514;0.0;0.0;0.0;0.0;0.0;0.0;7.0;0.0;32336.2334;2.8794;0.0;0.0;0.8301;25.4804;0.0109
121847;0.0;0.0;0.0;0.0;0.0;0.0;0.0;676.3596;157053.5617;1.1518;95.3394;0.0;0.0;0.0;0.0
125798;0.0;0.0;0.0;0.0;0.0;0.0;68.0;48238.6275;71569.5703;0.0;114.7718;0.0;0.0;65.2203;0.0093
256909;0.0;0.0;0.0;0.0;0.0;0.0;53.0;19618.2313;3237.6761;0.0;0.0;0.0;0.0;4.9875;0.0087
120306;0.0;0.0;0.0;0.0;0.0;0.0;43.0;0.0;2295749.9441;0.5759;137.4009;0.0;0.8301;43.3511;0.0233
419482;0.0;0.0;0.0;0.0;0.0;0.0;0.0;2567.1116;177824.3259;0.0;0.0;0.0;0.0;0.0;0.0
260838;0.0;0.0;0.0;2.1266;0.0;0.0;7.0;1424.2897;36874.6003;4.6071;1003.0266;0.0;0.4151;23.3783;0.0185
342561;0.0;0.0;0.0;0.0;0.0;0.0;13.0;1618.1012;41923.3219;0.5759;117.7722;0.0;0.0;0.0;0.0062
291517;0.0;0.0;0.0;0.0;0.0;0.0;3.0;566.1101;12303.1034;0.0;0.0;0.0;0.8301;91.944;0.0351
120142;0.0;0.0;0.0;1.0633;0.0;0.0;0.0;96152.0274;48440.6792;0.0;829.4189;0.0;0.8301;37.851;0.0216
71591;0.0;0.0;0.0;0.0;0.0;0.0;7.0;759.9216;23676.9265;0.5759;133.7556;0.0;2.0753;89.0506;0.014
169801;0.0;0.0;0.0;1.0633;0.0;0.0;109.0;41236.3047;754763.6749;0.5759;116.0897;0.0;0.4151;6.2105;0.0066
127403;0.0;0.0;0.0;0.0;0.0;0.0;28.0;0.0;27692.8878;0.0;0.0;0.0;0.0;82.1416;0.0121
95435;0.0;0.0;0.0;0.0;0.0;0.0;0.0;1673.5508;0.0;7.4865;1619.9285;0.0;0.0;0.0;0.0059
12845;0.0;0.0;0.0;0.0;0.0;0.0;12.0;3045.6473;0.0;3.4553;983.3402;0.0;1.6602;72.4216;0.0132
214227;0.0;0.0;0.0;0.0;0.0;0.0;19.0;2362.6982;66537.4174;1.7276;301.1603;0.0;0.4151;14.8278;0.0113
274315;0.0;0.0;0.0;0.0;0.0;0.0;16.0;2946.8373;60409.5315;8.6382;1364.1946;0.0;0.4151;43.2278;0.0345
288463;0.0;0.0;0.0;0.0;0.0;0.0;4.0;466.0492;8961.4808;0.0;0.0;0.0;0.8301;0.0;0.0117
346569;0.0;0.0;0.0;0.0;0.0;0.0;56.0;23261.0294;685652.6692;0.0;0.0;0.0;0.0;0.0;0.0061
258349;0.0;0.0;0.0;0.0;0.0;0.0;0.0;0.0;0.0;0.0;88.5576;0.0;0.0;38.0445;0.0065
112841;0.0;0.0;0.0;1.0633;0.0;0.0;44.0;2530.4042;618439.3334;11.5176;570.3539;0.0;0.4151;35.2848;0.0279
349897;0.0;0.0;0.0;1.0633;0.0;0.0;22.0;12877.2011;318208.2999;8.0623;1794.624;0.0;1.2452;67.593;0.0156
363765;0.0;0.0;0.0;0.0;0.0;0.0;206.0;0.0;0.0;0.5759;0.0;0.0;0.0;0.0;0.0
344955;0.0;0.0;0.0;0.0;0.0;0.0;46.0;25033.5127;130124.2265;0.5759;0.0;0.0;0.0;111.4716;0.0057
67108;0.0;0.0;0.0;0.0;0.0;0.0;16.0;19808.9358;3328762.9677;0.0;0.0;0.0;4.1506;203.2248;0.0178
376174;0.0;0.0;0.0;0.0;0.0;0.0;34.0;0.0;149204.5754;1.1518;291.9068;0.0;0.0;6.0464;0.0
211538;0.0;0.0;0.0;0.0;0.0;0.0;192.0;6578.1043;729798.2154;0.0;16.7678;0.0;0.0;1.0071;0.0064
17259;0.0;0.0;0.0;0.0;0.0;0.0;7.0;58782.0546;285483.6908;3.4553;603.4423;0.0;2.0753;269.972;0.0549
31835;0.0;0.0;0.0;0.0;0.0;0.0;0.0;54522.3774;782428.744;3.4553;341.5394;0.0;0.8301;63.0454;0.02
332002;0.0;0.0;0.0;0.0;0.0;0.0;0.0;0.0;281766.337;2.3035;0.0;0.0;1.2452;28.6295;0.0096
231703;0.0;0.0;0.0;0.0;0.0;0.0;18.0;20194.146;0.0;6.9106;0.0;0.0;0.0;0.0;0.0005
40557;0.0;0.0;0.0;1.0633;0.0;0.0;32.0;10034.0305;525978.9706;32.2494;5621.3792;0.0;5.8108;663.7505;0.0292
41044;0.0;0.0;0.0;0.0;0.0;0.0;55.0;34625.3153;409595.5361;0.0;0.0;0.0;0.0;0.0;0.0
307316;0.0;0.0;0.0;0.0;0.0;0.0;0.0;8023.4646;0.0;6.9106;0.0;0.0;0.0;0.0;0.015
112554;0.0;0.0;0.0;0.0;0.0;0.0;97.0;0.0;0.0;0.0;1075.4393;0.0;0.0;15.7408;0.0069
233387;0.0;0.0;0.0;0.0;0.0;0.0;100.0;19114.7545;1806806.6513;0.5759;4.8432;0.0;0.0;24.4441;0.0
417438;0.0;0.0;0.0;0.0;0.0;0.0;24.0;0.0;0.0;12.6694;167.0051;0.0;0.0;6.6259;0.0
23726;0.0;0.0;0.0;0.0;0.0;0.0;29.0;0.0;1299843.8924;2.8794;0.0;0.0;0.8301;46.6074;0.0262
168244;0.0;0.0;0.0;0.0;0.0;0.0;24.0;10723.6391;193437.0345;15.5488;1914.359;0.0;1.2452;40.0901;0.0122
281988;0.0;0.0;0.0;0.0;0.0;0.0;12.0;13392.8301;308536.8426;117.4798;4918.1109;0.0;0.8301;83.8103;0.0316
235164;0.0;0.0;0.0;0.0;0.0;0.0;44.0;21120.9536;534268.3403;29.9458;5247.8731;0.0;1.6602;156.5424;0.0288
277038;0.0;0.0;0.0;0.0;0.0;0.0;18.0;579.6318;11660.9691;0.5759;125.9041;0.0;1.6602;140.8116;0.0286
92780;0.0;0.0;0.0;0.0;0.0;0.0;0.0;5761.2001;1522467.4286;8.6382;275.9234;0.0;2.0753;64.8814;0.013
20896;0.0;0.0;0.0;0.0;0.0;0.0;18.0;0.0;317998.7437;0.5759;29.443;0.0;0.4151;24.6209;0.031
21708;0.0;0.0;0.0;0.0;0.0;0.0;21.0;7717.3062;246797.2885;6.3347;789.915;0.0;5.8108;586.4706;0.0326
123045;0.0;0.0;0.0;0.0;0.0;0.0;7.0;7274.8764;342275.5159;1.1518;191.8004;0.0;1.6602;46.0266;0.0093
181765;0.0;0.0;0.0;0.0;0.0;0.0;6.0;22156.7685;587711.6525;1.7276;62.8126;0.0;0.0;11.2952;0.0
290099;0.0;0.0;0.0;0.0;0.0;0.0;31.0;13592.9518;257943.9192;8.6382;1794.0631;0.0;1.2452;88.7059;0.026
285902;0.0;0.0;0.0;0.0;0.0;0.0;78.0;53093.4137;0.0;1.1518;0.0;0.0;0.0;12.6518;0.005
299796;0.0;0.0;0.0;0.0;0.0;0.0;3.0;292.971;5585.1483;16.1247;0.0;0.0;0.4151;39.5504;0.0358
105407;0.0;0.0;0.0;0.0;0.0;0.0;22.0;7063.9226;2323241.8475;0.0;0.0;0.0;0.4151;23.4966;0.0569
415385;0.0;0.0;0.0;0.0;0.0;0.0;3.0;25.2406;733.6424;2.8794;730.7484;0.0;0.0;0.0;0.0
195932;0.0;0.0;0.0;0.0;0.0;0.0;34.0;173.3594;25232.3863;17.2764;3410.9072;0.0;1.2452;99.92;0.029
195892;0.0;0.0;0.0;0.0;0.0;0.0;44.0;370.7237;331935.8907;0.0;0.0;0.0;0.0;0.0;0.0
12908;0.0;0.0;0.0;0.0;0.0;0.0;32.0;8287.9235;283277.4574;15.5488;2563.7886;0.0;4.5656;288.0336;0.0184
244186;0.0;0.0;0.0;0.0;0.0;0.0;24.0;21184.6973;97815.3254;0.0;60.9614;0.0;0.0;21.7511;0.0
289025;0.0;0.0;0.0;0.0;0.0;0.0;25.0;0.0;0.0;0.5759;0.0;0.0;0.4151;11.3363;0.0095
75261;0.0;0.0;0.0;1.0633;0.0;0.0;0.0;73620.0241;152846.4995;3.4553;3.4632;0.0;1.2452;60.0845;0.0138
58886;0.0;0.0;0.0;0.0;0.0;0.0;18.0;34.968;149204.5754;0.0;325.5827;0.0;0.4151;39.9208;0.0381
38356;0.0;0.0;0.0;0.0;0.0;0.0;7.0;17997.976;206730.207;0.0;51.3074;0.0;1.2452;56.7785;0.0187
150705;0.0;0.0;0.0;0.0;0.0;0.0;3.0;439.9072;15133.543;4.0312;739.7216;0.0;2.9054;230.8354;0.0251
108682;0.0;0.0;0.0;0.0;0.0;0.0;0.0;24089.9149;0.0;8.0623;1100.8896;0.0;0.8301;53.0081;0.0244
92997;0.0;0.0;0.0;0.0;0.0;0.0;38.0;119.6363;1076758.7187;5.1829;1254.8347;0.0;1.2452;37.0815;0.0128
281805;0.0;0.0;0.0;2.1266;0.0;0.0;0.0;9272.3659;338280.9956;6.9106;1628.3408;0.0;0.8301;107.915;0.0368
279006;0.0;0.0;0.0;0.0;0.0;0.0;6.0;2423.0953;51052.0416;7.4865;1865.0069;0.0;0.4151;37.9339;0.0294
191246;0.0;0.0;0.0;0.0;0.0;0.0;87.0;24093.1668;11829.9887;0.5759;66.4572;0.0;1.2452;59.6186;0.0172
204546;0.0;0.0;0.0;0.0;0.0;0.0;0.0;0.0;162809.4877;2.3035;66.7376;0.0;0.8301;50.1975;0.0223
269873;0.0;0.0;0.0;0.0;0.0;0.0;24.0;6373.2455;134696.7365;4.6071;533.0594;0.0;0.8301;64.2678;0.0271
143151;0.0;0.0;0.0;0.0;0.0;0.0;27.0;0.0;31320.5726;0.0;176.2634;0.0;0.0;0.0;0.0
93381;0.0;0.0;0.0;0.0;0.0;0.0;84.0;10583.9145;487331.0068;2.8794;482.5856;0.0;2.0753;214.0168;0.0232
242925;0.0;0.0;0.0;0.0;0.0;0.0;6.0;754.5129;13047.7899;2.3035;0.0;0.0;0.4151;48.087;0.0471
49286;0.0;0.0;0.0;0.0;0.0;0.0;134.0;114124.155;0.0;4.6071;286.2986;0.0;0.4151;30.3042;0.033
244016;0.0;0.0;0.0;0.0;0.0;0.0;7.0;9643.0364;0.0;0.5759;95.6198;0.0;0.0;0.0;0.009
95080;0.0;0.0;0.0;0.0;0.0;0.0;16.0;1142.1361;46725.9183;8.6382;785.4284;0.0;3.3205;283.5727;0.0209
153532;0.0;0.0;0.0;0.0;0.0;0.0;40.0;0.0;0.0;7.4865;0.0;0.0;0.4151;27.792;0.0268
168477;0.0;0.0;0.0;0.0;0.0;0.0;12.0;0.0;7048298.812;0.5759;121.9783;0.0;0.8301;12.25;0.0057
98111;0.0;0.0;0.0;0.0;0.0;0.0;49.0;0.0;924849.3835;0.0;16.3638;0.0;0.4151;2.3028;0.0023
288378;0.0;0.0;0.0;0.0;0.0;0.0;9.0;3023.4605;70798.8539;19.58;1512.2511;0.0;0.4151;50.3039;0.0358
210223;0.0;0.0;0.0;0.0;0.0;0.0;12.0;2988.3039;161839.926;4.0312;248.1628;0.0;3.7355;333.499;0.0242
198606;0.0;0.0;0.0;2.1266;0.0;0.0;6.0;435.3999;15646.3037;62.1952;2079.2401;0.0;3.7355;397.7284;0.0315
105867;0.0;0.0;0.0;0.0;0.0;0.0;72.0;22558.1182;182794.9784;0.5759;152.2626;0.0;0.8301;42.2308;0.0233
293695;0.0;0.0;0.0;0.0;0.0;0.0;6.0;3009.0373;56779.1852;0.0;0.0;0.0;0.0;0.0;0.0
133496;0.0;0.0;0.0;0.0;0.0;0.0;15.0;17685.5326;0.0;0.0;0.0;0.0;0.0;4.9632;0.0
205604;0.0;0.0;0.0;0.0;0.0;0.0;7.0;0.0;419162.1992;0.5759;261.7376;0.0;0.0;0.0;0.007
86883;0.0;0.0;0.0;0.0;0.0;0.0;7.0;1267.4375;27173.1662;2.3035;541.4717;0.0;0.8301;40.6981;0.0216
35986;0.0;0.0;0.0;0.0;0.0;0.0;78.0;1218.8961;1078289.3306;0.0;180.7039;0.0;1.2452;53.3142;0.0154
413384;0.0;0.0;0.0;0.0;0.0;0.0;6.0;31891.6544;0.0;0.0;0.0;0.0;0.0;0.0;0.0109
112492;0.0;0.0;0.0;0.0;0.0;0.0;37.0;0.0;74184.949;1.1518;235.264;0.0;2.4904;73.4812;0.0121
16969;0.0;0.0;0.0;2.1266;0.0;0.0;47.0;5485.6967;764151.7484;0.5759;0.5608;0.0;1.6602;134.753;0.0369
334757;0.0;0.0;0.0;0.0;0.0;0.0;6.0;2840.4663;54422.0633;1.7276;72.6262;0.0;0.0;0.0;0.0
190486;0.0;0.0;0.0;0.0;0.0;0.0;21.0;25146.2796;1015262.4917;0.0;73.1214;0.0;0.0;49.9245;0.0
173076;0.0;0.0;0.0;0.0;0.0;0.0;7.0;64749.1333;0.0;0.0;24.2012;0.0;0.4151;6.6226;0.0066
256618;0.0;0.0;0.0;0.0;0.0;0.0;0.0;114825.838;0.0;0.0;41.3789;0.0;0.0;0.0;0.0051
37398;0.0;0.0;0.0;1.0633;0.0;0.0;28.0;114721.7375;630163.2323;1.1518;9.8143;0.0;0.4151;30.5163;0.031
71235;0.0;0.0;0.0;0.0;0.0;0.0;22.0;40531.352;3119.0436;0.0;0.0;0.0;0.8301;42.3085;0.0174
83029;0.0;0.0;0.0;0.0;0.0;0.0;53.0;11939.694;285120.2408;14.397;3471.1953;0.0;2.0753;62.747;0.0111
244983;0.0;0.0;0.0;0.0;0.0;0.0;139.0;16548.9739;39022.1095;0.0;2151.7921;0.0;0.0;103.2307;0.0026
171035;0.0;0.0;0.0;0.0;0.0;0.0;15.0;17685.5326;287761.6444;2.3035;323.5931;0.0;0.8301;12.25;0.0057
105325;0.0;0.0;0.0;0.0;0.0;0.0;193.0;78.4659;335844.6921;2.3035;22.6478;0.0;0.0;67.0369;0.0
311497;0.0;0.0;0.0;0.0;0.0;0.0;3.0;1681.2027;36792.5586;2.3035;393.4152;0.0;0.4151;46.1253;0.0349
329317;0.0;0.0;0.0;0.0;0.0;0.0;34.0;4335.069;156950.5547;8.6382;1810.3269;0.0;1.6602;279.1302;0.0456
86723;0.0;0.0;0.0;0.0;0.0;0.0;10.0;2789.0837;55633.7565;2.8794;701.3054;0.0;0.0;0.0;0.0
178743;0.0;0.0;0.0;1.0633;0.0;0.0;0.0;8955.6485;226618.3626;1.7276;0.0;0.0;0.0;77.4038;0.0
215302;0.0;0.0;0.0;1.0633;0.0;0.0;40.0;73754.7739;0.0;3.4553;191.8004;0.0;0.8301;113.3708;0.0464
156950;0.0;0.0;0.0;0.0;0.0;0.0;10.0;1234.0839;66149.2969;17.8523;3572.7037;0.0;2.0753;333.6939;0.023
17535;0.0;0.0;0.0;1.0633;0.0;0.0;15.0;5521.9362;1268.3057;0.0;0.0522;0.0;0.0;0.0;0.0
354522;0.0;0.0;0.0;0.0;0.0;0.0;50.0;13800.8891;467057.3799;0.0;1338.4381;0.0;0.0;4.9711;0.0
393845;0.0;0.0;0.0;0.0;0.0;0.0;71.0;6035.3014;137495.2652;0.0;21.8616;0.0;0.0;0.0;0.0
117848;0.0;0.0;0.0;0.0;0.0;0.0;7.0;8435.2431;26458.8824;5.7588;0.0;0.0;0.0;14.4811;0.0
314527;0.0;0.0;0.0;0.0;0.0;0.0;41.0;8920.7408;216350.3419;10.3659;1819.5805;0.0;1.2452;158.2565;0.037
317360;0.0;0.0;0.0;0.0;0.0;0.0;37.0;10252.1812;276226.6022;47.7982;3016.0899;0.0;2.9054;247.5534;0.0314
347066;0.0;0.0;0.0;0.0;0.0;0.0;13.0;3216.3706;88530.9108;5.7588;1523.1871;0.0;0.8301;90.6659;0.0374
421086;0.0;0.0;0.0;0.0;0.0;0.0;0.0;1119.9428;4788.914;0.0;0.0;0.0;0.0;8.2763;0.0
188476;0.0;0.0;0.0;0.0;0.0;0.0;34.0;3880.7386;77665.1153;14.9729;2896.9157;0.0;1.2452;80.1667;0.0203
279512;0.0;0.0;0.0;1.0633;0.0;0.0;25.0;18737.0873;711981.0043;0.0;739.3495;0.0;0.0;0.0;0.0093
195980;0.0;0.0;0.0;1.0633;0.0;0.0;22.0;0.0;272249.02;0.0;0.0;0.0;0.4151;25.2782;0.0128
32838;0.0;0.0;0.0;0.0;0.0;0.0;27.0;0.0;373575.1213;1.1518;68.7769;0.0;0.0;0.0;0.0106
204928;0.0;0.0;0.0;0.0;0.0;0.0;21.0;476.8666;11537.9066;0.5759;0.7889;0.0;0.4151;13.6935;0.0099
280516;0.0;0.0;0.0;0.0;0.0;0.0;47.0;11104.9521;298109.6548;3.4553;850.7639;0.0;1.2452;166.0699;0.0381
217384;0.0;0.0;0.0;0.0;0.0;0.0;59.0;0.0;23369.7588;10.3659;2608.0934;0.0;0.8301;33.5728;0.0146
138820;0.0;0.0;0.0;0.0;0.0;0.0;47.0;1693.9165;247743.0083;0.0;74.7262;0.0;0.0;0.0;0.0049
88797;0.0;0.0;0.0;0.0;0.0;0.0;91.0;26093.3472;482859.7328;44.9187;2062.9763;0.0;3.7355;205.0105;0.0199
290536;0.0;0.0;0.0;0.0;0.0;0.0;0.0;0.0;61072.9426;0.0;139.8629;0.0;0.0;0.0;0.0142
139269;0.0;0.0;0.0;1.0633;0.0;0.0;18.0;7486.5352;208641.5751;39.7358;662.6088;0.0;4.1506;325.8911;0.0242
370816;0.0;0.0;0.0;0.0;0.0;0.0;37.0;7476.6127;2971825.4247;0.0;0.0;0.0;0.0;0.0;0.0125
36103;0.0;0.0;0.0;0.0;0.0;0.0;9.0;114817.7088;7830.4144;0.0;0.0;0.0;0.4151;9.6889;0.0072
261210;0.0;0.0;0.0;0.0;0.0;0.0;81.0;0.0;722176.9158;0.5759;149.1781;0.0;0.4151;20.1936;0.0185
414316;0.0;0.0;0.0;0.0;0.0;0.0;0.0;18551.8995;2611286.7287;4.0312;286.1546;0.0;0.0;7.0378;0.0092
38462;0.0;0.0;0.0;0.0;0.0;0.0;7.0;16574.0842;35680.4271;9.79;0.0;0.0;0.0;25.3067;0.0
401017;0.0;0.0;0.0;0.0;0.0;0.0;127.0;54618.4868;438751.884;0.0;30.6652;0.0;0.0;61.6181;0.0042
141277;0.0;0.0;0.0;0.0;0.0;0.0;24.0;17699.9205;1001695.748;0.0;47.8076;0.0;0.8301;29.1389;0.0339
217559;0.0;0.0;0.0;0.0;0.0;0.0;74.0;0.0;14625.594;0.5759;153.9451;0.0;0.8301;23.2774;0.011
251516;0.0;0.0;0.0;0.0;0.0;0.0;16.0;4765.0602;97276.2432;11.5176;1790.1374;0.0;0.4151;20.6409;0.018
236927;0.0;0.0;0.0;0.0;0.0;0.0;47.0;3712.1676;87415.4589;4.0312;184.5098;0.0;2.4904;266.5444;0.033
339391;0.0;0.0;0.0;0.0;0.0;0.0;34.0;2381.6287;72288.2268;0.0;87.0833;0.0;0.8301;177.6472;0.0625
238280;0.0;0.0;0.0;0.0;0.0;0.0;0.0;6888.1474;146330.5277;9.79;2183.5526;0.0;0.4151;10.8077;0.0091
78911;0.0;0.0;0.0;0.0;0.0;0.0;71.0;9533.7262;228921.6586;0.5759;104.5929;0.0;4.5656;331.8087;0.0238
372002;0.0;0.0;0.0;0.0;0.0;0.0;3.0;18.029;427.5636;11.5176;2197.0123;0.0;0.8301;80.0605;0.0266
61665;0.0;0.0;0.0;0.0;0.0;0.0;0.0;2279.5263;456175.6323;2.3035;0.0;0.0;2.9054;226.7628;0.0337
50568;0.0;0.0;0.0;0.0;0.0;0.0;22.0;6961.8918;200795.5462;63.347;13952.0797;0.0;3.3205;168.7495;0.0167
328468;0.0;0.0;0.0;0.0;0.0;0.0;9.0;966.3535;25153.6776;0.5759;130.6711;0.0;1.6602;106.7309;0.02
155433;0.0;0.0;0.0;0.0;0.0;0.0;9.0;26149.4013;0.0;0.0;54.929;0.0;0.0;0.0;0.0
365448;0.0;0.0;0.0;0.0;0.0;0.0;0.0;0.0;127362.8854;10.9417;222.4538;0.0;0.0;0.0;0.0082
134841;0.0;0.0;0.0;0.0;0.0;0.0;49.0;9055.9582;243236.3621;10.3659;2205.1442;0.0;3.3205;98.6949;0.0106
25971;0.0;0.0;0.0;0.0;0.0;0.0;12.0;22760.3378;432880.4359;0.5759;3.9257;0.0;0.8301;31.873;0.0154
69276;0.0;0.0;0.0;0.0;0.0;0.0;0.0;24494.8866;225185.7397;36.8564;4770.6152;0.0;1.6602;147.5871;0.0186
214086;0.0;0.0;0.0;0.0;0.0;0.0;9.0;214.5449;4005.845;0.5759;0.0;0.0;2.4904;163.8672;0.0219
237763;0.0;0.0;0.0;0.0;0.0;0.0;0.0;0.0;0.0;0.0;0.0;0.0;0.0;21.0632;0.0
343424;0.0;0.0;0.0;0.0;0.0;0.0;87.0;0.0;0.0;12.6694;0.0;0.0;0.8301;85.9535;0.0312
118959;0.0;0.0;0.0;0.0;0.0;0.0;49.0;8234.738;291664.6462;23.6111;4666.8635;0.0;5.3958;365.4038;0.0209
113670;0.0;0.0;0.0;1.0633;0.0;0.0;35.0;23493.5678;762857.0989;219.4108;8256.6723;0.0;4.9807;413.8255;0.0281
121110;0.0;0.0;0.0;0.0;0.0;0.0;298.0;13681.114;0.0;0.5759;402.0551;0.0;0.0;0.0;0.0
252798;0.0;0.0;0.0;0.0;0.0;0.0;29.0;7118.0742;475941.6726;0.0;75.5615;0.0;0.0;76.5984;0.0
335586;0.0;0.0;0.0;0.0;0.0;0.0;15.0;4584.7704;111254.8911;1.1518;0.0;0.0;0.4151;36.847;0.0251
18272;0.0;0.0;0.0;1.0633;0.0;0.0;0.0;0.0;3156185.2278;17.2764;1733.2142;0.0;1.2452;47.8874;0.0212
95531;0.0;0.0;0.0;0.0;0.0;0.0;6.0;2616.9069;77818.1547;3.4553;470.2476;0.0;0.0;0.0;0.0084
38539;0.0;0.0;0.0;0.0;0.0;0.0;6.0;1403.5563;51886.6584;5.7588;654.4769;0.0;5.8108;487.4954;0.0261
237129;0.0;0.0;0.0;0.0;0.0;0.0;34.0;7234.1294;215140.2264;14.9729;2564.6298;0.0;1.6602;146.9955;0.0264
243598;0.0;0.0;0.0;2.1266;0.0;0.0;52.0;18446.354;400437.7751;25.9147;6081.8124;0.0;1.2452;118.0115;0.0291
421604;0.0;0.0;0.0;0.0;0.0;0.0;0.0;4964.0569;3156185.2278;0.0;0.0;0.0;0.0;0.0;0.0
298202;0.0;0.0;0.0;0.0;0.0;0.0;13.0;2871.1155;72739.4563;0.5759;155.3471;0.0;0.4151;56.8945;0.043
280835;0.0;0.0;0.0;1.0633;0.0;0.0;6.0;89235.205;58788.1882;1.7276;332.2858;0.0;0.0;36.8223;0.0098
247363;0.0;0.0;0.0;0.0;0.0;0.0;91.0;57560.07;337714.4345;2.3035;332.5663;0.0;0.0;0.0;0.0
369593;0.0;0.0;0.0;0.0;0.0;0.0;9.0;5844.9963;150014.8734;40.3117;983.6783;0.0;0.8301;127.5881;0.0447
254132;0.0;0.0;0.0;0.0;0.0;0.0;0.0;66996.42;10476.1224;0.0;0.0;0.0;0.0;71.1635;0.0
226945;0.0;0.0;0.0;0.0;0.0;0.0;10.0;0.0;998368.1157;0.0;47.4719;0.0;0.0;0.0;0.0064
165662;0.0;0.0;0.0;0.0;0.0;0.0;24.0;66996.42;0.0;1.7276;300.0387;0.0;0.0;0.0;0.0
196111;0.0;0.0;0.0;0.0;0.0;0.0;41.0;0.0;984164.1873;0.0;112.959;0.0;0.0;0.5836;0.0101
87114;0.0;0.0;0.0;0.0;0.0;0.0;9.0;1344.9621;26534.1874;1.1518;273.9606;0.0;0.4151;22.8128;0.0213
60019;0.0;0.0;0.0;0.0;0.0;0.0;7.0;113.7659;409804.0943;6.3347;1178.2828;0.0;1.6602;48.664;0.0119
233009;0.0;0.0;0.0;0.0;0.0;0.0;0.0;7679.0833;409969.5472;1.1518;186.1922;0.0;0.4151;11.3363;0.0095
374501;0.0;0.0;0.0;0.0;0.0;0.0;21.0;4606.4052;129938.3164;2.8794;135.7184;0.0;1.2452;166.2504;0.0356
31514;0.0;0.0;0.0;0.0;0.0;0.0;0.0;18811.8032;1124224.8427;1.7276;87.4879;0.0;0.8301;63.7662;0.0262
88650;0.0;0.0;0.0;0.0;0.0;0.0;13.0;3541.7937;56122.8514;3.4553;427.0644;0.0;1.2452;88.7668;0.0316
355836;0.0;0.0;0.0;0.0;0.0;0.0;7.0;45690.6948;368661.9942;0.0;0.0;0.0;0.0;0.0;0.0102
262025;0.0;0.0;0.0;0.0;0.0;0.0;0.0;148044.3857;1120977.638;0.0;120.2694;0.0;0.0;40.5287;0.0039
325486;0.0;0.0;0.0;0.0;0.0;0.0;10.0;53043.4293;97389.6666;0.0;0.0;0.0;0.4151;23.3681;0.0406
332058;0.0;0.0;0.0;0.0;0.0;0.0;9.0;3238.0054;77041.9137;2.8794;740.8432;0.0;0.4151;63.6334;0.0484
11272;0.0;0.0;0.0;0.0;0.0;0.0;13.0;0.0;0.0;14.9729;226.2901;0.0;2.9054;144.968;0.0156
82842;0.0;0.0;0.0;0.0;0.0;0.0;19.0;5590.7876;105529.3253;4.0312;646.345;0.0;0.4151;24.9228;0.0213
115824;0.0;0.0;0.0;2.1266;0.0;0.0;53.0;6991.9819;0.0;0.0;681.0698;0.0;1.6602;136.5885;0.0316
236553;0.0;0.0;0.0;0.0;0.0;0.0;18.0;7915.625;138579.519;4.0312;1096.6835;0.0;0.8301;10.151;0.0048
360338;0.0;0.0;0.0;0.0;0.0;0.0;3.0;614.7883;16196.9299;0.0;26.8757;0.0;0.4151;31.1506;0.023
36630;0.0;0.0;0.0;1.0633;0.0;0.0;68.0;0.0;0.0;0.0;72.6591;0.0;0.4151;33.0951;0.0322
301410;0.0;0.0;0.0;0.0;0.0;0.0;0.0;32672.025;3274.888;0.0;0.0;0.0;0.4151;23.3681;0.0406
361130;0.0;0.0;0.0;0.0;0.0;0.0;158.0;22156.7685;0.0;0.0;0.0;0.0;0.0;8.9358;0.0
156291;0.0;0.0;0.0;1.0633;0.0;0.0;0.0;41236.3047;374973.8791;0.0;42.7154;0.0;0.0;14.2659;0.0
202108;0.0;0.0;0.0;0.0;0.0;0.0;77.0;0.0;3802.6326;0.0;0.0;0.0;0.4151;8.4332;0.0169
101083;0.0;0.0;0.0;0.0;0.0;0.0;55.0;5317.1577;1717.6156;0.5759;146.9348;0.0;1.6602;53.8753;0.0145
227850;0.0;0.0;0.0;0.0;0.0;0.0;0.0;0.0;44722.0692;0.5759;0.0;0.0;1.6602;121.5574;0.0255
380924;0.0;0.0;0.0;0.0;0.0;0.0;10.0;11175.8532;14625.594;1.1518;0.0;0.0;0.0;0.0;0.008
164997;0.0;0.0;0.0;0.0;0.0;0.0;12.0;0.0;23369.7588;0.0;46.9342;0.0;0.0;54.2584;0.0
110927;0.0;0.0;0.0;0.0;0.0;0.0;57.0;0.0;2512895.5657;6.3347;396.7801;0.0;0.8301;45.7771;0.0242
383470;0.0;0.0;0.0;0.0;0.0;0.0;0.0;13563.6841;46464.9032;6.3347;17.1587;0.0;0.0;0.0;0.0
376786;0.0;0.0;0.0;0.0;0.0;0.0;6.0;0.0;158203.5472;0.0;49.7908;0.0;0.0;15.3814;0.004
200862;0.0;0.0;0.0;2.1266;0.0;0.0;22.0;13650.6445;373479.1795;35.7046;1881.2707;0.0;3.3205;344.3749;0.0309
244745;0.0;0.0;0.0;0.0;0.0;0.0;18.0;6244.3383;119697.3002;0.0;0.0;0.0;2.0753;125.5597;0.0217
13285;0.0;0.0;0.0;0.0;0.0;0.0;40.0;21595.5692;3150589.6638;4.6071;745.0494;0.0;0.4151;31.4483;0.0322
209663;0.0;0.0;0.0;0.0;0.0;0.0;0.0;12178.2297;2079505.3491;21.3076;4562.551;0.0;1.2452;69.4099;0.0195
362637;0.0;0.0;0.0;0.0;0.0;0.0;0.0;0.0;1984832.9213;0.0;214.0615;0.0;0.0;0.0;0.0
179385;0.0;0.0;0.0;0.0;0.0;0.0;46.0;21765.1998;1105873.4958;4.0312;655.0377;0.0;0.8301;29.5646;0.0131
76880;0.0;0.0;0.0;0.0;0.0;0.0;194.0;65786.067;0.0;0.0;0.0;0.0;0.0;4.1476;0.0049
348893;0.0;0.0;0.0;0.0;0.0;0.0;40.0;33275.1156;0.0;0.5759;18.4544;0.0;0.0;21.6191;0.0045
111098;0.0;0.0;0.0;0.0;0.0;0.0;60.0;0.0;166589.5;1.1518;0.0;0.0;0.4151;28.3197;0.031
26264;0.0;0.0;0.0;0.0;0.0;0.0;0.0;0.0;69629.0106;12.0935;0.0;0.0;0.0;0.0;0.0
377984;0.0;0.0;0.0;0.0;0.0;0.0;7.0;41736.5341;14625.594;0.0;0.0;0.0;0.0;0.0;0.0
313855;0.0;0.0;0.0;0.0;0.0;0.0;144.0;2549.4859;277737.91;6.9106;24.3192;0.0;0.0;21.9839;0.0
216013;0.0;0.0;0.0;1.0633;0.0;0.0;60.0;0.0;0.0;0.0;0.0;0.0;0.0;7.6286;0.0
6359;0.0;0.0;0.0;0.0;0.0;0.0;16.0;4639.7588;177508.3179;25.3388;2758.9539;0.0;4.5656;429.3639;0.0253
59002;0.0;0.0;0.0;0.0;0.0;0.0;13.0;2449.2373;69232.1725;27.6423;4390.3793;0.0;4.1506;365.216;0.0353
131532;0.0;0.0;0.0;0.0;0.0;0.0;6.0;0.0;1024923.4515;2.3035;0.0;0.0;0.0;0.0;0.0033
133414;0.0;0.0;0.0;0.0;0.0;0.0;9.0;17313.9637;486167.1911;0.5759;26.0043;0.0;0.0;29.1831;0.0225
406783;0.0;0.0;0.0;0.0;0.0;0.0;28.0;0.0;703155.3411;0.0;109.1105;0.0;0.0;25.0417;0.0153
403707;0.0;0.0;0.0;0.0;0.0;0.0;7.0;4400.8748;149667.7738;8.6382;1397.5634;0.0;0.0;0.0;0.0082
407580;0.0;0.0;0.0;0.0;0.0;0.0;0.0;54717.3883;143146.4145;0.0;0.0;0.0;0.0;0.0;0.0
263863;0.0;0.0;0.0;0.0;0.0;0.0;13.0;6235.3238;177547.761;59.8917;4150.6287;0.0;2.9054;251.0806;0.0296
248659;0.0;0.0;0.0;0.0;0.0;0.0;0.0;0.0;34250.0639;0.0;8.8994;0.0;0.0;0.0;0.0
242001;0.0;0.0;0.0;0.0;0.0;0.0;7.0;4995.8312;95588.0769;5.1829;570.9147;0.0;0.8301;17.5204;0.0075
372051;0.0;0.0;0.0;0.0;0.0;0.0;13.0;7115.1382;173401.4984;16.7006;4286.908;0.0;0.8301;80.0605;0.0266
307695;0.0;0.0;0.0;0.0;0.0;0.0;31.0;16017.85;431384.8607;102.5069;1821.8237;0.0;1.6602;133.7873;0.0276
157976;0.0;0.0;0.0;1.0633;0.0;0.0;68.0;97920.1719;3425.5272;1.7276;248.7237;0.0;0.8301;9.9662;0.005
36244;0.0;0.0;0.0;0.0;0.0;0.0;0.0;22913.9617;763810.1871;0.5759;113.2856;0.0;1.2452;55.0372;0.0132
6644;0.0;0.0;0.0;0.0;0.0;0.0;74.0;259.9394;0.0;19.0041;2888.2229;0.0;2.0753;105.3862;0.0122
245037;0.0;0.0;0.0;0.0;0.0;0.0;10.0;4870.5298;95674.8518;5.7588;1008.6348;0.0;0.8301;17.5204;0.0075
229028;0.0;0.0;0.0;0.0;0.0;0.0;53.0;12219.1433;328349.9194;24.187;3454.6511;0.0;3.3205;261.4912;0.0244
146065;0.0;0.0;0.0;0.0;0.0;0.0;69.0;24193.9938;487637.0856;20.1558;2760.9168;0.0;2.9054;201.6912;0.0229
220745;0.0;0.0;0.0;0.0;0.0;0.0;32.0;8268.9931;159744.7065;16.1247;2820.6441;0.0;1.2452;40.9005;0.0121
94294;0.0;0.0;0.0;0.0;0.0;0.0;22.0;17888.0873;9735.1273;0.0;131.7891;0.0;0.0;0.0;0.0
418854;0.0;0.0;0.0;0.0;0.0;0.0;66.0;0.0;730241.5353;0.0;0.0;0.0;0.0;16.7889;0.0057
98784;0.0;0.0;0.0;0.0;0.0;0.0;3.0;348.8608;5976.4242;2.8794;587.7393;0.0;2.0753;53.8246;0.0104
256275;0.0;0.0;0.0;0.0;0.0;0.0;25.0;0.0;0.0;0.0;0.0;0.0;0.0;10.821;0.0
127519;0.0;0.0;0.0;0.0;0.0;0.0;18.0;1675.794;38996.6411;1.1518;191.8004;0.0;4.1506;228.1174;0.0194
378861;0.0;0.0;0.0;1.0633;0.0;0.0;6.0;2823.3387;85692.5826;7.4865;255.7339;0.0;0.4151;2.3201;0.0012
190605;0.0;0.0;0.0;0.0;0.0;0.0;0.0;54015.9525;531475.003;1.7276;0.0;0.0;0.0;0.0;0.0067
322792;0.0;0.0;0.0;0.0;0.0;0.0;50.0;30375.8888;248550.2599;0.0;75.9377;0.0;0.0;0.0;0.0
193973;0.0;0.0;0.0;0.0;0.0;0.0;31.0;10653.3261;247715.5248;4.0312;945.5425;0.0;1.2452;82.5857;0.0235
183497;0.0;0.0;0.0;0.0;0.0;0.0;0.0;0.0;63863.1443;0.5759;107.9578;0.0;0.4151;8.2148;0.0074
418754;0.0;0.0;0.0;0.0;0.0;0.0;3.0;18.029;473.3176;0.0;0.0;0.0;0.0;0.0;0.0
112200;0.0;0.0;0.0;1.0633;0.0;0.0;38.0;3132.5358;87844.6002;6.9106;1334.1908;0.0;4.9807;336.2663;0.0221
194924;0.0;0.0;0.0;0.0;0.0;0.0;21.0;0.0;1733429.7186;0.0;338.5609;0.0;0.0;0.0;0.0079
44856;0.0;0.0;0.0;0.0;0.0;0.0;15.0;434.4985;11089.8325;2.3035;380.236;0.0;2.4904;95.9568;0.0131
15369;0.0;0.0;0.0;0.0;0.0;0.0;0.0;2615.0205;102649.595;0.5759;90.0116;0.0;1.6602;56.3248;0.0138
63951;0.0;0.0;0.0;0.0;0.0;0.0;46.0;0.0;728004.4561;0.0;155.2334;0.0;0.4151;30.3042;0.033
404211;0.0;0.0;0.0;0.0;0.0;0.0;25.0;6093.4467;168290.4853;0.0;84.4973;0.0;0.0;22.9986;0.0118
216437;0.0;0.0;0.0;0.0;0.0;0.0;12.0;2653.8663;67237.9275;2.8794;564.4653;0.0;1.2452;30.9373;0.0086
350119;0.0;0.0;0.0;0.0;0.0;0.0;3.0;680.5941;21234.6075;1.1518;252.369;0.0;1.2452;45.9025;0.0105
35702;0.0;0.0;0.0;0.0;0.0;0.0;22.0;19114.7545;1229377.5318;1.7276;87.7683;0.0;2.9054;144.8582;0.0156
164517;0.0;0.0;0.0;0.0;0.0;0.0;37.0;26164.257;11382.0388;1.1518;185.6314;0.0;0.0;7.366;0.0
377950;0.0;0.0;0.0;0.0;0.0;0.0;9.0;8897.3031;208313.4082;24.187;875.44;0.0;0.4151;20.7199;0.0149
7101;0.0;0.0;0.0;1.0633;0.0;0.0;214.0;92631.3468;728004.4561;0.0;0.0;0.0;1.2452;70.5144;0.0205
35669;0.0;0.0;0.0;0.0;0.0;0.0;38.0;43920.6972;509684.5561;0.0;643.1027;0.0;0.8301;36.6419;0.0154
222650;0.0;0.0;0.0;0.0;0.0;0.0;7.0;2692.6286;57828.3726;0.0;0.0;0.0;0.4151;15.1197;0.0136
199987;0.0;0.0;0.0;0.0;0.0;0.0;6.0;1249.4085;23476.5554;2.8794;607.0876;0.0;0.8301;32.9421;0.0154
285556;0.0;0.0;0.0;0.0;0.0;0.0;37.0;854.9878;764399.1584;1.7276;269.7544;0.0;0.0;22.3895;0.0059
39369;0.0;0.0;0.0;0.0;0.0;0.0;50.0;63969.4228;44722.0692;3.4553;515.674;0.0;1.2452;67.5271;0.0182
38599;0.0;0.0;0.0;0.0;0.0;0.0;106.0;0.0;168290.4853;5.7588;894.7883;0.0;0.4151;32.2867;0.031
315139;0.0;0.0;0.0;0.0;0.0;0.0;12.0;42658.4544;355123.0734;0.0;0.0;0.0;0.0;40.5368;0.0
361131;0.0;0.0;0.0;0.0;0.0;0.0;12.0;396.6376;13838.2303;0.0;736.1029;0.0;0.8301;90.6658;0.0265
254332;0.0;0.0;0.0;0.0;0.0;0.0;47.0;6834.8406;0.0;6.9106;201.8952;0.0;1.2452;161.3234;0.0393
389680;0.0;0.0;0.0;0.0;0.0;0.0;69.0;14349.1905;0.0;2.3035;151.4214;0.0;0.0;0.0;0.0
366988;0.0;0.0;0.0;0.0;0.0;0.0;0.0;561.0171;193091.4503;0.0;561.02;0.0;0.0;35.6188;0.0121
322882;0.0;0.0;0.0;0.0;0.0;0.0;27.0;9484.1465;180483.9082;3.4553;234.1423;0.0;1.2452;79.4656;0.0209
396019;0.0;0.0;0.0;0.0;0.0;0.0;0.0;20172.1462;223502.9598;0.0;0.0;0.0;0.0;0.0;0.0
360467;0.0;0.0;0.0;0.0;0.0;0.0;25.0;0.0;1445617.7869;0.0;0.0;0.0;0.0;0.0;0.0055
99406;0.0;0.0;0.0;1.0633;0.0;0.0;37.0;9681.5639;323034.5622;25.9147;3799.8358;0.0;4.1506;222.4838;0.0186
230543;0.0;0.0;0.0;0.0;0.0;0.0;53.0;18452.6641;412827.6534;9.79;1494.0245;0.0;2.9054;250.7407;0.0264
202502;0.0;0.0;0.0;0.0;0.0;0.0;10.0;2341.9649;52255.8462;1.7276;446.6931;0.0;1.2452;44.0915;0.0142
304619;0.0;0.0;0.0;0.0;0.0;0.0;0.0;10629.7826;1276325.8638;13.8212;292.4676;0.0;0.0;0.0;0.0
219006;0.0;0.0;0.0;0.0;0.0;0.0;0.0;644.7929;0.0;0.0;79.4547;0.0;0.0;0.0;0.0082
276766;0.0;0.0;0.0;0.0;0.0;0.0;35.0;4114.2139;166912.3135;6.9106;1311.758;0.0;1.6602;256.0384;0.0485
203360;0.0;0.0;0.0;0.0;0.0;0.0;0.0;572.3847;224530.0591;0.0;0.0;0.0;0.0;0.0;0.0
277648;0.0;0.0;0.0;0.0;0.0;0.0;9.0;333.5362;6482.8741;0.5759;154.5059;0.0;0.4151;33.487;0.0294
409390;0.0;0.0;0.0;0.0;0.0;0.0;6.0;923.9854;22880.1752;0.5759;91.1332;0.0;0.0;55.4304;0.0086
185453;0.0;0.0;0.0;0.0;0.0;0.0;9.0;3508.4401;62203.4054;0.5759;121.4175;0.0;1.6602;40.9059;0.0091
19929;0.0;0.0;0.0;0.0;0.0;0.0;21.0;0.0;40670.056;0.5759;1.6825;0.0;4.1506;151.5255;0.0141
76390;0.0;0.0;0.0;0.0;0.0;0.0;7.0;5620.528;296071.1776;4.6071;1018.7295;0.0;0.4151;0.0;0.0
159284;0.0;0.0;0.0;0.0;0.0;0.0;52.0;2944.5813;0.0;1.1518;0.0;0.0;0.4151;82.0391;0.074
155744;0.0;0.0;0.0;0.0;0.0;0.0;7.0;0.0;9515.2517;0.5759;84.9642;0.0;1.2452;63.0063;0.0238
284712;0.0;0.0;0.0;0.0;0.0;0.0;41.0;434.9361;3361174.4429;0.0;217.9036;0.0;0.0;0.0;0.0
242149;0.0;0.0;0.0;0.0;0.0;0.0;41.0;0.0;2135770.2179;1.1518;289.9439;0.0;0.0;4.7074;0.0113
75982;0.0;0.0;0.0;1.0633;1.1176;143.4501;34.0;3093.6136;1062310.6956;1.7276;1310.2706;0.0;3.7355;283.3167;0.0231
330466;0.0;0.0;0.0;0.0;0.0;0.0;18.0;0.0;563712.8725;0.0;0.0;0.0;0.0;0.0;0.005
383469;0.0;0.0;0.0;0.0;0.0;0.0;6.0;6686.0484;204795.0803;1.7276;14.8617;0.0;0.0;0.0;0.005
279342;0.0;0.0;0.0;0.0;0.0;0.0;32.0;0.0;0.0;2.3035;255.6436;0.0;0.4151;33.5265;0.0294
348784;0.0;0.0;0.0;0.0;0.0;0.0;12.0;3362.4053;82877.9203;0.0;692.7232;0.0;0.8301;128.8601;0.0456
251810;0.0;0.0;0.0;0.0;0.0;0.0;106.0;86407.8953;0.0;0.0;0.0;0.0;0.0;0.0;0.0
354359;0.0;0.0;0.0;1.0633;0.0;0.0;7.0;590.4492;14808.5315;0.5759;145.5328;0.0;0.0;0.0;0.008
31675;0.0;0.0;0.0;0.0;0.0;0.0;18.0;29730.1542;34250.0639;0.0;10.2949;0.0;3.3205;181.6665;0.0191
311071;0.0;0.0;0.0;0.0;0.0;0.0;7.0;28608.3555;0.0;0.5759;8.9731;0.0;0.4151;92.6116;0.0776
419507;0.0;0.0;0.0;0.0;0.0;0.0;25.0;9909.1271;801445.5814;0.0;0.0;0.0;0.0;18.036;0.0
383517;0.0;0.0;0.0;0.0;0.0;0.0;10.0;2778.2663;88972.6739;6.9106;52.1563;0.0;0.4151;21.1032;0.0144
168743;0.0;0.0;0.0;0.0;0.0;0.0;38.0;17997.976;671019.5262;0.0;0.0;0.0;0.0;25.0834;0.0
416453;0.0;0.0;0.0;0.0;0.0;0.0;12.0;35499.0995;0.0;0.0;0.0;0.0;0.0;7.1873;0.0062
169062;0.0;0.0;0.0;0.0;0.0;0.0;0.0;0.0;58273.5073;2.3035;419.4934;0.0;0.4151;8.5998;0.0078
26196;0.0;0.0;0.0;0.0;0.0;0.0;3.0;67850.8827;1016422.1146;0.0;151.3258;0.0;1.2452;130.0998;0.0356
177673;0.0;0.0;0.0;0.0;0.0;0.0;108.0;2388.3689;0.0;2.8794;130.5315;0.0;0.4151;7.6906;0.0179
366656;0.0;0.0;0.0;0.0;0.0;0.0;6.0;205.5304;6527.0504;0.0;0.0;0.0;0.4151;23.0821;0.0116
35696;0.0;0.0;0.0;1.0633;0.0;0.0;28.0;7438.7584;227310.8009;9.79;2270.1993;0.0;4.5656;297.1479;0.0199
277662;0.0;0.0;0.0;0.0;0.0;0.0;18.0;2679.1069;49329.1654;1.1518;224.0476;0.0;1.2452;132.0266;0.0355
103571;0.0;0.0;0.0;1.0633;0.0;0.0;35.0;37363.3269;63863.1443;0.0;0.0;0.0;0.4151;18.1295;0.0251
216385;0.0;0.0;0.0;0.0;0.0;0.0;16.0;3421.901;92563.5772;0.0;0.0;0.0;1.6602;127.3787;0.0256
362729;0.0;0.0;0.0;0.0;0.0;0.0;0.0;5336.5878;0.0;0.0;17.1943;0.0;0.0;5.4029;0.0071
337874;0.0;0.0;0.0;0.0;0.0;0.0;0.0;23935.8803;13980.2239;0.0;0.0;0.0;0.0;0.0;0.0
264686;0.0;0.0;0.0;0.0;0.0;0.0;3.0;1048.3854;22137.0664;2.3035;194.3241;0.0;0.0;0.0;0.0067
245936;0.0;0.0;0.0;0.0;0.0;0.0;12.0;570.6173;10821.6192;0.5759;151.4214;0.0;0.4151;48.087;0.0471
269870;0.0;0.0;0.0;0.0;0.0;0.0;28.0;4433.3269;90712.9051;2.3035;268.6328;0.0;1.2452;199.282;0.0514
226891;0.0;0.0;0.0;0.0;0.0;0.0;62.0;28669.6888;613982.921;49.5258;6918.8362;0.0;2.9054;236.1505;0.0261
45556;0.0;0.0;0.0;0.0;0.0;0.0;0.0;13589.5086;58371.1356;4.0312;120.5051;0.0;0.0;0.0;0.0
192226;0.0;0.0;0.0;0.0;0.0;0.0;44.0;47735.9039;303056.4335;0.0;317.4144;0.0;0.0;22.9986;0.0035
388289;0.0;0.0;0.0;0.0;0.0;0.0;35.0;5913.9768;201788.5337;0.0;110.1077;0.0;0.0;39.6698;0.0
120319;0.0;0.0;0.0;0.0;0.0;0.0;68.0;13756.8738;0.0;0.0;0.0;0.0;0.0;32.4142;0.0
113413;0.0;0.0;0.0;0.0;0.0;0.0;84.0;0.0;671.6529;2.8794;55.8623;0.0;0.0;16.8929;0.0
112129;0.0;0.0;0.0;0.0;0.0;0.0;43.0;5182.4312;88152.2567;4.0312;1062.7539;0.0;3.3205;158.6958;0.0208
23024;0.0;0.0;0.0;0.0;0.0;0.0;0.0;49966.5223;1652259.2976;6.3347;22.3759;0.0;0.4151;26.7708;0.031
282766;0.0;0.0;0.0;0.0;0.0;0.0;0.0;48022.1603;3507389.8251;0.0;24.0528;0.0;0.0;65.9416;0.0
261950;0.0;0.0;0.0;0.0;0.0;0.0;27.0;0.0;2216.2;0.0;344.3146;0.0;0.0;16.8762;0.0102
31466;0.0;0.0;0.0;0.0;0.0;0.0;7.0;2429.4442;11382.0388;33.977;1915.4807;0.0;0.4151;41.2397;0.031
88967;0.0;0.0;0.0;0.0;0.0;0.0;0.0;175.7147;409969.5472;8.6382;860.5595;0.0;0.0;0.0;0.0
407784;0.0;0.0;0.0;0.0;0.0;0.0;46.0;53093.4137;921338.1518;12.6694;0.0;0.0;0.0;0.3448;0.0
291428;0.0;0.0;0.0;0.0;0.0;0.0;6.0;5872.9412;122043.3781;10.3659;2430.033;0.0;0.0;80.4522;0.0034
317762;0.0;0.0;0.0;0.0;0.0;0.0;88.0;8962.946;0.0;0.0;0.0;0.0;0.0;17.0414;0.0
179446;0.0;0.0;0.0;1.0633;0.0;0.0;87.0;33275.1156;71569.5703;17.2764;2198.6948;0.0;2.0753;76.817;0.0143
401766;0.0;0.0;0.0;0.0;0.0;0.0;57.0;80989.7094;0.0;3.4553;527.0145;0.0;0.0;0.0;0.0103
412438;0.0;0.0;0.0;0.0;0.0;0.0;12.0;109.5909;213498.5909;0.0;0.0;0.0;0.0;0.0;0.0031
298070;0.0;0.0;0.0;0.0;0.0;0.0;12.0;925.7883;12968.9036;0.0;0.0;0.0;0.4151;41.7392;0.0345
190571;0.0;0.0;0.0;1.0633;0.0;0.0;19.0;11007.5956;381038.0624;36.8564;559.6983;0.0;3.7355;367.4551;0.0328
7429;0.0;0.0;0.0;0.0;0.0;0.0;66.0;5931.9619;7048298.812;0.0;28.3972;0.0;0.4151;36.233;0.0349
20098;0.0;0.0;0.0;0.0;0.0;0.0;21.0;0.0;3043.1063;0.5759;112.164;0.0;4.5656;226.5935;0.0212
210205;0.0;0.0;0.0;0.0;0.0;0.0;31.0;10185.7028;730962.3278;0.0;449.6243;0.0;0.0;0.0;0.0
339128;0.0;0.0;0.0;0.0;0.0;0.0;46.0;2262.7946;0.0;0.0;0.0;0.0;0.0;0.0;0.0
303110;0.0;0.0;0.0;1.0633;0.0;0.0;7.0;508.4173;11596.2824;2.3035;360.8877;0.0;0.8301;43.2256;0.0169
146556;0.0;0.0;0.0;0.0;0.0;0.0;0.0;22548.9057;0.0;4.6071;575.9621;0.0;1.2452;107.6618;0.0301
124757;0.0;0.0;0.0;0.0;0.0;0.0;49.0;75.0294;0.0;13.8212;2142.0519;0.0;2.4904;67.7701;0.0117
315592;0.0;0.0;0.0;0.0;0.0;0.0;0.0;14437.0084;703292.0048;4.0312;159.5872;0.0;0.8301;29.3564;0.0119
184658;0.0;0.0;0.0;0.0;0.0;0.0;6.0;33880.8748;64862.5639;0.5759;0.2804;0.0;0.0;51.1438;0.0
313626;0.0;0.0;0.0;1.0633;0.0;0.0;21.0;4633.4486;117692.0111;1.7276;339.5765;0.0;0.4151;77.07;0.0484
287424;0.0;0.0;0.0;0.0;0.0;0.0;50.0;22232.4404;653921.4643;23.0353;5358.3546;0.0;0.8301;93.7413;0.034
53989;0.0;0.0;0.0;0.0;0.0;0.0;34.0;10572.1957;222877.3923;36.8564;6396.9932;0.0;6.2259;499.1282;0.0243
304967;0.0;0.0;0.0;0.0;0.0;0.0;178.0;79304.7861;3560362.5637;0.0;0.0;0.0;0.0;0.0;0.0068
264201;0.0;0.0;0.0;0.0;0.0;0.0;0.0;2871.3859;1897.0658;0.0;8.9096;0.0;0.0;0.0;0.0
260646;0.0;0.0;0.0;0.0;0.0;0.0;21.0;6859.1266;129540.7296;5.1829;330.323;0.0;0.8301;97.1768;0.049
105127;0.0;0.0;110191.6435;0.0;0.0;0.0;0.0;6846.7712;254752.5559;8.6382;1150.8026;0.0;2.9054;162.5886;0.0207
369677;0.0;0.0;0.0;0.0;0.0;0.0;171.0;13244.4491;2509742.033;31.6735;0.0;0.0;0.0;67.9593;0.0
145233;0.0;0.0;0.0;0.0;0.0;0.0;0.0;17106.766;235548.5566;0.0;0.0;0.0;0.8301;27.7861;0.0132
315074;0.0;0.0;0.0;0.0;0.0;0.0;3.0;710.3419;22225.4191;2.3035;155.6275;0.0;0.0;11.4614;0.0
70398;0.0;0.0;0.0;0.0;0.0;0.0;18.0;11743.1938;53023.7492;0.0;0.0;0.0;0.4151;38.9113;0.033
177607;0.0;0.0;0.0;0.0;0.0;0.0;150.0;7255.7512;130751.0667;0.5759;1.9629;0.0;0.4151;6.7556;0.0066
230462;0.0;0.0;0.0;0.0;0.0;0.0;0.0;206.2576;667836.918;0.0;0.0;0.0;0.0;25.3067;0.0156
363755;0.0;0.0;0.0;0.0;0.0;0.0;21.0;73377.8736;697317.467;0.0;26.1526;0.0;0.0;11.809;0.0
257106;0.0;0.0;0.0;0.0;0.0;0.0;0.0;113536.6686;226618.3626;0.0;562.5358;0.0;0.0;17.4438;0.0
14253;0.0;0.0;0.0;0.0;0.0;0.0;6.0;4037.8593;1203461.9013;1.7276;0.0;0.0;0.4151;30.7888;0.031
22353;0.0;0.0;0.0;0.0;0.0;0.0;13.0;0.0;62529.785;11.5176;584.094;0.0;2.9054;134.5187;0.0191
117020;0.0;0.0;0.0;0.0;0.0;0.0;105.0;0.0;21382.2347;0.0;6.3779;0.0;4.5656;216.0955;0.0163
184021;0.0;0.0;0.0;0.0;0.0;0.0;99.0;0.0;2159285.2519;0.0;169.9312;0.0;0.4151;7.4812;0.0
12057;0.0;0.0;0.0;0.0;0.0;0.0;7.0;22634.9989;0.0;0.0;0.0;0.0;0.8301;34.6804;0.0154
359655;0.0;0.0;0.0;0.0;0.0;0.0;3.0;81.1304;2677.4002;5.7588;708.1367;0.0;0.0;25.4242;0.0099
258675;0.0;0.0;0.0;1.0633;0.0;0.0;15.0;8484.4394;364126.4228;40.3117;1246.9832;0.0;3.3205;437.5607;0.0394
26877;0.0;0.0;0.0;0.0;0.0;0.0;29.0;53093.4137;1478.8876;0.0;58.0162;0.0;1.2452;51.5548;0.0212
47895;0.0;0.0;0.0;0.0;0.0;0.0;35.0;11198.7028;285136.0181;46.6464;8502.031;0.0;3.3205;197.1629;0.0191
343701;0.0;0.0;0.0;1.0633;0.0;0.0;0.0;0.0;1115.2229;1.1518;0.0;0.0;0.0;0.0;0.018
147159;0.0;0.0;0.0;0.0;0.0;0.0;7.0;36623.213;0.0;1.1518;23.5544;0.0;0.4151;1.5756;0.0055
98775;0.0;0.0;0.0;0.0;0.0;0.0;6.0;1305.2984;37196.4563;9.2141;1413.5468;0.0;2.9054;128.0473;0.0168
266995;0.0;0.0;0.0;1.0633;0.0;0.0;6.0;1913.7766;28028.2934;14.397;631.7637;0.0;2.0753;278.9681;0.0387
123857;0.0;0.0;0.0;0.0;0.0;0.0;9.0;41833.9735;0.0;0.0;0.0;0.0;0.8301;15.1745;0.0076
389018;0.0;0.0;0.0;0.0;0.0;0.0;100.0;21245.958;10920.1825;4.6071;104.0708;0.0;0.0;0.0;0.0
262684;0.0;0.0;0.0;0.0;0.0;0.0;53.0;1305.2605;1392231.6058;14.397;0.0;0.0;0.4151;1.9613;0.0
232377;0.0;0.0;0.0;0.0;0.0;0.0;18.0;5329.3674;90250.6316;3.4553;825.2466;0.0;2.0753;105.8334;0.0212
45296;0.0;0.0;0.0;0.0;0.0;0.0;0.0;0.0;392622.171;0.0;0.0;0.0;0.0;7.7365;0.0069
107516;0.0;0.0;0.0;0.0;0.0;0.0;21.0;18178.9295;1898741.2917;0.0;17.1587;0.0;0.0;0.0;0.006
292871;0.0;0.0;0.0;0.0;0.0;0.0;99.0;11020.52;0.0;0.0;212.222;0.0;0.0;0.0;0.0
282972;0.0;0.0;0.0;0.0;0.0;0.0;9.0;3646.3618;77390.5911;7.4865;1767.7046;0.0;0.4151;47.2098;0.0345
230262;0.0;0.0;0.0;0.0;0.0;0.0;3.0;1.8029;22.0882;0.0;0.0;0.0;1.2452;16.2165;0.0129
241336;0.0;0.0;0.0;0.0;0.0;0.0;18.0;0.0;0.0;0.0;0.0;0.0;0.4151;10.1714;0.0196
180340;0.0;0.0;0.0;0.0;0.0;0.0;13.0;4599.1936;97847.3798;8.0623;1762.9376;0.0;0.4151;15.1777;0.0153
137453;0.0;0.0;0.0;0.0;0.0;0.0;22.0;0.0;3296.6131;29.37;120.2694;0.0;0.0;0.0;0.0043
370883;0.0;0.0;0.0;1.0633;0.0;0.0;7.0;1185.4056;36994.5074;4.6071;898.4336;0.0;0.8301;73.3948;0.0261
28974;0.0;0.0;0.0;0.0;0.0;0.0;9.0;20214.8;742015.3675;3.4553;448.656;0.0;0.0;0.0;0.0086
346223;0.0;0.0;0.0;0.0;0.0;0.0;71.0;5618.4089;1366984.8558;0.0;0.0;0.0;0.0;0.0;0.0062
143097;0.0;0.0;0.0;0.0;0.0;0.0;34.0;5466.3877;169542.3819;6.3347;1511.6903;0.0;2.9054;187.668;0.0187
262502;0.0;0.0;0.0;0.0;0.0;0.0;37.0;0.0;256884.4488;2.8794;44.1724;0.0;0.0;2.057;0.0
344994;0.0;0.0;0.0;0.0;0.0;0.0;6.0;1269.2404;44414.5505;6.3347;881.8894;0.0;1.2452;190.6425;0.0516
358212;0.0;0.0;0.0;0.0;0.0;0.0;29.0;5649.3818;133576.5514;6.9106;1808.9249;0.0;1.2452;217.6582;0.05
54084;0.0;0.0;0.0;1.0633;0.0;0.0;60.0;25457.8255;627455.1191;57.5881;12971.4859;0.0;4.9807;326.7724;0.0216
97242;0.0;0.0;0.0;0.0;0.0;0.0;34.0;0.0;2954037.5896;0.0;0.0;0.0;2.0753;107.5942;0.0203
51695;0.0;0.0;0.0;0.0;0.0;0.0;7.0;0.0;802574.3392;0.0;0.0;0.0;0.0;1.9363;0.0047
2631;0.0;0.0;0.0;0.0;0.0;0.0;31.0;21683.4579;688366.3673;69.1058;3270.1414;0.0;4.1506;301.5703;0.0172
262241;0.0;0.0;0.0;0.0;0.0;0.0;46.0;7855.2279;229207.227;6.3347;427.9057;0.0;2.0753;217.633;0.0298
386804;0.0;0.0;0.0;0.0;0.0;0.0;0.0;0.0;3145961.7966;0.0;350.0962;0.0;0.0;70.1041;0.0
235151;0.0;0.0;0.0;0.0;0.0;0.0;13.0;329.0289;7311.18;0.0;0.0;0.0;0.8301;56.9144;0.0197
317779;0.0;0.0;0.0;3.1899;0.0;0.0;9.0;2091.362;46894.7349;1.7276;393.976;0.0;1.2452;67.5613;0.0
293611;0.0;0.0;0.0;0.0;0.0;0.0;44.0;10644.3116;366322.6167;6.3347;1281.1933;0.0;0.8301;117.5;0.034
153116;0.0;0.0;0.0;0.0;0.0;0.0;0.0;37517.4234;367561.4554;1.1518;207.7838;0.0;1.2452;31.4729;0.0101
365194;0.0;0.0;0.0;0.0;0.0;0.0;13.0;1800.194;64920.2487;0.5759;114.9681;0.0;0.4151;24.9033;0.0145
299726;0.0;0.0;0.0;0.0;0.0;0.0;7.0;0.0;277513.7759;0.0;163.5823;0.0;0.4151;63.3473;0.0484
174178;0.0;0.0;0.0;0.0;0.0;0.0;3.0;504.8115;8920.46;1.1518;176.6583;0.0;0.8301;30.1175;0.0135
299818;0.0;0.0;0.0;0.0;0.0;0.0;0.0;0.0;1120977.638;0.0;362.7321;0.0;0.0;0.0;0.0039
96700;0.0;0.0;0.0;1.0633;0.0;0.0;29.0;0.0;261179.2732;5.1829;1035.2737;0.0;1.6602;89.9924;0.022
243930;0.0;0.0;0.0;1.0633;0.0;0.0;37.0;11184.2796;284457.5961;31.6735;4593.9569;0.0;2.9054;267.4523;0.0264
61073;0.0;0.0;0.0;0.0;0.0;0.0;44.0;0.0;0.0;14.9729;293.5509;0.0;0.0;25.7013;0.008
70074;0.0;0.0;0.0;0.0;0.0;0.0;25.0;13051.7582;163473.8114;16.7006;4441.1335;0.0;0.4151;51.7518;0.031
198444;0.0;0.0;0.0;0.0;0.0;0.0;15.0;8210.3989;228221.1485;12.0935;939.3735;0.0;4.1506;278.5073;0.0234
43428;0.0;0.0;0.0;0.0;0.0;0.0;12.0;0.0;7524.3256;2.3035;0.0;0.0;0.0;0.0;0.0
89323;0.0;0.0;0.0;0.0;0.0;0.0;281.0;67305.1537;0.0;1.1518;0.0;0.0;0.4151;32.6879;0.0252
152767;0.0;0.0;0.0;0.0;0.0;0.0;0.0;3096.0749;186459.0296;0.0;0.0;0.0;0.0;9.4975;0.0
102484;0.0;0.0;0.0;0.0;0.0;0.0;53.0;5925.0976;552969.4152;1.1518;0.0;0.0;0.0;24.259;0.0106
289209;0.0;0.0;0.0;0.0;0.0;0.0;149.0;1657.2962;214589.4075;0.5759;96.1806;0.0;0.4151;40.2491;0.0294
127131;0.0;0.0;0.0;0.0;0.0;0.0;50.0;3093.6136;0.0;0.0;382.8594;0.0;0.0;50.0258;0.0
328041;0.0;0.0;0.0;0.0;0.0;0.0;12.0;97.3565;2092.064;1.1518;209.4663;0.0;0.8301;79.1133;0.0316
161745;0.0;0.0;0.0;0.0;0.0;0.0;38.0;3469.7328;0.0;0.0;10.3431;0.0;1.2452;92.2541;0.0272
261497;0.0;0.0;0.0;0.0;0.0;0.0;3.0;854.5738;19265.606;1.7276;418.0913;0.0;0.4151;4.8994;0.005
28273;0.0;0.0;0.0;1.0633;1.1176;50.8288;0.0;39389.9355;0.0;2.3035;0.0;0.0;2.4904;172.3394;0.0182
20153;0.0;0.0;0.0;0.0;0.0;0.0;7.0;139275.4952;10476.1224;0.0;20.093;0.0;2.0753;68.5435;0.0157
168524;0.0;0.0;0.0;0.0;0.0;0.0;44.0;12635.6128;347355.2008;21.3076;4765.8483;0.0;2.0753;278.4072;0.0563
363095;0.0;0.0;0.0;0.0;0.0;0.0;65.0;21884.2916;149682.1874;0.5759;242.087;0.0;0.0;0.0;0.0073
416054;0.0;0.0;0.0;0.0;0.0;0.0;4.0;1529.7592;49013.6203;0.5759;168.246;0.0;0.8301;25.7717;0.0082
197869;0.0;0.0;0.0;0.0;0.0;0.0;206.0;0.0;411611.4418;69.6816;7246.0747;0.0;2.0753;223.3545;0.0337
367450;0.0;0.0;0.0;2.1266;0.0;0.0;7.0;6043.48;499897.0806;0.0;25.3813;0.0;0.0;0.0;0.0
8220;0.0;0.0;0.0;0.0;0.0;0.0;100.0;0.0;346306.2334;8.0623;190.2042;0.0;0.8301;49.7752;0.0223
42274;0.0;0.0;0.0;0.0;0.0;0.0;0.0;0.0;0.0;0.0;0.0;0.0;0.4151;24.3169;0.0
380626;0.0;0.0;0.0;0.0;0.0;0.0;4.0;940.2115;22159.1546;1.1518;181.9861;0.0;0.0;0.0;0.0067
278253;0.0;0.0;0.0;0.0;0.0;0.0;13.0;2746.7156;57930.9248;5.7588;922.2685;0.0;0.4151;43.2278;0.0345
370053;0.0;0.0;0.0;1.0633;0.0;0.0;9.0;11717.3921;1150914.5254;0.0;222.4538;0.0;0.0;74.6324;0.0
108204;0.0;0.0;0.0;0.0;0.0;0.0;16.0;0.0;0.0;1.1518;217.1634;0.0;0.0;0.0;0.0145
394492;0.0;0.0;0.0;0.0;0.0;0.0;29.0;3492.3248;552969.4152;0.5759;148.0565;0.0;0.0;19.8322;0.0
398361;0.0;0.0;0.0;0.0;0.0;0.0;0.0;38601.0855;78429.7933;0.0;315.1335;0.0;0.0;0.0;0.0083
162500;0.0;0.0;0.0;0.0;0.0;0.0;0.0;0.0;0.0;0.0;0.0;0.0;0.0;0.0;0.0
83062;0.0;0.0;0.0;0.0;0.0;0.0;15.0;2715.1648;40981.4198;0.5759;152.2626;0.0;0.4151;22.8128;0.0213
12929;0.0;0.0;0.0;0.0;0.0;0.0;0.0;13077.6748;1312.5691;6.9106;0.0;0.0;0.0;0.0;0.0107
338336;0.0;0.0;0.0;0.0;0.0;0.0;3.0;660.7622;14578.1836;3.4553;27.7046;0.0;0.8301;82.8022;0.0321
199593;0.0;0.0;0.0;0.0;0.0;0.0;21.0;5738.6253;97762.1827;3.4553;272.8389;0.0;2.0753;90.4375;0.0191
128738;0.0;0.0;0.0;0.0;0.0;0.0;31.0;18279.9185;156197.8741;1.1518;330.323;0.0;0.8301;21.3528;0.0127
341462;0.0;0.0;0.0;0.0;0.0;0.0;9.0;1584.7476;45111.9051;9.79;420.0542;0.0;0.8301;97.8695;0.0312
416934;0.0;0.0;0.0;0.0;0.0;0.0;21.0;0.0;147875.1149;0.0;0.0;0.0;0.0;13.7727;0.0
94130;0.0;0.0;0.0;1.0633;0.0;0.0;19.0;4446.8487;152405.1275;19.0041;4567.318;0.0;4.1506;377.0986;0.0253
122197;0.0;0.0;0.0;0.0;0.0;0.0;93.0;19951.7741;627575.0262;21.8835;5493.7926;0.0;3.3205;198.6936;0.0182
169741;0.0;0.0;0.0;1.0633;0.0;0.0;7.0;109430.8498;7676.9385;2.3035;1338.4381;0.0;0.4151;0.0;0.0072
106114;0.0;0.0;0.0;0.0;0.0;0.0;169.0;139275.4952;0.0;0.0;0.0911;0.0;2.4904;55.1851;0.0097
5741;0.0;0.0;0.0;1.0633;0.0;0.0;6.0;1994.2398;38366.5879;1.1518;201.6148;0.0;0.4151;36.6575;0.031
211637;0.0;0.0;0.0;0.0;0.0;0.0;6.0;800.4868;14486.6755;0.0;130.4114;0.0;0.4151;20.2945;0.0185
123800;0.0;0.0;0.0;0.0;0.0;0.0;3.0;518.3333;13344.4022;5.7588;1184.7322;0.0;4.5656;351.3777;0.0238
235750;0.0;0.0;0.0;0.0;0.0;0.0;9.0;0.0;889378.1582;0.0;0.0;0.0;0.0;0.0;0.0
217230;0.0;0.0;0.0;0.0;0.0;0.0;27.0;12893.0619;0.0;0.0;0.0;0.0;0.0;0.0;0.0
338583;0.0;0.0;0.0;0.0;0.0;0.0;24.0;9507.5016;1510286.5621;0.0;21.8161;0.0;0.4151;80.7642;0.0602
87093;0.0;0.0;0.0;0.0;0.0;0.0;72.0;22487.5506;719094.1491;37.4323;6188.6486;0.0;3.3205;197.31;0.0198
310816;0.0;0.0;0.0;0.0;0.0;0.0;9.0;26411.8072;1352479.5603;4.6071;0.0;0.0;1.2452;236.2074;0.0601
419913;0.0;0.0;0.0;0.0;0.0;0.0;13.0;51971.7776;0.0;0.0;22.3759;0.0;0.0;18.8166;0.0
359707;0.0;0.0;0.0;0.0;0.0;0.0;21.0;2499.7185;73597.739;5.7588;1151.9243;0.0;0.8301;124.0667;0.0387
200073;0.0;0.0;0.0;0.0;0.0;0.0;96.0;0.0;0.0;0.0;0.0;0.0;0.0;0.0;0.0
186456;0.0;0.0;0.0;0.0;0.0;0.0;6.0;722.9622;1916.9365;2.8794;438.5612;0.0;1.2452;39.0128;0.0122
259669;0.0;0.0;0.0;0.0;0.0;0.0;25.0;44746.0908;2713.7354;1.7276;74.0691;0.0;0.0;0.0;0.0055
181283;0.0;0.0;0.0;1.0633;0.0;0.0;34.0;7078.1787;202598.8865;13.8212;2822.8874;0.0;1.2452;57.4085;0.0146
136540;0.0;0.0;0.0;0.0;0.0;0.0;22.0;3774.3676;75893.3296;2.8794;570.6343;0.0;2.0753;62.747;0.0111
239294;0.0;0.0;0.0;0.0;0.0;0.0;47.0;22558.1182;0.0;0.0;24.7584;0.0;0.4151;13.4039;0.0091
263652;0.0;0.0;0.0;0.0;0.0;0.0;0.0;30264.2354;0.0;0.0;27.301;0.0;0.0;29.3252;0.0
334656;0.0;0.0;0.0;0.0;0.0;0.0;0.0;0.0;1986180.6274;0.0;27.9434;0.0;0.0;0.0;0.0
217113;0.0;0.0;0.0;0.0;0.0;0.0;3.0;54.0869;979.7675;1.1518;234.1423;0.0;0.4151;11.7853;0.0099
198003;0.0;0.0;0.0;1.0633;0.0;0.0;7.0;0.0;184759.7086;24.187;4726.8713;0.0;1.2452;129.3773;0.0195
271215;0.0;0.0;0.0;0.0;0.0;0.0;13.0;0.0;168290.4853;0.5759;1.1216;0.0;0.0;0.0;0.0195
268735;0.0;0.0;0.0;1.0633;0.0;0.0;3.0;336.2405;8320.9243;0.5759;62.8118;0.0;0.8301;92.0664;0.0389
279940;0.0;0.0;0.0;0.0;0.0;0.0;43.0;9937.5755;239203.6957;15.5488;1329.7042;0.0;1.2452;94.3149;0.0227
273404;0.0;0.0;0.0;0.0;0.0;0.0;3.0;602.168;12656.5139;0.0;137.4566;0.0;0.0;10.2882;0.0
147742;0.0;0.0;0.0;0.0;0.0;0.0;38.0;9141.5959;160503.5925;4.6071;1172.3942;0.0;2.9054;144.3522;0.0199
102204;0.0;0.0;0.0;1.0633;1.1176;214.6104;40.0;10185.7028;2136628.6634;2.3035;475.2949;0.0;2.4904;131.2073;0.0183
92141;0.0;0.0;0.0;0.0;0.0;0.0;31.0;0.0;296071.1776;2.8794;679.153;0.0;0.4151;22.7659;0.0233
222466;0.0;0.0;0.0;0.0;0.0;0.0;12.0;0.0;199048.5038;5.1829;256.2947;0.0;0.4151;13.0894;0.0078
28430;0.0;0.0;0.0;0.0;0.0;0.0;29.0;9519.303;576070.1774;28.7941;4607.1362;0.0;4.1506;436.8649;0.0172
147398;0.0;0.0;0.0;0.0;0.0;0.0;9.0;0.0;645064.3129;0.0;0.0;0.0;0.0;0.0;0.0
165262;0.0;0.0;0.0;0.0;0.0;0.0;16.0;19067.1804;277737.91;0.5759;8.8994;0.0;1.6602;22.565;0.0053
264726;0.0;0.0;0.0;0.0;0.0;0.0;6.0;1119.5998;21076.8349;2.8794;677.751;0.0;0.0;5.7541;0.0
363328;0.0;0.0;0.0;0.0;0.0;0.0;0.0;5747.5036;346771.7749;0.0;0.0;0.0;0.4151;18.2587;0.0149
166037;0.0;0.0;0.0;0.0;0.0;0.0;22.0;82559.5041;3320.216;3.4553;707.194;0.0;0.4151;8.8868;0.0074
314204;0.0;0.0;0.0;0.0;0.0;0.0;27.0;7752.4627;198408.4475;4.6071;214.5136;0.0;1.2452;229.0093;0.0603
138679;0.0;0.0;0.0;0.0;0.0;0.0;34.0;561.0171;130324.6862;1.7276;299.4779;0.0;2.0753;200.5199;0.0418
385082;0.0;0.0;0.0;0.0;0.0;0.0;0.0;43654.1585;433375.5959;0.0;0.0;0.0;0.4151;22.6334;0.0145
183083;0.0;0.0;0.0;0.0;0.0;0.0;29.0;2716.9677;88362.0942;4.0312;816.2735;0.0;3.7355;261.9515;0.0234
326479;0.0;0.0;0.0;0.0;0.0;0.0;35.0;3936.6284;92047.6609;9.2141;1465.9835;0.0;1.2452;188.1858;0.0412
407120;0.0;0.0;0.0;0.0;0.0;0.0;7.0;28608.3555;15432.9263;0.0;0.0;0.0;0.4151;0.0;0.0062
201158;0.0;0.0;0.0;0.0;0.0;0.0;31.0;1633.5191;1276325.8638;0.5759;75.9911;0.0;0.4151;20.3061;0.0197
331536;0.0;0.0;0.0;0.0;0.0;0.0;15.0;2753.0257;131325.1372;3.4553;662.048;0.0;0.4151;96.1224;0.0462
203201;0.0;0.0;0.0;0.0;0.0;0.0;181.0;84791.9643;0.0;5.1829;76.3283;0.0;0.0;68.2905;0.0
421197;0.0;0.0;0.0;0.0;0.0;0.0;25.0;197352.2705;0.0;0.0;0.0;0.0;0.0;0.0;0.0116
104619;0.0;0.0;0.0;0.0;0.0;0.0;7.0;788.768;16976.3263;2.8794;166.8439;0.0;0.8301;40.8974;0.0186
60183;0.0;0.0;0.0;2.1266;1.1176;67.7717;93.0;17931.6265;445036.9194;19.58;3414.8329;0.0;3.7355;209.8108;0.0195
419272;0.0;0.0;0.0;0.0;0.0;0.0;0.0;0.0;0.0;0.5759;126.1845;0.0;0.0;0.0;0.0
370822;0.0;0.0;0.0;0.0;0.0;0.0;12.0;868.0955;19508.5758;0.5759;123.1;0.0;1.2452;45.9025;0.0105
125110;0.0;0.0;0.0;0.0;0.0;0.0;0.0;3165.723;0.0;43.1911;4057.813;0.0;0.4151;30.1997;0.0204
234237;0.0;0.0;0.0;0.0;0.0;0.0;63.0;16724.5861;436195.3457;61.0434;8193.0192;0.0;2.9054;484.5881;0.045
82448;0.0;0.0;0.0;0.0;0.0;0.0;10.0;3019.8547;48497.704;6.3347;789.0737;0.0;1.2452;31.939;0.0102
42442;0.0;0.0;0.0;0.0;0.0;0.0;43.0;676.9453;1899639.8637;0.0;66.1213;0.0;0.8301;36.4592;0.0231
368076;0.0;0.0;0.0;1.0633;0.0;0.0;19.0;6066.7528;152693.8513;12.0935;2100.5513;0.0;0.8301;90.2175;0.0297
207337;0.0;0.0;0.0;1.0633;0.0;0.0;0.0;26164.257;0.0;0.0;902.354;0.0;0.4151;31.0178;0.0197
246544;0.0;0.0;0.0;0.0;0.0;0.0;21.0;10638.0014;233495.4849;14.9729;2131.9963;0.0;0.4151;12.7006;0.0114
393503;0.0;0.0;0.0;0.0;0.0;0.0;15.0;3096.4778;108449.6952;4.0312;741.1236;0.0;0.8301;100.5134;0.0311
360135;0.0;0.0;0.0;0.0;0.0;0.0;0.0;9643.0364;44005.6044;2.8794;0.0;0.0;0.0;12.7869;0.0
265021;0.0;0.0;0.0;0.0;0.0;0.0;69.0;11485.3636;250066.3357;4.6071;1188.9384;0.0;2.4904;229.8102;0.0307
337328;0.0;0.0;0.0;1.0633;0.0;0.0;6.0;5361.8196;113463.7068;18.4282;649.1491;0.0;0.8301;58.3924;0.0236
294773;0.0;0.0;0.0;0.0;0.0;0.0;0.0;145129.8993;142813.0345;0.0;22.6478;0.0;0.0;40.5368;0.0
147846;0.0;0.0;0.0;0.0;0.0;0.0;0.0;148044.3857;175643.1772;0.0;0.0;0.0;0.0;6.1994;0.0046
79927;0.0;0.0;0.0;1.0633;0.0;0.0;94.0;43440.8346;1108516.2448;59.8917;10174.9571;0.0;4.1506;273.6012;0.019
42542;0.0;0.0;0.0;0.0;0.0;0.0;158.0;22833.9756;0.0;0.0;0.0;0.0;0.4151;39.8271;0.0368
389693;0.0;0.0;0.0;0.0;0.0;0.0;12.0;1174.5882;34171.9565;4.6071;1084.9063;0.0;0.4151;74.5561;0.0456
383224;0.0;0.0;0.0;0.0;0.0;0.0;16.0;10036.7349;226914.7918;9.79;127.3061;0.0;0.0;0.0;0.0054
165372;0.0;0.0;0.0;0.0;0.0;0.0;0.0;155134.5089;933040.4926;25.3388;0.0;0.0;0.4151;0.0;0.0
89346;0.0;0.0;0.0;2.1266;0.0;0.0;31.0;6038.7946;357477.7578;21.8835;2774.9373;0.0;2.4904;105.9001;0.0136
53242;0.0;0.0;0.0;3.1899;0.0;0.0;15.0;66996.42;1781931.8168;0.0;2151.7921;0.0;0.4151;38.3619;0.031
131880;0.0;0.0;0.0;0.0;0.0;0.0;10.0;10803.3327;185863.9283;0.0;0.0;0.0;0.0;0.0;0.008
147669;0.0;0.0;0.0;0.0;0.0;0.0;15.0;0.0;4543310.3409;2.8794;55.2942;0.0;0.0;0.0;0.0
381057;0.0;0.0;0.0;0.0;0.0;0.0;9.0;1070.0201;49075.1516;0.5759;136.5597;0.0;0.4151;29.7;0.0145
66082;0.0;0.0;0.0;1.0633;0.0;0.0;69.0;76.4433;3359.8175;0.0;212.222;0.0;0.4151;53.5466;0.031
341959;0.0;0.0;0.0;0.0;0.0;0.0;7.0;2066.1215;75248.0398;2.3035;515.9544;0.0;0.4151;40.3371;0.0251
82819;0.0;0.0;0.0;0.0;0.0;0.0;13.0;2365.4026;54660.2998;3.4553;660.0851;0.0;0.0;21.4151;0.0
368379;0.0;0.0;0.0;0.0;0.0;0.0;3.0;1117.7969;26021.4266;4.6071;909.9304;0.0;0.0;0.0;0.0036
12710;0.0;0.0;0.0;0.0;0.0;0.0;37.0;456.268;0.0;0.5759;0.0;0.0;1.2452;28.1603;0.0103
391264;0.0;0.0;0.0;0.0;0.0;0.0;6.0;847.3622;21214.097;5.7588;77.3932;0.0;0.0;32.1569;0.0
35185;0.0;0.0;0.0;0.0;0.0;0.0;4.0;202.998;6503.3845;0.5759;5.0474;0.0;3.3205;312.9578;0.0211
371615;0.0;0.0;0.0;0.0;0.0;0.0;77.0;7911.3355;2779934.2362;1.1518;10.3431;0.0;0.8301;59.117;0.0365
373063;0.0;0.0;0.0;0.0;0.0;0.0;6.0;2200.4374;56946.4241;1.1518;311.8159;0.0;0.0;36.9793;0.0
10229;0.0;0.0;0.0;0.0;0.0;0.0;41.0;0.0;380303.625;0.5759;0.8412;0.0;0.8301;36.8272;0.0163
131839;0.0;0.0;0.0;0.0;0.0;0.0;18.0;0.0;73774.2777;2.3035;418.0913;0.0;0.0;0.0;0.0091
123779;0.0;0.0;31378.5007;0.0;0.0;0.0;27.0;0.0;73774.2777;0.0;13.1933;0.0;0.0;0.0;0.0004
172374;0.0;0.0;0.0;0.0;0.0;0.0;57.0;48260.9809;697857.2612;0.0;169.258;0.0;0.0;0.0;0.01
358410;0.0;0.0;0.0;0.0;0.0;0.0;21.0;2279.5263;0.0;0.0;119.3081;0.0;0.0;38.7438;0.0047
85269;0.0;0.0;0.0;0.0;0.0;0.0;16.0;3009.9387;54351.0656;2.3035;467.7239;0.0;0.4151;22.8128;0.0213
63606;0.0;0.0;0.0;1.0633;0.0;0.0;0.0;0.0;0.0;2.3035;626.7163;0.0;0.8301;46.1985;0.0242
335547;0.0;0.0;0.0;0.0;0.0;0.0;10.0;1443.2201;34313.9518;0.5759;133.4752;0.0;0.4151;60.7756;0.0462
224164;0.0;0.0;0.0;0.0;0.0;0.0;7.0;66996.42;619574.98;0.0;0.0;0.0;0.0;8.1451;0.0072
46989;0.0;0.0;0.0;2.1266;0.0;0.0;19.0;35800.6795;1955464.1003;4.6071;860.8587;0.0;1.2452;53.3178;0.0155
8732;0.0;0.0;0.0;1.0633;0.0;0.0;7.0;60785.6552;270872.0557;5.1829;110.1077;0.0;0.8301;49.189;0.0242
412748;0.0;0.0;0.0;0.0;0.0;0.0;47.0;12710.8729;0.0;3.4553;15.5912;0.0;0.0;0.0;0.0077
289338;0.0;0.0;0.0;2.1266;1.1176;16.9429;27.0;12247.9896;305808.9553;72.5611;5952.8238;0.0;2.0753;180.0973;0.0267
222292;0.0;0.0;0.0;0.0;0.0;0.0;7.0;705.9503;0.0;0.0;932.1175;0.0;0.0;0.0;0.0
325278;0.0;0.0;0.0;0.0;0.0;0.0;25.0;7176.4367;205583.9431;11.5176;2275.5271;0.0;1.6602;141.1853;0.0282
195808;0.0;0.0;0.0;0.0;0.0;0.0;7.0;11.1177;140527.5341;0.0;0.0;0.0;0.4151;13.9837;0.0138
329511;0.0;0.0;0.0;0.0;0.0;0.0;24.0;17175.3107;481135.2788;96.1722;10234.1236;0.0;0.4151;71.031;0.0462
268489;0.0;0.0;0.0;0.0;0.0;0.0;0.0;4169.9047;0.0;1.1518;0.0;0.0;0.8301;34.9634;0.0309
222862;0.0;0.0;0.0;0.0;0.0;0.0;3.0;579.6318;11438.5098;1.1518;98.7043;0.0;0.0;0.0;0.0
64919;0.0;0.0;0.0;1.0633;0.0;0.0;46.0;0.0;91288.5318;0.5759;102.6301;0.0;0.8301;32.5563;0.0164
413009;0.0;0.0;0.0;0.0;0.0;0.0;6.0;1987.6954;52317.3775;1.7276;448.9364;0.0;0.0;21.7115;0.0
5004;0.0;0.0;0.0;1.0633;0.0;0.0;18.0;6432.0206;101207.9657;2.3035;432.1118;0.0;3.3205;252.5708;0.0206
104014;0.0;0.0;0.0;0.0;0.0;0.0;0.0;71193.1618;0.0;0.5759;345.0965;0.0;0.0;0.0;0.0069
139326;0.0;0.0;0.0;1.0633;0.0;0.0;7.0;5757.733;0.0;1.7276;261.6225;0.0;0.0;0.0;0.0
130533;0.0;1819.5098;0.0;0.0;0.0;0.0;25.0;20601.1709;936581.2596;6.3347;554.651;0.0;1.2452;117.1768;0.0426
359593;0.0;0.0;0.0;0.0;0.0;0.0;7.0;4096.9507;0.0;20.1558;593.6572;0.0;0.0;11.7328;0.0035
245434;0.0;0.0;0.0;0.0;0.0;0.0;44.0;0.0;0.0;0.0;0.0;0.0;0.4151;48.169;0.0101
321455;0.0;0.0;0.0;0.0;0.0;0.0;97.0;0.0;707967.0437;5.1829;446.3687;0.0;0.0;0.0;0.0022
345344;0.0;0.0;0.0;0.0;0.0;0.0;0.0;2567.1116;3350.3461;0.5759;32.6254;0.0;0.0;0.0;0.0056
265280;0.0;0.0;0.0;0.0;0.0;0.0;194.0;2736.2339;392622.171;0.5759;345.3102;0.0;0.0;0.0;0.0062
31111;0.0;0.0;0.0;0.0;0.0;0.0;38.0;1758.4874;101484.7459;69.1058;2127.4706;0.0;2.4904;434.7364;0.0374
332843;0.0;0.0;0.0;0.0;0.0;0.0;22.0;454.9819;3043.1063;0.5759;117.4918;0.0;0.8301;98.5395;0.0385
355669;0.0;0.0;0.0;0.0;0.0;0.0;9.0;536.3622;16884.8183;0.0;102.946;0.0;0.8301;107.7204;0.0333
304559;0.0;0.0;0.0;0.0;0.0;0.0;13.0;4180.4883;597285.7245;13.8212;0.0;0.0;0.0;11.7328;0.008
233029;0.0;0.0;0.0;0.0;0.0;0.0;0.0;9488.5355;1660095.8012;0.0;459.7568;0.0;0.4151;0.0;0.0047
151487;0.0;0.0;0.0;0.0;0.0;0.0;12.0;9020.7006;0.0;0.5759;158.4316;0.0;2.4904;124.7039;0.018
334409;0.0;0.0;0.0;0.0;0.0;0.0;19.0;13357.6735;312571.0867;33.4011;2115.9738;0.0;1.2452;79.4648;0.0209
94536;0.0;0.0;0.0;0.0;0.0;0.0;19.0;35800.6795;213651.1327;1.1518;0.0;0.0;0.4151;28.4844;0.0252
345223;0.0;0.0;0.0;0.0;0.0;0.0;18.0;32938.9054;21951.5834;2.3035;0.0;0.0;0.0;16.028;0.0
112843;0.0;0.0;0.0;0.0;0.0;0.0;7.0;7734.6516;5308152.3585;50.1017;4930.1685;0.0;0.8301;54.9226;0.0189
234143;0.0;0.0;0.0;0.0;0.0;0.0;29.0;12064.094;245102.8113;25.9147;4010.9846;0.0;1.2452;82.2693;0.024
117011;0.0;0.0;0.0;0.0;0.0;0.0;0.0;21141.639;101074.9308;0.0;25.4805;0.0;2.9054;95.7178;0.0132
417589;0.0;0.0;0.0;0.0;0.0;0.0;149.0;19701.9427;1017675.1125;0.0;315.9239;0.0;0.0;24.8725;0.0122
304027;0.0;0.0;0.0;0.0;0.0;0.0;34.0;36230.1429;739798.6408;43.767;2074.7536;0.0;2.9054;173.1555;0.0215
105492;0.0;0.0;0.0;1.0633;0.0;0.0;85.0;1218.8961;0.0;0.0;0.0;0.0;0.0;51.8704;0.0
160384;0.0;0.0;0.0;0.0;0.0;0.0;31.0;14437.0084;1899639.8637;0.5759;49.0717;0.0;2.4904;117.6826;0.0145
97260;0.0;0.0;0.0;0.0;0.0;0.0;27.0;4891.0489;1159326.2592;1.1518;99.2651;0.0;0.4151;2.3028;0.0023
122962;0.0;0.0;0.0;0.0;0.0;0.0;7.0;8023.4646;0.0;23.0353;3297.3411;0.0;4.1506;150.6812;0.0131
280061;0.0;0.0;0.0;0.0;0.0;0.0;18.0;3457.8726;975648.3439;0.0;0.0;0.0;0.0;2.405;0.0
48654;0.0;0.0;0.0;0.0;0.0;0.0;37.0;12969.149;322341.9407;12.0935;2018.6716;0.0;3.7355;211.5105;0.0231
172778;0.0;0.0;0.0;0.0;0.0;0.0;102.0;33156.1873;108778.1944;0.0;0.0;0.0;0.0;25.3621;0.0063
113056;0.0;0.0;0.0;0.0;0.0;0.0;7.0;114825.838;46192.3324;0.0;0.0;0.0;0.4151;28.1729;0.0311
137606;0.0;0.0;0.0;0.0;0.0;0.0;0.0;7741.4817;7656.4722;6.3347;0.0;0.0;0.4151;10.7829;0.0099
406118;0.0;0.0;0.0;0.0;0.0;0.0;9.0;3076.5125;618550.1118;0.0;120.5827;0.0;0.0;12.2509;0.0
332781;0.0;0.0;0.0;0.0;0.0;0.0;52.0;2680.9084;418737.4704;0.0;1009.8012;0.0;0.4151;0.0;0.0027
200262;0.0;0.0;0.0;0.0;0.0;0.0;7.0;4902.0026;2919.9913;0.0;2428.2058;0.0;0.0;0.0;0.013
96418;0.0;0.0;0.0;0.0;0.0;0.0;0.0;0.0;756489.5156;6.9106;1602.8235;0.0;0.0;57.9034;0.0
133612;0.0;0.0;0.0;0.0;0.0;0.0;7.0;37363.3269;756489.5156;0.0;978.9923;0.0;0.0;0.0;0.0
367519;0.0;0.0;0.0;0.0;0.0;0.0;4.0;1106.0781;24861.7984;1.1518;191.2396;0.0;0.0;0.0;0.0
214602;0.0;0.0;0.0;0.0;0.0;0.0;7.0;1350.9775;146330.5277;0.5759;149.4585;0.0;0.4151;22.2365;0.0197
64766;0.0;0.0;0.0;0.0;0.0;0.0;83.0;0.0;123115.779;0.0;23.3456;0.0;0.0;0.0;0.0
84962;0.0;0.0;0.0;0.0;0.0;0.0;19.0;35682.1041;0.0;0.0;77.9343;0.0;4.9807;218.2078;0.0141
414595;0.0;0.0;0.0;0.0;0.0;0.0;3.0;709.4405;29718.0375;0.5759;132.3535;0.0;0.0;70.6033;0.0
217248;0.0;0.0;0.0;0.0;0.0;0.0;3.0;55.8898;1494.106;0.0;0.0;0.0;0.0;0.0;0.0149
173192;0.0;0.0;0.0;0.0;0.0;0.0;206.0;6991.9819;6962.2941;0.0;208.8454;0.0;0.4151;19.4859;0.0137
117557;0.0;0.0;0.0;0.0;0.0;0.0;13.0;35867.8366;6037.4719;0.0;72.3316;0.0;0.0;0.0;0.0076
347801;0.0;0.0;0.0;1.0633;0.0;0.0;4.0;1825.4345;56490.4614;4.6071;937.691;0.0;0.0;59.3686;0.0046
74782;0.0;0.0;0.0;0.0;0.0;0.0;59.0;18874.5423;434057.5277;31.6735;2843.6378;0.0;3.3205;248.5659;0.0222
175810;0.0;0.0;0.0;0.0;0.0;0.0;12.0;14437.0084;2547339.7437;0.0;0.0;0.0;0.0;2.2927;0.0033
89536;0.0;0.0;0.0;0.0;0.0;0.0;71.0;0.0;587711.6525;0.0;0.0;0.0;0.4151;21.907;0.0233
302072;0.0;0.0;0.0;0.0;0.0;0.0;40.0;11086.0217;343959.9355;11.5176;1882.1119;0.0;2.0753;194.9076;0.0261
374237;0.0;0.0;0.0;0.0;0.0;0.0;13.0;0.0;352063.724;0.0;288.4973;0.0;0.0;0.0;0.0069
286665;0.0;0.0;0.0;0.0;0.0;0.0;0.0;2680.9084;732252.4292;8.0623;21.3131;0.0;0.0;6.8515;0.0107
107608;0.0;0.0;0.0;1.0633;1.1176;15.8134;13.0;105.0507;230145.2448;0.0;0.0;0.0;4.1506;265.7381;0.0252
61132;0.0;0.0;0.0;0.0;0.0;0.0;9.0;20256.9389;2826430.6135;2.3035;21.962;0.0;0.0;24.617;0.0
119373;0.0;0.0;0.0;0.0;0.0;0.0;0.0;25686.3281;0.0;0.0;6.3779;0.0;0.0;103.2307;0.0
360365;0.0;0.0;0.0;0.0;0.0;0.0;38.0;0.0;3247368.3098;1.7276;1056.2639;0.0;0.0;71.1635;0.0049
157665;0.0;0.0;0.0;0.0;0.0;0.0;18.0;4519.8532;486167.1911;7.4865;0.0;0.0;0.8301;27.4578;0.0124
101714;0.0;0.0;0.0;0.0;0.0;0.0;71.0;0.0;0.0;0.0;200.4651;0.0;0.8301;34.8223;0.0159
209009;0.0;0.0;0.0;0.0;0.0;0.0;9.0;540.8695;10269.4153;0.0;235.2953;0.0;0.4151;20.2945;0.0185
170225;0.0;0.0;0.0;0.0;0.0;0.0;9.0;902.3506;19642.6824;0.5759;0.5608;0.0;3.3205;168.9193;0.0191
53612;0.0;0.0;0.0;0.0;0.0;0.0;7.0;134963.4901;0.0;0.0;1144.4646;0.0;0.8301;48.3416;0.0242
409879;0.0;0.0;0.0;0.0;0.0;0.0;50.0;1694.9327;2135770.2179;0.0;0.0;0.0;0.0;0.0;0.0
385083;0.0;0.0;0.0;0.0;0.0;0.0;3.0;660.7622;25210.4757;0.0;138.3536;0.0;0.8301;65.3881;0.0205
131244;0.0;0.0;0.0;0.0;0.0;0.0;83.0;25627.2979;849387.4538;39.1599;8805.9955;0.0;2.9054;283.5752;0.0207
325124;0.0;0.0;0.0;0.0;0.0;0.0;4.0;549.884;11960.737;1.1518;236.1052;0.0;0.0;11.4238;0.0
209832;0.0;0.0;0.0;0.0;0.0;0.0;0.0;114800.0528;0.0;4.0312;1038.6386;0.0;0.8301;18.1021;0.0114
239364;0.0;0.0;0.0;1.0633;0.0;0.0;7.0;10094.4611;326766.0864;1.7276;173.2934;0.0;0.8301;54.4785;0.0195
2898;0.0;0.0;0.0;1.0633;0.0;0.0;15.0;60.1755;156197.8741;0.0;0.0;0.0;0.0;11.9715;0.0
163705;0.0;0.0;0.0;1.0633;0.0;0.0;25.0;5081.4689;101872.1576;7.4865;1755.9274;0.0;2.0753;103.4102;0.0181
335378;0.0;0.0;0.0;0.0;0.0;0.0;0.0;24173.657;0.0;0.0;0.0;0.0;0.4151;80.7642;0.0602
74298;0.0;0.0;0.0;0.0;0.0;0.0;18.0;3377.73;136989.1717;18.4282;3767.5887;0.0;2.9054;232.4941;0.0181
246663;0.0;0.0;0.0;0.0;0.0;0.0;29.0;1592.5404;0.0;0.0;712.0416;0.0;0.0;7.0378;0.0
88039;0.0;0.0;0.0;0.0;0.0;0.0;3.0;2176.9997;43739.2839;5.1829;46.2676;0.0;0.0;25.3621;0.0
420750;0.0;0.0;0.0;0.0;0.0;0.0;25.0;2656.3979;9037.2721;0.0;0.0;0.0;0.0;14.97;0.0083
340295;0.0;0.0;0.0;0.0;0.0;0.0;0.0;96.9591;0.0;6.3347;0.0;0.0;0.0;11.7436;0.0073
88461;0.0;0.0;0.0;0.0;0.0;0.0;41.0;4402.6777;93451.8366;13.8212;734.6742;0.0;1.6602;129.9382;0.0302
321414;0.0;0.0;0.0;0.0;0.0;0.0;6.0;1553.1969;41743.4612;22.4594;4975.0341;0.0;1.6602;158.3971;0.0272
226118;0.0;0.0;0.0;0.0;0.0;0.0;16.0;8429.451;164873.8921;5.7588;1361.3905;0.0;0.8301;60.1144;0.026
328393;0.0;0.0;0.0;0.0;0.0;0.0;4.0;983.481;27802.6787;0.5759;139.3638;0.0;0.0;0.0;0.0
95585;0.0;0.0;0.0;1.0633;0.0;0.0;22.0;20350.4844;166589.5;0.5759;152.543;0.0;1.2452;52.8043;0.0143
282010;0.0;0.0;0.0;0.0;0.0;0.0;24.0;7888.5815;274857.1365;8.6382;811.2261;0.0;2.0753;305.7678;0.0351
394641;0.0;0.0;0.0;0.0;0.0;0.0;6.0;183.5139;2898500.0426;0.0;681.0698;0.0;0.0;24.3169;0.0202
309262;0.0;0.0;0.0;0.0;0.0;0.0;7.0;7775.0814;0.0;0.0;0.0;0.0;0.4151;11.5042;0.0096
42024;0.0;0.0;0.0;1.0633;0.0;0.0;6.0;12435.7595;0.0;0.5759;0.8412;0.0;0.8301;63.0209;0.0338
373861;0.0;0.0;0.0;0.0;0.0;0.0;12.0;14526.8531;334411.5408;67.954;1211.6516;0.0;0.8301;111.4965;0.0415
342419;0.0;0.0;0.0;0.0;0.0;0.0;0.0;16161.5432;89480.0816;0.0;0.0;0.0;0.0;7.105;0.0
159909;0.0;0.0;0.0;2.1266;0.0;0.0;31.0;11571.2497;735577.2115;13.2453;324.7148;0.0;1.6602;145.1941;0.0303
126028;0.0;0.0;0.0;0.0;0.0;0.0;46.0;13882.4179;940950.256;100.7792;11745.5334;0.0;2.4904;204.6419;0.0271
175841;0.0;0.0;0.0;0.0;0.0;0.0;25.0;82117.1985;0.0;1.1518;0.0;0.0;0.0;0.0;0.0025
159430;0.0;0.0;0.0;0.0;0.0;0.0;13.0;0.0;79432.6956;0.0;0.0;0.0;0.0;0.0;0.0
290580;0.0;0.0;0.0;0.0;0.0;0.0;57.0;18837.5829;399547.9379;15.5488;3259.7662;0.0;1.2452;121.6136;0.0309
302224;0.0;0.0;0.0;0.0;0.0;0.0;0.0;44206.0194;74184.949;0.0;0.0;0.0;0.4151;41.4285;0.0345
251992;0.0;0.0;0.0;0.0;0.0;0.0;13.0;15412.651;0.0;0.0;0.0;0.0;0.0;0.0;0.0
226956;0.0;0.0;0.0;0.0;0.0;0.0;7.0;0.0;730962.3278;4.6071;217.9036;0.0;0.0;0.0;0.0055
270606;0.0;0.0;0.0;0.0;0.0;0.0;66.0;57560.07;0.0;0.5759;86.6467;0.0;0.0;52.0097;0.0
8291;0.0;0.0;0.0;0.0;0.0;0.0;29.0;11213.126;623944.6798;74.2887;12039.9639;0.0;3.7355;316.3136;0.0171
139796;0.0;0.0;0.0;0.0;0.0;0.0;3.0;193.8116;3723.4322;3.4553;614.9391;0.0;2.4904;101.5293;0.0154
250083;0.0;0.0;0.0;0.0;0.0;0.0;136.0;3492.3248;0.0;8.0623;0.0;0.0;0.0;0.0;0.0
52379;0.0;0.0;0.0;0.0;0.0;0.0;0.0;15800.4475;2021205.7702;0.5759;0.0;0.0;0.8301;50.8905;0.0242
319870;0.0;0.0;0.0;0.0;0.0;0.0;34.0;2928.1095;1654185.2775;6.3347;139.9246;0.0;0.0;37.5262;0.0
105828;0.0;0.0;0.0;1.0633;0.0;0.0;69.0;19646.7733;3650774.5723;2.3035;9.5985;0.0;0.0;0.0;0.011
116288;0.0;0.0;0.0;0.0;0.0;0.0;0.0;7476.6127;55096.5163;0.5759;164.3203;0.0;1.6602;66.6918;0.0139
201848;0.0;0.0;0.0;0.0;0.0;0.0;25.0;6400.289;141869.0766;5.1829;273.9606;0.0;0.4151;17.4213;0.0128
355692;0.0;0.0;0.0;0.0;0.0;0.0;3.0;34.2551;1087.0529;0.0;0.0;0.0;0.4151;43.247;0.0279
341626;0.0;0.0;0.0;0.0;0.0;0.0;3.0;779.7535;24699.2926;5.1829;0.0;0.0;0.0;14.931;0.0
401840;0.0;0.0;0.0;0.0;0.0;0.0;6.0;2353.6837;67185.8625;20.7317;261.9029;0.0;0.0;0.0;0.0
385528;0.0;0.0;0.0;0.0;0.0;0.0;12.0;2424.8982;74225.6737;2.3035;214.2332;0.0;0.4151;72.3787;0.0462
148600;0.0;0.0;0.0;0.0;0.0;0.0;46.0;672.3011;0.0;0.0;0.0;0.0;0.0;30.4932;0.0096
246193;0.0;0.0;0.0;0.0;0.0;0.0;18.0;0.0;0.0;0.0;0.0;0.0;0.8301;20.606;0.0089
88125;0.0;0.0;0.0;0.0;0.0;0.0;9.0;3045.9967;54281.6457;0.5759;76.8323;0.0;0.8301;31.4752;0.0177
66799;0.0;0.0;0.0;0.0;0.0;0.0;25.0;25898.7878;2909322.8353;0.5759;178.3408;0.0;0.4151;35.4856;0.0
73743;0.0;0.0;0.0;0.0;0.0;0.0;6.0;9608.5949;1778320.2422;1.1518;154.5059;0.0;1.2452;50.6578;0.0161
343418;0.0;0.0;0.0;0.0;0.0;0.0;15.0;23471.2196;256884.4488;0.0;30.6131;0.0;0.8301;85.9535;0.0312
164642;0.0;0.0;0.0;0.0;0.0;0.0;0.0;0.0;633611.9003;0.0;0.0;0.0;0.0;0.0;0.0043
27783;0.0;0.0;0.0;1.0633;0.0;0.0;15.0;24256.8918;549383.6424;1.1518;52.9975;0.0;3.3205;247.908;0.0252
199370;0.0;0.0;0.0;1.0633;0.0;0.0;10.0;2081.4461;64751.4321;13.2453;2700.0678;0.0;2.0753;261.1365;0.0414
119664;0.0;0.0;0.0;0.0;0.0;0.0;131.0;41142.1393;1204546.0848;57.5881;9996.0555;0.0;4.5656;412.3959;0.0255
227892;0.0;0.0;0.0;0.0;0.0;0.0;7.0;0.0;585128.7727;0.0;27.7046;0.0;2.0753;242.38;0.0343
87803;0.0;0.0;0.0;0.0;0.0;0.0;3.0;1367.4984;34662.6292;0.5759;153.3843;0.0;0.0;0.0;0.0
95920;0.0;0.0;0.0;1.0633;1.1176;101.6576;96.0;15412.651;134488.2346;0.5759;151.141;0.0;1.2452;50.0546;0.0143
318900;0.0;0.0;0.0;0.0;0.0;0.0;12.0;5497.0369;144111.0246;60.4675;2549.4877;0.0;0.4151;36.4769;0.0251
279934;0.0;0.0;0.0;0.0;0.0;0.0;9.0;1447.4965;1925619.5812;0.0;0.0;0.0;0.0;30.0082;0.0096
92867;0.0;0.0;0.0;8.5063;0.0;0.0;56.0;5652.9876;126167.5525;12.0935;2608.9346;0.0;5.3958;232.9337;0.0152
254063;0.0;957.2276;0.0;0.0;0.0;0.0;46.0;38559.6215;34250.0639;1.1518;2.8041;0.0;0.0;0.0;0.0
219972;0.0;0.0;0.0;0.0;0.0;0.0;10.0;1353.0752;28006.2053;4.0312;227.1321;0.0;0.8301;43.788;0.0195
121599;0.0;0.0;0.0;0.0;0.0;0.0;0.0;0.0;137495.2652;0.5759;104.3125;0.0;0.8301;19.2033;0.0094
54655;0.0;0.0;0.0;1.0633;0.0;0.0;15.0;3042.3909;61207.8606;22.4594;1095.2814;0.0;2.9054;130.2392;0.0168
23323;0.0;0.0;0.0;0.0;0.0;0.0;7.0;30264.2354;0.0;0.0;304.3465;0.0;0.0;0.0;0.0
74340;0.0;0.0;0.0;0.0;0.0;0.0;10.0;25716.325;67970.792;1.1518;264.1462;0.0;0.0;38.0815;0.0
383354;0.0;0.0;0.0;0.0;0.0;0.0;3.0;1687.5128;51719.4195;0.5759;1.402;0.0;0.4151;5.7127;0.0054
289226;0.0;0.0;0.0;0.0;0.0;0.0;0.0;600.0855;2547339.7437;8.0623;261.7376;0.0;0.0;0.0;0.0061
306451;0.0;0.0;0.0;0.0;0.0;0.0;13.0;5213.9819;128475.7649;3.4553;797.7664;0.0;0.0;0.0;0.0
188679;0.0;0.0;0.0;0.0;0.0;0.0;192.0;51815.5425;304775.6632;0.5759;138.2421;0.0;0.4151;18.9287;0.0176
233097;0.0;0.0;0.0;0.0;0.0;0.0;0.0;9832.1788;2898500.0426;0.0;297.1146;0.0;0.4151;12.7319;0.0095
234787;0.0;0.0;0.0;0.0;0.0;0.0;24.0;2808.9156;119380.1774;15.5488;2938.4163;0.0;0.8301;82.4425;0.0507
301624;0.0;0.0;0.0;0.0;0.0;0.0;4.0;30.6493;672.1111;0.0;21.3131;0.0;0.8301;79.1133;0.0316
208066;0.0;0.0;0.0;0.0;0.0;0.0;7.0;113625.6999;0.0;35.7046;75.9377;0.0;0.0;0.0;0.0
357231;0.0;0.0;0.0;0.0;0.0;0.0;10.0;21245.958;7266355.6069;0.0;60.134;0.0;0.0;0.0;0.0
315811;0.0;0.0;0.0;0.0;0.0;0.0;16.0;9048.7466;215665.609;21.3076;4402.4369;0.0;1.2452;72.5275;0.0256
132486;0.0;0.0;0.0;0.0;0.0;0.0;13.0;18483.2063;337714.4345;0.0;194.791;0.0;0.4151;22.7257;0.0128
59164;0.0;0.0;0.0;0.0;0.0;0.0;21.0;25686.3281;0.0;0.5759;153.1039;0.0;0.8301;29.5978;0.0164
318612;0.0;0.0;0.0;0.0;0.0;0.0;7.0;3299.3039;75449.9887;3.4553;470.8084;0.0;0.0;35.6188;0.0
308247;0.0;0.0;0.0;0.0;0.0;0.0;12.0;135.2174;3155.451;3.4553;67.4331;0.0;1.2452;107.118;0.028
197556;0.0;0.0;0.0;0.0;0.0;0.0;24.0;3564.3299;144710.5603;10.9417;1070.3249;0.0;0.8301;59.463;0.0149
214969;0.0;0.0;0.0;1.0633;0.0;0.0;75.0;0.0;0.0;2.8794;650.5512;0.0;0.4151;21.3929;0.0174
175550;0.0;0.0;0.0;0.0;0.0;0.0;28.0;18551.8995;0.0;0.0;0.0;0.0;0.0;5.3532;0.0069
251635;0.0;0.0;0.0;0.0;0.0;0.0;35.0;8725.1263;206297.075;27.0664;4696.8674;0.0;1.6602;207.6316;0.0391
332551;0.0;0.0;0.0;1.0633;0.0;0.0;4.0;1520.7447;32005.7394;1.7276;344.9043;0.0;0.0;8.5066;0.0076
78845;0.0;0.0;0.0;0.0;0.0;0.0;50.0;5602.5065;129375.0684;0.5759;23.8348;0.0;3.7355;246.9136;0.0194
23505;0.0;0.0;0.0;0.0;0.0;0.0;0.0;54717.3883;730962.3278;0.0;0.0;0.0;0.8301;83.5065;0.0451
111582;0.0;0.0;0.0;0.0;0.0;0.0;0.0;11921.5112;0.0;1.1518;246.7608;0.0;0.4151;21.907;0.0233
214516;0.0;0.0;0.0;0.0;0.0;0.0;19.0;4787.5964;138155.1108;9.79;1049.0138;0.0;0.0;0.0;0.0
78306;0.0;0.0;0.0;1.0633;0.0;0.0;32.0;4934.5327;97964.1315;1.7276;423.9799;0.0;4.5656;229.5879;0.018
301196;0.0;0.0;0.0;2.1266;0.0;0.0;0.0;0.0;0.0;1.1518;324.4381;0.0;0.4151;49.7485;0.0382
305789;0.0;0.0;0.0;0.0;0.0;0.0;6.0;47434.3588;411611.4418;0.0;18.2054;0.0;0.0;51.3063;0.0
391055;0.0;0.0;0.0;0.0;0.0;0.0;3.0;1160.1651;40684.8074;1.1518;216.4765;0.0;0.0;0.0;0.0
34768;0.0;0.0;0.0;0.0;0.0;0.0;24.0;13770.5372;970870.7393;44.3429;11410.1631;0.0;3.7355;417.0519;0.0205
323156;0.0;0.0;0.0;1.0633;0.0;0.0;18.0;7414.4193;166781.3622;48.374;683.6396;0.0;2.9054;267.2628;0.0275
175408;0.0;0.0;0.0;0.0;0.0;0.0;0.0;29576.1749;0.0;1.7276;39.5378;0.0;0.4151;6.4037;0.0073
39177;0.0;0.0;0.0;0.0;0.0;0.0;4.0;18181.9175;943.4798;5.1829;481.1836;0.0;4.1506;259.9884;0.0151
146045;0.0;0.0;0.0;1.0633;0.0;0.0;103.0;6093.4467;101019.3731;0.0;0.0;0.0;0.0;0.0;0.0
233916;0.0;0.0;0.0;2.1266;0.0;0.0;62.0;0.0;1187669.6596;6.9106;360.8877;0.0;2.9054;251.7347;0.0279
377245;0.0;0.0;0.0;0.0;0.0;0.0;0.0;59577.4369;6302.8373;0.0;0.0;0.0;0.0;0.0;0.0058
361238;0.0;0.0;0.0;0.0;0.0;0.0;12.0;1523.4491;34058.3603;0.5759;208.8454;0.0;1.2452;45.9025;0.0105
289448;0.0;0.0;0.0;0.0;0.0;0.0;37.0;19414.544;3359.8175;0.0;0.0;0.0;0.0;48.453;0.0062
4761;0.0;0.0;0.0;0.0;0.0;0.0;93.0;0.0;145515.6507;0.5759;5.6082;0.0;0.8301;57.9815;0.0246
58738;0.0;0.0;0.0;1.0633;0.0;0.0;7.0;54015.9525;387010.0236;4.0312;706.3528;0.0;0.8301;64.8857;0.032
57349;0.0;0.0;0.0;0.0;0.0;0.0;9.0;78.3056;3237.6761;4.6071;1266.6119;0.0;1.2452;41.4723;0.0145
367476;0.0;0.0;0.0;0.0;0.0;0.0;12.0;22660.1047;37777.4492;0.5759;112.164;0.0;0.4151;20.3121;0.0149
86665;0.0;0.0;0.0;0.0;0.0;0.0;15.0;67305.1537;643192.396;0.0;76.3283;0.0;0.0;0.0;0.0074
290502;0.0;0.0;0.0;0.0;0.0;0.0;0.0;4891.0489;203036.8314;0.0;0.0;0.0;0.0;0.0;0.0047
188060;0.0;0.0;0.0;1.0633;0.0;0.0;56.0;16326.1456;430812.1464;4.6071;49.913;0.0;4.1506;368.0522;0.0261
116320;0.0;0.0;0.0;0.0;0.0;0.0;6.0;0.0;1428776.5204;5.1829;41.2203;0.0;0.4151;30.272;0.0213
86287;0.0;0.0;0.0;0.0;0.0;0.0;16.0;7327.8802;169422.4747;5.1829;764.6781;0.0;0.4151;0.0;0.0
319428;0.0;0.0;0.0;0.0;0.0;0.0;28.0;0.0;0.0;0.0;70.0182;0.0;0.4151;19.5816;0.0395
98141;0.0;0.0;0.0;0.0;0.0;0.0;0.0;11173.51;703292.0048;0.5759;123.6608;0.0;1.6602;37.6385;0.0093
290685;0.0;0.0;0.0;0.0;0.0;0.0;12.0;1374.71;38870.4231;1.7276;305.9273;0.0;0.4151;56.8945;0.043
275586;0.0;0.0;0.0;0.0;0.0;0.0;0.0;44562.6198;0.0;0.0;40.2495;0.0;0.0;12.2509;0.0
367598;0.0;0.0;0.0;0.0;0.0;0.0;15.0;474.1623;10807.4197;0.0;61.8485;0.0;1.2452;45.9025;0.0105
369208;0.0;0.0;0.0;0.0;0.0;0.0;49.0;38559.6215;18652.2485;0.0;0.0;0.0;0.0;41.725;0.0
145810;0.0;0.0;0.0;0.0;0.0;0.0;21.0;7255.7512;748992.3321;2.8794;493.2412;0.0;1.2452;42.9647;0.0134
25764;0.0;0.0;0.0;0.0;0.0;0.0;75.0;1375.5494;0.0;1.1518;3.6453;0.0;2.4904;84.303;0.0195
304640;0.0;0.0;0.0;0.0;0.0;0.0;0.0;13589.5086;4253261.3463;4.6071;171.6109;0.0;0.8301;64.2833;0.0213
84688;0.0;0.0;0.0;0.0;0.0;0.0;18.0;5140.0631;86400.9814;10.9417;362.5701;0.0;0.8301;35.2408;0.0162
145197;0.0;0.0;0.0;0.0;0.0;0.0;43.0;15420.1892;321237.5329;17.2764;4578.8148;0.0;2.9054;148.8175;0.0188
79792;0.0;0.0;0.0;0.0;0.0;0.0;0.0;120272.4404;48440.6792;17.8523;110.7476;0.0;0.0;73.4539;0.0
362792;0.0;0.0;0.0;0.0;0.0;0.0;35.0;0.0;669867.735;0.0;68.0215;0.0;0.0;0.0;0.0139
209692;0.0;0.0;0.0;0.0;0.0;0.0;0.0;23449.5368;788407.0004;0.0;1609.9424;0.0;0.0;0.0;0.0
270144;0.0;0.0;0.0;0.0;0.0;0.0;15.0;2693.5301;60272.2694;0.5759;141.607;0.0;0.4151;45.0135;0.0404
296782;0.0;0.0;0.0;0.0;0.0;0.0;91.0;8859.433;1015262.4917;4.6071;127.867;0.0;0.0;127.4438;0.0
55676;0.0;0.0;0.0;0.0;0.0;0.0;0.0;60514.5551;0.0;1.1518;298.0758;0.0;0.8301;33.5312;0.0164
22943;0.0;0.0;0.0;0.0;0.0;0.0;27.0;7521.6917;213482.0369;10.9417;137.1205;0.0;5.3958;376.869;0.0235
5501;0.0;0.0;0.0;0.0;0.0;0.0;32.0;192.5539;101019.3731;14.397;1530.1973;0.0;1.2452;93.5523;0.0208
405095;0.0;0.0;0.0;0.0;0.0;0.0;10.0;2262.7946;0.0;0.5759;119.7351;0.0;0.4151;31.9853;0.0175
17335;0.0;0.0;0.0;0.0;0.0;0.0;31.0;40730.5597;1423331.2402;0.0;0.0;0.0;0.8301;27.6077;0.0174
215974;0.0;0.0;0.0;0.0;0.0;0.0;6.0;1105.1767;19570.1071;6.3347;1100.3288;0.0;0.8301;17.5067;0.0082
4731;0.0;957.2276;0.0;1.0633;0.0;0.0;18.0;3107.2952;116852.6612;37.4323;504.4576;0.0;4.9807;289.5748;0.0147
88319;0.0;0.0;0.0;0.0;0.0;0.0;13.0;1372.9071;28847.133;1.1518;285.177;0.0;0.8301;31.4752;0.0177
393856;0.0;0.0;0.0;0.0;0.0;0.0;15.0;4649.6747;118996.7901;9.2141;1602.2627;0.0;0.4151;17.2618;0.0116
188946;0.0;0.0;0.0;0.0;0.0;0.0;4.0;28.8464;536.4267;1.1518;0.0;0.0;0.8301;20.6404;0.0098
263538;0.0;0.0;0.0;0.0;0.0;0.0;10.0;1917.3823;58823.9174;40.3117;1709.6597;0.0;2.9054;251.0842;0.0297
139270;0.0;0.0;0.0;0.0;0.0;0.0;10.0;0.0;766540.3986;0.0;0.0;0.0;0.8301;94.7214;0.0427
210984;0.0;0.0;0.0;0.0;0.0;0.0;68.0;21923.2434;498559.6792;41.4635;6432.8857;0.0;3.3205;286.1618;0.0269
284138;0.0;0.0;0.0;0.0;0.0;0.0;24.0;114124.155;44159.9905;0.0;0.0;0.0;0.0;11.0702;0.0005
236905;0.0;0.0;0.0;2.1266;0.0;0.0;21.0;2963.9648;51542.7142;2.3035;48.2305;0.0;0.8301;43.788;0.0195
266038;0.0;0.0;0.0;0.0;0.0;0.0;7.0;567.4796;93180.3866;0.5759;21.8616;0.0;0.0;4.6327;0.0029
345924;0.0;0.0;0.0;0.0;0.0;0.0;4.0;1068.2172;31404.626;2.8794;708.0352;0.0;0.4151;37.2716;0.0279
396028;0.0;0.0;0.0;0.0;0.0;0.0;0.0;22913.9617;74680.9716;143.3945;0.0;0.0;0.0;0.0;0.0225
335829;0.0;0.0;0.0;0.0;0.0;0.0;10.0;383.1159;9658.8355;0.5759;91.6941;0.0;0.4151;60.3234;0.0462
106996;0.0;0.0;0.0;0.0;0.0;0.0;15.0;0.0;0.0;0.5759;0.2804;0.0;1.2452;74.9174;0.0208
280697;0.0;0.0;0.0;0.0;0.0;0.0;0.0;119096.4058;1359034.6453;1.1518;226.6488;0.0;0.0;21.2655;0.0
52478;1.0;0.0;0.0;0.0;0.0;0.0;37.0;3336.2633;63481.3631;5.7588;1029.3851;0.0;3.7355;318.4021;0.0278
21476;0.0;0.0;0.0;0.0;0.0;0.0;25.0;0.0;985329.5089;0.0;0.0;0.0;0.8301;50.4644;0.0277
409993;0.0;0.0;0.0;0.0;0.0;0.0;49.0;8542.7493;44937.918;0.0;0.0;0.0;0.0;0.0;0.0
250928;0.0;0.0;0.0;0.0;0.0;0.0;7.0;14609.7674;0.0;0.0;200.4651;0.0;0.0;0.0;0.0008
197810;0.0;0.0;0.0;0.0;0.0;0.0;0.0;113.7659;202590.9983;0.0;0.0;0.0;0.0;0.0;0.0064
142694;0.0;0.0;0.0;0.0;0.0;0.0;0.0;0.0;0.0;0.0;73.1214;0.0;2.0753;213.4449;0.0363
392063;0.0;0.0;0.0;0.0;0.0;0.0;53.0;0.0;0.0;0.0;0.0;0.0;0.0;48.3375;0.0
44218;0.0;0.0;0.0;0.0;0.0;0.0;0.0;56945.7849;2021205.7702;0.5759;96.7414;0.0;0.8301;56.5545;0.0242
73492;0.0;0.0;0.0;0.0;0.0;0.0;53.0;0.0;274421.462;0.5759;146.9348;0.0;0.4151;30.3935;0.031
220101;0.0;0.0;0.0;2.1266;0.0;0.0;77.0;17948.7541;488566.3659;25.3388;4606.5754;0.0;2.9054;267.41;0.0274
197545;0.0;0.0;0.0;0.0;0.0;0.0;37.0;7498.254;215610.3886;19.58;3386.7919;0.0;2.0753;246.0906;0.03
298063;0.0;0.0;0.0;0.0;0.0;0.0;57.0;5186.037;98620.4653;0.5759;132.0731;0.0;2.0753;141.3064;0.0213
157956;0.0;0.0;0.0;0.0;0.0;0.0;25.0;3743.7863;15288.2301;2.8794;390.6111;0.0;0.8301;9.9662;0.005
357683;0.0;0.0;0.0;0.0;0.0;0.0;100.0;0.0;1531483.3165;0.0;0.0;0.0;0.0;66.1065;0.0
264003;0.0;0.0;0.0;0.0;0.0;0.0;9.0;916.7738;19789.4109;5.7588;531.9378;0.0;0.8301;79.8781;0.0307
160879;0.0;0.0;0.0;0.0;0.0;0.0;44.0;12499.5945;0.0;0.0;130.5315;0.0;0.0;26.7529;0.0
350717;0.0;0.0;0.0;0.0;0.0;0.0;9.0;592.2521;15788.299;1.1518;114.6877;0.0;1.2452;101.7227;0.0292
363390;0.0;0.0;0.0;0.0;0.0;0.0;3.0;575.1246;11962.3147;0.5759;509.5383;0.0;0.0;0.0;0.0077
55345;0.0;0.0;0.0;1.0633;0.0;0.0;47.0;2847.6779;76019.5476;4.0312;789.6345;0.0;4.1506;192.4361;0.0152
99017;0.0;0.0;0.0;0.0;0.0;0.0;74.0;36623.213;1262012.8988;4.0312;461.5549;0.0;1.6602;37.1147;0.0091
366550;0.0;0.0;0.0;0.0;0.0;0.0;53.0;10028.8693;685652.6692;0.0;0.0;0.0;0.0;0.0;0.0101
73830;0.0;0.0;0.0;0.0;0.0;0.0;66.0;183.5139;685652.6692;6.3347;472.4908;0.0;1.6602;61.0146;0.0139
166057;0.0;0.0;0.0;0.0;0.0;0.0;153.0;8431.5602;673960.2909;1.7276;684.5335;0.0;0.0;1.0804;0.0
278026;0.0;0.0;0.0;0.0;0.0;0.0;15.0;4519.866;68744.6553;6.3347;209.4663;0.0;0.8301;105.9069;0.0389
352168;0.0;0.0;0.0;0.0;0.0;0.0;4.0;294.7739;7596.7483;1.7276;415.848;0.0;0.0;0.0;0.0
293816;0.0;0.0;0.0;0.0;0.0;0.0;68.0;0.0;0.0;0.0;0.0;0.0;0.0;0.0;0.0051
91164;0.0;0.0;0.0;0.0;0.0;0.0;169.0;103121.4458;0.0;1.1518;200.2127;0.0;0.4151;22.4817;0.0233
274625;0.0;0.0;0.0;0.0;0.0;0.0;100.0;0.0;3237.6761;0.0;32.0099;0.0;0.0;5.6;0.0
243471;0.0;0.0;0.0;0.0;0.0;0.0;12.0;5502.4456;128310.1037;5.1829;1164.5427;0.0;0.8301;19.3615;0.0075
335987;0.0;0.0;0.0;0.0;0.0;0.0;29.0;11186.0825;282059.4534;9.2141;2686.3277;0.0;1.6602;124.6205;0.0247
100401;0.0;0.0;0.0;0.0;0.0;0.0;21.0;4519.8532;137867.8243;0.0;6.8525;0.0;0.0;0.0;0.0078
172696;0.0;0.0;0.0;2.1266;0.0;0.0;31.0;1935.7693;0.0;1.1518;622.946;0.0;0.4151;6.7556;0.0066
351222;0.0;0.0;0.0;0.0;0.0;0.0;18.0;13589.5086;140335.2524;0.0;4370.8057;0.0;0.0;0.0;0.0071
251658;0.0;0.0;0.0;0.0;0.0;0.0;18.0;3444.4372;72802.5653;8.6382;1469.3484;0.0;0.8301;40.8438;0.0174
213352;0.0;0.0;0.0;0.0;0.0;0.0;69.0;2656.3979;181592.745;1.1518;25.1006;0.0;0.0;49.0692;0.0
192364;0.0;0.0;0.0;0.0;0.0;0.0;0.0;20994.1921;34815.576;0.0;68.4321;0.0;0.0;6.4557;0.0
145076;0.0;0.0;0.0;0.0;0.0;0.0;6.0;325.4231;5632.48;4.6071;696.8188;0.0;2.0753;51.7478;0.0097
335913;0.0;0.0;0.0;0.0;0.0;0.0;32.0;12625.6968;329533.2136;19.0041;4818.5653;0.0;1.6602;205.1141;0.0346
207520;0.0;0.0;0.0;1.0633;1.1176;2.2591;0.0;102451.4004;69673.2078;28.7941;3821.9882;0.0;0.0;0.0;0.0
135137;0.0;0.0;0.0;0.0;0.0;0.0;46.0;14835.1487;290150.0297;6.3347;722.3361;0.0;3.3205;178.0152;0.0223
209530;0.0;0.0;0.0;0.0;0.0;0.0;0.0;18759.6639;0.0;6.9106;1760.9748;0.0;1.2452;30.1992;0.0073
387697;0.0;0.0;0.0;0.0;0.0;0.0;7.0;14894.3085;597285.7245;1.7276;25.7977;0.0;0.4151;28.0109;0.0149
279298;0.0;0.0;0.0;0.0;0.0;0.0;121.0;4743.4613;0.0;0.0;308.6377;0.0;0.0;29.3266;0.0
157744;0.0;0.0;0.0;1.0633;0.0;0.0;46.0;33275.1156;346771.7749;0.5759;0.0;0.0;0.0;0.0;0.0092
13274;0.0;0.0;0.0;1.0633;0.0;2.2591;0.0;5757.733;2369074.2298;0.0;83.2696;0.0;0.8301;31.595;0.0154
267457;0.0;0.0;0.0;0.0;0.0;0.0;0.0;0.0;91245.3152;5.1829;214.2332;0.0;0.4151;14.3283;0.0116
288389;0.0;0.0;0.0;0.0;0.0;0.0;3.0;665.2695;12664.4026;0.0;1246.1217;0.0;0.0;27.2778;0.0049
227208;0.0;0.0;0.0;0.0;0.0;0.0;29.0;16728.1919;308628.3507;7.4865;1043.686;0.0;0.8301;44.08;0.0195
43777;0.0;0.0;0.0;0.0;0.0;0.0;38.0;5593.492;157826.1923;12.6694;1679.6559;0.0;3.3205;218.6059;0.0221
161787;0.0;0.0;0.0;0.0;0.0;0.0;0.0;4359.5201;0.0;0.0;0.0;0.0;0.0;0.0;0.0081
331722;0.0;0.0;0.0;1.0633;0.0;0.0;18.0;501.2057;12233.6835;0.0;133.1381;0.0;0.8301;79.1133;0.0316
139541;0.0;0.0;0.0;0.0;0.0;0.0;84.0;113625.6999;0.0;1.1518;92.8157;0.0;1.2452;19.8878;0.0078
265873;0.0;0.0;0.0;0.0;0.0;0.0;7.0;354.2695;7300.1359;4.6071;0.0;0.0;2.0753;264.668;0.0364
186735;0.0;0.0;0.0;0.0;0.0;0.0;13.0;0.0;125785.943;1.1518;255.0472;0.0;0.4151;9.1803;0.0079
338405;0.0;0.0;0.0;0.0;0.0;0.0;7.0;2402.362;72502.7975;3.4553;233.8619;0.0;0.4151;71.031;0.0462
119903;0.0;0.0;0.0;1.0633;0.0;0.0;9.0;24494.8866;321674.3015;24.187;4146.1422;0.0;2.4904;67.7701;0.0117
176781;0.0;0.0;0.0;0.0;0.0;0.0;15.0;0.0;213498.5909;0.0;0.0;0.0;0.0;0.0;0.0
1242;0.0;0.0;0.0;0.0;0.0;0.0;29.0;63151.2807;741202.4625;56.4364;3797.3121;0.0;1.2452;70.1468;0.0177
134148;0.0;0.0;0.0;0.0;0.0;0.0;24.0;16161.5432;2421.7341;31.0976;54.7039;0.0;0.4151;20.0702;0.0256
283564;0.0;0.0;0.0;0.0;0.0;0.0;53.0;11915.3549;322648.0195;10.3659;2112.6089;0.0;1.6602;196.1019;0.0353
208016;0.0;0.0;0.0;0.0;0.0;0.0;0.0;0.0;1260371.2308;0.0;0.0;0.0;0.8301;20.6404;0.0098
123676;0.0;0.0;0.0;1.0633;0.0;0.0;7.0;8599.6093;11829.9887;7.4865;1268.2944;0.0;1.2452;58.7405;0.0124
79611;0.0;0.0;0.0;0.0;0.0;0.0;108.0;1985.4067;62529.785;0.0;0.0;0.0;0.0;0.0;0.0
352960;0.0;0.0;0.0;0.0;0.0;0.0;15.0;454.9819;0.0;0.0;115.5566;0.0;0.0;0.0;0.0084
53078;0.0;0.0;0.0;0.0;0.0;0.0;0.0;123095.3283;349513.3782;1.7276;0.0;0.0;0.0;0.0;0.0
252402;0.0;0.0;0.0;0.0;0.0;0.0;0.0;32665.3186;0.0;5.7588;1556.0173;0.0;0.0;0.0;0.0062
258925;0.0;0.0;0.0;0.0;0.0;0.0;150.0;55105.2035;1689916.2706;2.8794;79.6364;0.0;0.4151;20.6981;0.0175
270819;0.0;0.0;0.0;1.0633;0.0;0.0;15.0;2138.2374;60354.3111;29.9458;1839.2092;0.0;1.6602;159.1764;0.0245
392200;0.0;0.0;0.0;0.0;0.0;0.0;6.0;175.7826;5902.2711;0.5759;131.7927;0.0;0.4151;30.7761;0.0155
22388;0.0;0.0;0.0;0.0;0.0;0.0;44.0;6559.9781;545139.5819;8.6382;256.5751;0.0;2.0753;51.8292;0.0123
215867;0.0;0.0;0.0;0.0;0.0;0.0;68.0;2279.5263;256884.4488;8.0623;164.39;0.0;0.4151;0.0;0.0
246621;0.0;0.0;0.0;0.0;0.0;0.0;9.0;366.8898;8382.4556;9.79;17.1587;0.0;0.8301;90.5055;0.0376
306531;0.0;0.0;0.0;0.0;0.0;0.0;0.0;0.0;14279.1296;1.7276;479.5011;0.0;1.2452;17.3795;0.0077
348047;0.0;0.0;0.0;0.0;0.0;0.0;40.0;5167.1065;136238.1743;1.1518;234.9836;0.0;1.2452;26.6953;0.006
225825;0.0;0.0;0.0;0.0;0.0;0.0;9.0;1336.8491;65858.9954;9.2141;1168.4684;0.0;3.7355;379.2701;0.0265
342082;0.0;0.0;0.0;0.0;0.0;0.0;109.0;173883.2456;354547.5112;0.0;180.7039;0.0;0.0;0.0;0.0
210549;0.0;0.0;0.0;0.0;0.0;0.0;96.0;9909.1271;316893.0539;3.4553;0.0;0.0;1.2452;138.9854;0.0332
227432;0.0;0.0;0.0;0.0;0.0;0.0;12.0;8530.7687;66081.2359;0.0;1009.8012;0.0;0.0;0.0;0.0084
359818;0.0;0.0;0.0;0.0;0.0;0.0;13.0;3195.3636;1342254.6988;2.3035;21.8616;0.0;0.0;64.2545;0.0
64877;0.0;0.0;0.0;0.0;0.0;0.0;81.0;51752.1958;1289848.9692;109.4175;19409.6994;0.0;4.9807;364.3316;0.0226
101449;0.0;0.0;0.0;0.0;0.0;0.0;13.0;28903.8539;0.0;12.0935;40.2495;0.0;2.0753;53.8246;0.0104
281000;0.0;0.0;0.0;0.0;0.0;0.0;44.0;2041.341;3161.2152;0.0;119.3081;0.0;0.0;4.3232;0.0084
217475;0.0;0.0;0.0;0.0;0.0;0.0;0.0;24820.1917;0.0;0.0;0.0;0.0;0.0;0.0;0.0042
198311;0.0;0.0;0.0;1.0633;0.0;0.0;9.0;2590.7649;47049.352;33.4011;307.6098;0.0;4.5656;114.4746;0.0103
244478;0.0;0.0;0.0;0.0;0.0;0.0;31.0;61837.35;112236.2976;1.1518;41.2203;0.0;0.4151;8.5365;0.0078
112057;0.0;0.0;0.0;0.0;0.0;0.0;66.0;15476.079;323877.0676;19.58;3059.8339;0.0;1.6602;83.6415;0.0181
119590;0.0;0.0;0.0;0.0;0.0;0.0;0.0;25898.7878;1145516.9326;0.0;1959.7176;0.0;0.0;22.6336;0.0054
207425;0.0;0.0;0.0;0.0;0.0;0.0;3.0;1442.3186;35206.9445;0.0;194.486;0.0;0.4151;15.1197;0.0136
228282;0.0;0.0;0.0;0.0;0.0;0.0;298.0;12710.8729;13980.2239;1.7276;14.8617;0.0;1.2452;14.9957;0.005
170939;0.0;0.0;0.0;0.0;0.0;0.0;32.0;2450.1388;66742.5217;2.3035;415.848;0.0;1.6602;120.2502;0.0255
315401;0.0;0.0;0.0;0.0;0.0;0.0;162.0;0.0;1104510.0102;0.0;40.2495;0.0;0.0;48.0766;0.0111
246897;0.0;0.0;0.0;0.0;0.0;0.0;34.0;15943.0297;354182.019;19.0041;2542.4774;0.0;0.8301;59.0376;0.0259
128454;0.0;0.0;0.0;0.0;0.0;0.0;0.0;11020.52;146330.5277;0.0;0.0;0.0;0.0;0.0;0.0066
257919;0.0;0.0;0.0;0.0;0.0;0.0;19.0;7679.0833;0.0;0.5759;117.7722;0.0;0.4151;11.3363;0.0095
216225;0.0;0.0;0.0;0.0;0.0;0.0;15.0;2698.0373;100614.7104;3.4553;136.2793;0.0;1.2452;197.4998;0.0312
388189;0.0;0.0;0.0;0.0;0.0;0.0;7.0;5104.0051;151890.789;8.6382;639.6152;0.0;0.0;0.0;0.0118
20620;0.0;0.0;0.0;0.0;0.0;0.0;100.0;63969.4228;75737.5672;2.8794;235.8248;0.0;2.4904;120.4918;0.0203
208697;0.0;0.0;0.0;1.0633;0.0;0.0;83.0;25769.7269;741772.3754;24.187;4416.7378;0.0;4.1506;404.992;0.0256
157719;0.0;0.0;0.0;0.0;0.0;0.0;0.0;0.0;1352479.5603;0.5759;0.0;0.0;0.0;21.4761;0.0033
391650;0.0;0.0;0.0;0.0;0.0;0.0;47.0;11743.1938;213498.5909;0.0;68.542;0.0;0.0;48.8191;0.0
185167;0.0;0.0;0.0;0.0;0.0;0.0;0.0;6200.3649;0.0;0.0;83.9623;0.0;0.0;67.1397;0.0
40722;0.0;0.0;0.0;0.0;0.0;0.0;25.0;61837.35;0.0;5.1829;411.3615;0.0;2.9054;264.9365;0.0339
268695;0.0;0.0;0.0;1.0633;0.0;0.0;19.0;2674.5996;79441.6342;6.9106;1377.9347;0.0;0.8301;92.0664;0.0389
143782;0.0;0.0;0.0;0.0;0.0;0.0;4.0;778.8521;21692.1479;1.7276;425.1016;0.0;0.4151;12.428;0.011
109283;0.0;0.0;0.0;0.0;0.0;0.0;21.0;18178.9295;0.0;52.9811;12393.5609;0.0;2.4904;73.4959;0.0121
277539;0.0;0.0;0.0;2.1266;0.0;0.0;46.0;4382.8458;77112.9114;6.3347;1675.7301;0.0;1.2452;109.8508;0.0285
26798;0.0;0.0;0.0;0.0;0.0;0.0;112.0;27575.8213;0.0;1.1518;0.0;0.0;4.1506;178.1069;0.0179
325930;0.0;0.0;0.0;0.0;0.0;0.0;3.0;126.2029;2693.1774;1.1518;204.6993;0.0;0.4151;33.8866;0.0251
150326;0.0;0.0;0.0;0.0;0.0;0.0;9.0;3303.8111;127944.0714;59.3158;10160.0953;0.0;1.6602;69.9537;0.0117
7143;0.0;0.0;0.0;0.0;0.0;0.0;25.0;11409.6419;334712.8864;1.7276;419.4934;0.0;4.5656;396.3173;0.0232
389040;0.0;0.0;0.0;0.0;0.0;0.0;0.0;7911.3355;90421.6017;0.0;0.0;0.0;0.0;6.8296;0.004
263640;0.0;0.0;0.0;0.0;0.0;0.0;7.0;113164.9969;737661.1692;14.397;346.5868;0.0;1.6602;291.5733;0.0598
159189;0.0;0.0;0.0;0.0;0.0;0.0;0.0;8605.1239;0.0;2.8794;174.0649;0.0;0.4151;4.4624;0.0083
258650;0.0;0.0;0.0;0.0;0.0;0.0;52.0;0.0;3838111.908;1.7276;106.2754;0.0;1.2452;49.6405;0.0133
311090;0.0;0.0;0.0;0.0;0.0;0.0;9.0;0.0;0.0;6.3347;746.7318;0.0;2.4904;114.0055;0.0152
327363;0.0;0.0;0.0;0.0;0.0;0.0;0.0;0.0;135811.3919;0.0;74.2646;0.0;0.0;0.0;0.003
253521;0.0;0.0;0.0;0.0;0.0;0.0;0.0;51790.1812;21951.5834;0.0;92.8371;0.0;0.0;0.0;0.0052
333259;0.0;0.0;0.0;0.0;0.0;0.0;44.0;7453.1816;189868.2194;1.7276;367.6175;0.0;0.8301;61.6884;0.0206
49509;0.0;0.0;0.0;0.0;0.0;0.0;37.0;0.0;89142.4548;6.9106;2507.8441;0.0;0.0;0.0;0.0
227740;0.0;0.0;0.0;1.0633;0.0;0.0;18.0;2149.0548;62705.1221;13.8212;2462.841;0.0;2.0753;278.3226;0.0388
359811;0.0;0.0;0.0;0.0;0.0;0.0;38.0;12037.0505;347132.7415;10.3659;2301.0444;0.0;0.8301;125.2044;0.0357
52519;0.0;0.0;0.0;1.0633;0.0;0.0;18.0;55105.2035;544904.4636;0.0;64.6907;0.0;0.8301;51.3744;0.0272
300071;0.0;0.0;0.0;0.0;0.0;0.0;37.0;5717.892;189906.0848;1.1518;52.7171;0.0;1.2452;121.141;0.0258
228023;0.0;0.0;0.0;0.0;0.0;0.0;12.0;0.0;0.0;0.0;0.0;0.0;0.0;20.8199;0.0038
359428;0.0;0.0;0.0;0.0;0.0;0.0;7.0;1867.8026;48437.7505;3.4553;715.6063;0.0;0.0;0.0;0.0
156211;0.0;0.0;0.0;0.0;0.0;0.0;0.0;321.4739;2766087.3437;0.0;32.7115;0.0;0.0;0.0;0.0
150839;0.0;0.0;0.0;0.0;0.0;0.0;0.0;18629.006;0.0;0.5759;132.9143;0.0;0.8301;51.4239;0.0238
31795;0.0;0.0;0.0;0.0;0.0;0.0;15.0;0.0;757837.0893;0.0;64.4429;0.0;1.2452;112.9534;0.0185
148565;0.0;0.0;0.0;1.0633;0.0;0.0;19.0;2083.1628;130324.6862;32.8252;5523.7965;0.0;3.3205;243.843;0.0239
149667;0.0;0.0;0.0;0.0;0.0;0.0;7.0;0.0;0.0;0.0;0.0;0.0;0.0;0.0;0.0095
344574;0.0;0.0;0.0;0.0;0.0;0.0;43.0;14065.3111;514180.7393;1.7276;5.8886;0.0;0.8301;98.2104;0.0299
177275;0.0;0.0;0.0;0.0;0.0;0.0;7.0;0.0;1781931.8168;0.0;63.8356;0.0;0.0;21.7115;0.0
107457;0.0;0.0;0.0;0.0;0.0;0.0;38.0;4924.4374;1152660.488;0.0;407.6182;0.0;0.0;0.0;0.0
393855;0.0;0.0;0.0;0.0;0.0;0.0;4.0;408.3565;9851.318;0.5759;63.3727;0.0;0.4151;17.2618;0.0116
237427;0.0;0.0;0.0;1.0633;0.0;0.0;28.0;9652.7175;227362.8659;13.8212;3240.9787;0.0;1.6602;135.1003;0.0279
62208;0.0;0.0;0.0;1.0633;0.0;0.0;52.0;8987.448;217074.5179;11.5176;2065.5;0.0;4.5656;408.2133;0.0306
9662;0.0;0.0;0.0;0.0;0.0;0.0;7.0;43683.7076;7266355.6069;3.4553;0.0;0.0;4.9807;191.971;0.0164
240477;0.0;0.0;0.0;0.0;0.0;0.0;7.0;3326.3474;65835.3295;5.1829;945.8229;0.0;0.8301;20.606;0.0089
42153;0.0;0.0;0.0;0.0;0.0;0.0;0.0;0.0;0.0;0.0;180.5386;0.0;0.8301;34.3085;0.0154
201357;0.0;0.0;0.0;0.0;0.0;0.0;7.0;2262.7946;128849.3635;0.0;0.0;0.0;0.0;8.4662;0.0074
138837;0.0;0.0;0.0;0.0;0.0;0.0;0.0;520.5323;788407.0004;0.5759;2.8041;0.0;1.6602;137.6051;0.0283
258756;0.0;0.0;0.0;1.0633;0.0;0.0;21.0;0.0;221703.6217;0.0;157.9592;0.0;0.0;0.0;0.007
166832;0.0;0.0;0.0;0.0;0.0;0.0;19.0;0.0;0.0;8.0623;336.2116;0.0;2.0753;77.4516;0.0152
304603;0.0;0.0;0.0;0.0;0.0;0.0;13.0;13356.0659;315421.773;16.1247;632.8664;0.0;0.0;0.0;0.0
285449;0.0;0.0;0.0;0.0;0.0;0.0;103.0;0.0;56827.6435;0.5759;96.461;0.0;0.4151;11.3363;0.0095
78108;0.0;0.0;0.0;0.0;0.0;0.0;62.0;6302.9258;5435238.1485;0.0;591.3385;0.0;0.4151;30.3935;0.031
19427;0.0;0.0;0.0;0.0;0.0;0.0;52.0;0.0;1770006.8811;0.5759;19.6287;0.0;1.2452;83.0699;0.0305
389293;0.0;0.0;0.0;0.0;0.0;0.0;0.0;0.0;683660.3271;0.0;0.5571;0.0;0.4151;4.1569;0.0038
255180;0.0;0.0;0.0;0.0;0.0;0.0;37.0;0.0;107793.5143;0.0;0.0;0.0;0.0;0.0;0.0105
358896;0.0;0.0;0.0;0.0;0.0;0.0;22.0;4439.6371;144112.6023;4.0312;998.2596;0.0;1.2452;154.2978;0.0292
274022;0.0;0.0;0.0;0.0;0.0;0.0;50.0;54690.9201;1472792.5515;128.9974;13957.4075;0.0;1.6602;358.4028;0.0648
17615;0.0;0.0;0.0;0.0;0.0;0.0;0.0;0.0;528602.8342;1.7276;130.9515;0.0;0.4151;17.5907;0.0185
330098;0.0;0.0;0.0;0.0;0.0;0.0;16.0;2632.2315;107121.2503;4.6071;817.3951;0.0;0.8301;134.7227;0.0336
278038;0.0;0.0;0.0;1.0633;0.0;0.0;18.0;5186.037;103208.4911;8.6382;596.4321;0.0;0.4151;35.4874;0.0294
368456;0.0;0.0;0.0;0.0;0.0;0.0;10.0;5800.2762;0.0;0.0;0.0;0.0;0.0;0.0;0.005
387218;0.0;0.0;0.0;1.0633;0.0;0.0;12.0;6675.231;168804.0063;46.0705;2149.623;0.0;0.0;0.0;0.0033
20839;0.0;0.0;0.0;1.0633;0.0;0.0;71.0;0.0;28838.913;0.5759;80.4777;0.0;1.2452;102.6888;0.041
336992;0.0;0.0;0.0;0.0;0.0;0.0;24.0;1114.332;12033.1446;0.0;59.8717;0.0;0.8301;91.8615;0.0289
65658;0.0;0.0;0.0;1.0633;0.0;0.0;37.0;1375.5494;0.0;1.7276;68.9809;0.0;0.0;0.0;0.0
310078;0.0;0.0;0.0;0.0;0.0;0.0;3.0;2453.7446;58014.5442;3.4553;858.8958;0.0;0.0;6.9517;0.0089
364678;0.0;0.0;0.0;0.0;0.0;0.0;28.0;20544.8868;395674.1583;13.2453;0.0;0.0;0.0;11.2174;0.0035
73462;0.0;0.0;0.0;0.0;0.0;0.0;52.0;191.6579;0.0;0.5759;152.2626;0.0;0.4151;29.1192;0.031
321185;0.0;0.0;0.0;1.0633;0.0;0.0;29.0;3336.2633;64257.604;2.3035;626.7163;0.0;0.8301;58.227;0.0213
176623;0.0;0.0;0.0;0.0;0.0;0.0;35.0;17552.1164;315242.176;16.1247;1864.1656;0.0;1.6602;72.4999;0.0165
361173;0.0;0.0;0.0;0.0;0.0;0.0;0.0;17838.3261;0.0;0.0;175.128;0.0;0.0;0.0;0.0
23411;0.0;0.0;0.0;0.0;0.0;0.0;63.0;89235.205;0.0;0.5759;0.0;0.0;0.0;0.0;0.0036
362941;0.0;0.0;0.0;1.0633;0.0;0.0;24.0;0.0;284550.0886;0.0;527.0145;0.0;0.0;0.0;0.0005
357980;0.0;0.0;0.0;0.0;0.0;0.0;18.0;5505.15;145941.1862;26.4905;2581.7348;0.0;0.8301;31.7889;0.0115
245967;0.0;0.0;0.0;0.0;0.0;0.0;9.0;2174.2954;39818.6361;0.5759;91.6941;0.0;0.4151;10.8077;0.0091
5891;0.0;0.0;0.0;1.0633;1.1176;16.9429;56.0;5462.2259;1379229.2973;12.6694;212.5508;0.0;3.3205;170.0011;0.0169
178732;0.0;0.0;0.0;0.0;0.0;0.0;38.0;6432.0206;3348150.4311;0.5759;158.1512;0.0;0.8301;62.9997;0.036
89573;0.0;0.0;0.0;0.0;0.0;0.0;0.0;64319.8489;0.0;17.2764;3330.4295;0.0;4.1506;158.4834;0.0144
170706;0.0;0.0;0.0;0.0;0.0;0.0;0.0;113382.4612;3342562.5978;0.0;0.0;0.0;0.8301;18.7328;0.0194
381103;0.0;0.0;0.0;0.0;0.0;0.0;16.0;2679.1069;76827.3431;0.0;268.6971;0.0;0.8301;107.9054;0.033
199752;0.0;0.0;0.0;0.0;0.0;0.0;47.0;0.0;2547339.7437;0.0;61.8485;0.0;0.0;0.0;0.0
336503;0.0;0.0;0.0;0.0;0.0;0.0;25.0;6598.6078;206880.8335;16.7006;2427.5093;0.0;2.0753;265.3424;0.0418
33746;0.0;0.0;0.0;1.0633;0.0;0.0;15.0;2309.5127;90110.214;11.5176;125.9041;0.0;4.1506;252.691;0.0152
59464;0.0;0.0;0.0;0.0;0.0;0.0;68.0;22612.4214;4788.914;2.8794;494.6432;0.0;1.2452;43.1278;0.0133
115149;0.0;0.0;0.0;0.0;0.0;0.0;21.0;9863.6566;395212.3482;54.7087;5790.186;0.0;2.4904;244.1495;0.0278
343640;0.0;0.0;0.0;0.0;0.0;0.0;40.0;8954.9959;231698.4555;12.6694;2689.4123;0.0;0.8301;97.9211;0.0303
397657;0.0;0.0;0.0;0.0;0.0;0.0;6.0;3278.5706;70237.1837;6.9106;115.5289;0.0;0.4151;5.8308;0.0044
58134;0.0;0.0;0.0;0.0;0.0;0.0;29.0;7263.8812;0.0;0.5759;136.5597;0.0;0.0;68.3007;0.0031
145518;0.0;0.0;0.0;0.0;0.0;0.0;6.0;18.029;241.392;2.8794;33.4518;0.0;1.2452;28.5647;0.0086
406544;0.0;0.0;0.0;0.0;0.0;0.0;13.0;2467.2663;92192.8117;0.0;1091.0517;0.0;0.0;0.0;0.0
89982;0.0;0.0;0.0;0.0;0.0;0.0;18.0;0.0;453360.5563;0.0;0.0;0.0;0.0;55.7488;0.0
216558;0.0;0.0;0.0;1.0633;0.0;0.0;53.0;14223.0647;299154.1091;9.2141;1861.642;0.0;1.6602;132.2296;0.0264
287929;0.0;0.0;0.0;1.0633;0.0;0.0;44.0;4015.0545;70383.9121;2.8794;529.1337;0.0;1.2452;109.8508;0.0285
352176;0.0;0.0;0.0;0.0;0.0;0.0;7.0;2006.6258;57733.7091;2.3035;209.4663;0.0;0.0;25.3987;0.0035
51980;0.0;0.0;0.0;1.0633;1.1176;30.4973;4.0;18.029;457.5404;0.0;897.1079;0.0;3.7355;235.5981;0.0191
297695;0.0;0.0;0.0;0.0;0.0;0.0;6.0;274.0405;5657.7236;0.5759;93.6569;0.0;0.0;0.0;0.0059
251125;0.0;0.0;0.0;0.0;0.0;0.0;18.0;2715.1648;47765.6394;4.6071;453.7034;0.0;0.4151;20.1936;0.0185
316720;0.0;0.0;0.0;0.0;0.0;0.0;105.0;28903.8539;0.0;1.1518;480.8123;0.0;0.0;0.0;0.0
372607;0.0;0.0;0.0;0.0;0.0;0.0;21.0;3176.7068;108246.1686;5.7588;1186.4147;0.0;0.0;27.6371;0.0
173147;0.0;0.0;0.0;1.0633;0.0;0.0;77.0;36675.9401;3237.6761;42.6152;1032.1892;0.0;1.6602;200.4881;0.0493
195738;0.0;0.0;0.0;0.0;0.0;0.0;65.0;19573.1654;491440.9817;25.9147;6268.285;0.0;3.7355;216.9985;0.0182
88950;0.0;0.0;0.0;0.0;0.0;0.0;49.0;6100.1064;150174.2237;22.4594;1653.8581;0.0;4.9807;218.2078;0.0141
296112;0.0;0.0;0.0;0.0;0.0;0.0;18.0;177669.7598;933040.4926;2.8794;30.8451;0.0;0.4151;47.0844;0.0294
5563;0.0;0.0;0.0;0.0;0.0;0.0;37.0;0.0;0.0;8.0623;433.6442;0.0;0.0;22.6336;0.0034
345747;0.0;0.0;0.0;0.0;0.0;0.0;22.0;7709.1932;283009.2441;0.0;312.1628;0.0;0.8301;83.8442;0.0227
123253;0.0;0.0;0.0;0.0;0.0;0.0;7.0;71718.8528;0.0;0.0;83.2696;0.0;0.4151;21.907;0.0233
336699;0.0;0.0;0.0;0.0;0.0;0.0;35.0;6245.2397;156149.0701;3.4553;711.4002;0.0;0.8301;85.2298;0.0316
234796;0.0;0.0;0.0;0.0;0.0;0.0;7.0;195.7447;9735.1273;0.0;0.0;0.0;0.0;0.0;0.0055
228929;0.0;0.0;0.0;0.0;0.0;0.0;7.0;0.0;0.0;0.0;105.0747;0.0;0.0;6.1562;0.0061
7370;0.0;0.0;0.0;0.0;0.0;0.0;100.0;0.0;1344991.1812;1.1518;30.2843;0.0;1.2452;130.6867;0.0418
279607;0.0;0.0;0.0;0.0;0.0;0.0;0.0;56073.4444;8674.0627;1.7276;0.0;0.0;0.0;12.7869;0.0
239028;0.0;0.0;0.0;0.0;0.0;0.0;10.0;9624.8358;307408.2525;2.8794;0.0;0.0;0.0;0.0;0.0
81890;0.0;0.0;0.0;1.0633;0.0;0.0;13.0;5742.2311;83054.6256;6.9106;1647.9695;0.0;1.6602;81.3044;0.0164
122395;0.0;0.0;0.0;0.0;0.0;0.0;0.0;2752.769;0.0;0.0;347.2045;0.0;0.0;0.0;0.0
396959;0.0;0.0;0.0;0.0;0.0;0.0;7.0;1335.0462;42123.693;26.4905;606.5268;0.0;0.8301;147.4041;0.0469
385358;0.0;0.0;0.0;0.0;0.0;0.0;9.0;347.0579;8226.2607;0.0;200.4651;0.0;0.4151;21.7344;0.0161
402735;0.0;0.0;0.0;0.0;0.0;0.0;6.0;10775.9232;377881.0337;51.2534;1552.3497;0.0;0.0;55.9804;0.01
218157;0.0;0.0;0.0;1.0633;0.0;0.0;24.0;0.0;395848.2581;0.0;0.0;0.0;0.4151;8.5365;0.0078
366703;0.0;0.0;0.0;0.0;0.0;0.0;12.0;1307.1013;43073.4838;1.7276;40.0986;0.0;0.4151;23.0821;0.0116
108144;0.0;0.0;0.0;0.0;0.0;0.0;35.0;82117.1985;1925619.5812;0.0;0.0;0.0;0.4151;29.1192;0.031
19433;0.0;0.0;0.0;0.0;0.0;0.0;0.0;0.0;214589.4075;0.0;0.0;0.0;0.0;0.0;0.0
135085;0.0;0.0;0.0;0.0;0.0;0.0;0.0;17215.2119;2909322.8353;22.4594;1101.6333;0.0;0.0;11.4993;0.0046
148796;0.0;0.0;0.0;0.0;0.0;0.0;0.0;0.0;970495.2875;0.0;0.0;0.0;0.0;12.5683;0.004
145511;0.0;0.0;0.0;1.0633;0.0;0.0;34.0;0.0;2421.7341;0.0;0.0;0.0;0.0;0.0;0.0055
174982;0.0;0.0;0.0;0.0;0.0;0.0;108.0;89262.1033;645937.0587;1.1518;101.3204;0.0;0.4151;6.7556;0.0066
247336;0.0;0.0;0.0;0.0;0.0;0.0;52.0;8530.7687;0.0;0.0;0.0;0.0;0.0;18.4099;0.0
31434;0.0;0.0;0.0;0.0;0.0;0.0;44.0;5464.9844;261179.2732;0.5759;213.6724;0.0;0.8301;72.3202;0.0319
349613;0.0;0.0;0.0;0.0;0.0;0.0;136.0;25508.481;0.0;0.5759;123.9412;0.0;0.4151;25.1529;0.018
36527;0.0;0.0;0.0;1.0633;0.0;0.0;7.0;2237.893;3475695.64;6.3347;1362.5122;0.0;2.4904;113.6598;0.013
401598;1.0;0.0;0.0;0.0;0.0;0.0;38.0;3402.9987;608036.4286;0.0;612.4725;0.0;0.0;0.0;0.0
179689;0.0;0.0;0.0;0.0;0.0;0.0;41.0;0.0;3456.7241;0.5759;58.0162;0.0;0.0;0.0;0.0
275819;0.0;0.0;0.0;0.0;0.0;0.0;0.0;147.4352;0.0;1.1518;562.5358;0.0;0.0;0.0;0.0133
315068;0.0;0.0;0.0;0.0;0.0;0.0;96.0;9916.3436;380303.625;6.9106;0.0;0.0;0.0;0.0;0.0009
260089;0.0;0.0;0.0;1.0633;0.0;0.0;16.0;1396.3447;27348.2938;1.7276;88.3291;0.0;0.8301;43.788;0.0195
358721;0.0;0.0;0.0;0.0;0.0;0.0;32.0;10293.6479;312099.3468;39.1599;3028.9888;0.0;0.8301;221.8384;0.0667
194597;0.0;0.0;0.0;0.0;0.0;0.0;72.0;34494.8533;1020143.1065;38.0082;9466.6414;0.0;3.7355;468.83;0.0328
77635;0.0;0.0;0.0;0.0;0.0;0.0;21.0;14898.4613;11829.9887;2.3035;564.1849;0.0;1.6602;57.9539;0.015
83979;0.0;0.0;0.0;0.0;0.0;0.0;53.0;11333.0187;227112.0075;14.9729;2240.4759;0.0;1.6602;271.0427;0.0462
165652;0.0;0.0;0.0;0.0;0.0;0.0;3.0;290.2666;4826.2623;2.3035;585.2157;0.0;0.8301;17.505;0.0086
303965;0.0;0.0;0.0;0.0;0.0;0.0;25.0;5435.7384;249870.6978;4.6071;1170.7117;0.0;1.2452;176.2488;0.028
281038;0.0;0.0;0.0;0.0;0.0;0.0;16.0;2637.6402;64830.3184;4.6071;736.3566;0.0;0.4151;35.9004;0.0294
332460;0.0;0.0;0.0;0.0;0.0;0.0;3.0;24.3391;448.074;2.8794;559.3625;0.0;0.4151;59.1936;0.0484
52076;0.0;0.0;0.0;0.0;0.0;0.0;53.0;1749.7128;73649.8039;4.6071;776.7357;0.0;3.7355;273.1219;0.0191
395096;0.0;0.0;0.0;0.0;0.0;0.0;0.0;829.0073;6322.258;0.5759;9.8143;0.0;0.0;0.0;0.0096
150947;0.0;0.0;0.0;0.0;0.0;0.0;43.0;4079.2195;0.0;0.5759;93.9373;0.0;0.8301;121.3324;0.0653
290220;0.0;0.0;0.0;0.0;0.0;0.0;44.0;7774.0975;227998.6892;15.5488;3545.504;0.0;1.6602;118.1721;0.0232
187862;0.0;0.0;0.0;0.0;0.0;0.0;0.0;17910.4108;1254243.2523;0.0;0.0;0.0;0.0;76.2387;0.0041
144544;0.0;0.0;0.0;0.0;0.0;0.0;0.0;0.0;1899639.8637;0.0;31.8922;0.0;0.0;5.7491;0.0084
86518;0.0;0.0;0.0;0.0;0.0;0.0;34.0;562.3033;0.0;0.0;0.0;0.0;0.0;23.6807;0.0057
359654;0.0;0.0;0.0;0.0;0.0;0.0;55.0;19114.7545;162268.2825;1.1518;1009.0848;0.0;0.0;0.0;0.0029
153748;0.0;0.0;0.0;0.0;0.0;0.0;140.0;0.0;76421.8756;1.7276;28.3214;0.0;0.0;0.0;0.0
137627;0.0;0.0;0.0;0.0;0.0;0.0;0.0;533.3861;990381.4415;3.4553;444.1694;0.0;1.6602;71.5658;0.0142
225746;0.0;0.0;0.0;1.0633;0.0;0.0;12.0;0.0;338481.1422;97.324;2677.635;0.0;0.8301;71.7265;0.0186
102829;0.0;0.0;0.0;0.0;0.0;0.0;44.0;22913.9617;0.0;0.0;88.9758;0.0;0.4151;0.0;0.0
141755;0.0;0.0;0.0;0.0;0.0;0.0;81.0;0.0;344.8512;2.3035;138.8071;0.0;0.0;6.1153;0.0
222035;0.0;0.0;0.0;0.0;0.0;0.0;7.0;1657.2962;633611.9003;1.7276;0.0;0.0;0.0;85.5041;0.0044
48349;0.0;0.0;0.0;0.0;0.0;0.0;0.0;14933.3154;122842.4927;0.5759;73.7478;0.0;0.8301;47.865;0.026
47133;0.0;0.0;0.0;0.0;0.0;0.0;87.0;17067.1368;434311.5415;50.1017;8028.4186;0.0;4.1506;300.8556;0.0205
89190;0.0;0.0;0.0;1.0633;0.0;0.0;0.0;0.0;383186.8776;6.3347;174.9758;0.0;0.0;0.0;0.0
200610;0.0;0.0;0.0;0.0;0.0;0.0;0.0;1961.5716;173607.4532;8.6382;87.717;0.0;0.0;0.0;0.0
259244;0.0;0.0;0.0;0.0;0.0;0.0;9.0;3601.2894;89054.7157;43.1911;1553.7518;0.0;2.0753;192.6324;0.0298
54842;0.0;0.0;0.0;1.0633;0.0;0.0;12.0;1051.9912;22566.2078;14.397;2393.0189;0.0;2.0753;88.2461;0.0151
284569;0.0;0.0;0.0;0.0;0.0;0.0;15.0;1451.3331;52757.5629;2.3035;259.3792;0.0;1.2452;137.0538;0.0317
98282;0.0;0.0;0.0;0.0;0.0;0.0;15.0;67850.8827;185863.9283;0.0;0.0;0.0;0.4151;2.3028;0.0023
350217;0.0;0.0;0.0;0.0;0.0;0.0;18.0;73992.0708;46284.3406;0.0;30.7145;0.0;0.4151;39.7524;0.0332
331624;0.0;0.0;0.0;0.0;0.0;0.0;37.0;6448.9672;175037.5998;6.3347;1246.9832;0.0;1.2452;130.1093;0.0363
294897;0.0;0.0;0.0;1.0633;0.0;0.0;24.0;0.0;0.0;0.0;54.7999;0.0;0.0;0.0;0.0
191425;0.0;0.0;0.0;0.0;0.0;0.0;41.0;16784.9832;287909.6595;8.0623;1421.3983;0.0;2.4904;63.3364;0.01
262420;0.0;0.0;0.0;0.0;0.0;0.0;0.0;0.0;1198706.4779;0.0;0.0;0.0;0.0;0.0;0.0069
166608;0.0;0.0;0.0;0.0;0.0;0.0;56.0;78229.4558;0.0;0.0;0.0;0.0;0.0;0.0;0.0004
185243;0.0;0.0;0.0;0.0;0.0;0.0;27.0;0.0;0.0;0.0;150.714;0.0;0.4151;21.2339;0.0155
53206;0.0;0.0;0.0;0.0;0.0;0.0;22.0;746.3999;18098.0892;7.4865;1430.091;0.0;3.3205;208.8277;0.0222
33468;0.0;0.0;0.0;0.0;0.0;0.0;12.0;0.0;509524.9607;0.5759;155.0667;0.0;4.5656;323.3476;0.0207
316169;0.0;0.0;0.0;0.0;0.0;0.0;7.0;907.7593;20630.3386;2.3035;496.0453;0.0;0.4151;70.5755;0.0484
373303;0.0;0.0;0.0;0.0;0.0;0.0;7.0;2291.4837;65518.2067;24.187;931.8024;0.0;0.8301;90.2011;0.0293
351601;0.0;0.0;0.0;0.0;0.0;0.0;38.0;0.0;0.0;0.5759;139.1803;0.0;0.4151;0.0;0.0049
166930;0.0;0.0;0.0;0.0;0.0;0.0;49.0;2017.1894;692425.7016;0.5759;3.9257;0.0;0.8301;57.5677;0.0275
354725;0.0;0.0;0.0;0.0;0.0;0.0;21.0;3375.0256;107127.5612;4.6071;869.271;0.0;0.8301;73.8645;0.0224
212327;0.0;0.0;0.0;0.0;0.0;0.0;18.0;130.2975;303520.2267;1.1518;232.4599;0.0;0.4151;22.2365;0.0197
178293;0.0;0.0;0.0;0.0;0.0;0.0;41.0;5380.75;136993.9049;4.6071;649.71;0.0;1.6602;180.0147;0.0313
137444;0.0;0.0;0.0;0.0;0.0;0.0;18.0;7327.8802;306424.2682;33.4011;3684.0265;0.0;7.056;687.3987;0.0244
112642;0.0;0.0;0.0;0.0;0.0;0.0;112.0;2369.8642;1998415.3697;11.5176;0.0;0.0;0.0;0.0;0.0069
87225;0.0;0.0;0.0;0.0;0.0;0.0;13.0;920.3796;29366.2047;0.0;0.0;0.0;0.4151;77.2816;0.0371
181195;0.0;0.0;0.0;0.0;0.0;0.0;3.0;4.5072;80.464;1.7276;399.5842;0.0;0.4151;22.4075;0.0197
121736;0.0;0.0;0.0;1.0633;0.0;0.0;0.0;0.0;0.0;0.0;296.3051;0.0;0.4151;28.5223;0.031
378609;0.0;0.0;0.0;0.0;0.0;0.0;35.0;18759.6639;335631.021;0.0;54.6949;0.0;0.0;7.9177;0.0132
79916;0.0;0.0;0.0;0.0;0.0;0.0;57.0;0.0;0.0;1.7276;137.4566;0.0;0.0;84.847;0.0044
150854;0.0;0.0;0.0;1.0633;0.0;0.0;0.0;123095.3283;216740.8578;4.6071;194.486;0.0;0.0;4.3374;0.0071
117587;0.0;0.0;0.0;0.0;0.0;0.0;0.0;65786.067;150106.8271;0.0;581.1166;0.0;0.4151;9.9712;0.0251
253213;0.0;0.0;0.0;0.0;0.0;0.0;183.0;2863.3014;545135.4851;2.3035;551.5665;0.0;0.4151;10.8517;0.0091
246922;0.0;0.0;0.0;0.0;0.0;0.0;6.0;737.3854;22173.3541;9.2141;1628.3408;0.0;1.6602;212.4699;0.0326
394689;0.0;0.0;0.0;0.0;0.0;0.0;119.0;40960.9858;2255026.3254;0.0;0.0;0.0;0.0;0.0;0.0
112630;0.0;0.0;0.0;0.0;0.0;0.0;12.0;3719.7389;22580.292;2.3035;489.8763;0.0;1.2452;56.6205;0.0176
27220;0.0;0.0;0.0;0.0;0.0;0.0;6.0;19104.4681;3092663.4343;0.5759;8.1319;0.0;0.8301;33.2058;0.0181
303635;0.0;0.0;0.0;0.0;0.0;0.0;29.0;60352.791;429437.5756;1.7276;266.6699;0.0;0.0;0.0;0.0072
203905;0.0;0.0;0.0;0.0;0.0;0.0;38.0;48568.289;2642571.3864;3.4553;32.0681;0.0;0.0;7.7519;0.008
413585;0.0;0.0;0.0;0.0;0.0;0.0;165.0;966.1163;427968.3155;0.0;182.1589;0.0;0.0;0.0;0.0062
348527;0.0;0.0;0.0;0.0;0.0;0.0;0.0;6602.3549;7830.4144;32.8252;1584.0361;0.0;0.0;3.327;0.0069
183454;0.0;0.0;0.0;1.0633;0.0;0.0;43.0;17969.4874;387910.6347;17.2764;2617.0665;0.0;2.0753;163.78;0.0281
293921;0.0;0.0;0.0;0.0;0.0;0.0;32.0;66996.42;0.0;0.0;0.0;0.0;0.4151;33.2652;0.0294
88656;0.0;0.0;0.0;1.0633;0.0;0.0;15.0;4745.2283;98877.6346;8.6382;1868.9326;0.0;1.2452;90.5059;0.0299
276379;0.0;0.0;0.0;1.0633;0.0;0.0;9.0;5742.2311;114670.6668;14.397;3032.0733;0.0;0.8301;72.3302;0.0307
197451;0.0;0.0;0.0;0.0;0.0;0.0;46.0;58159.7182;408516.5297;0.0;0.0;0.0;0.0;6.6953;0.0
75252;0.0;0.0;0.0;0.0;0.0;0.0;24.0;938.4086;24522.5874;2.3035;506.4205;0.0;4.1506;337.7192;0.0249
29155;0.0;0.0;0.0;1.0633;1.1176;7.9067;121.0;3828.7539;369716.0598;6.3347;0.0;0.0;1.6602;92.0252;0.0135
87026;0.0;0.0;0.0;0.0;0.0;0.0;0.0;20601.1709;33616.9515;0.0;1091.0517;0.0;0.0;76.6489;0.0
161865;0.0;0.0;0.0;0.0;0.0;0.0;40.0;0.0;101480.9894;0.0;0.0522;0.0;0.0;0.0;0.0
130099;0.0;0.0;0.0;0.0;0.0;0.0;124.0;9624.8358;0.0;0.0;0.0;0.0;1.2452;191.8288;0.0679
355751;0.0;0.0;0.0;0.0;0.0;0.0;13.0;4794.808;125186.2072;10.9417;1818.1784;0.0;0.8301;43.3153;0.0137
46314;0.0;0.0;0.0;0.0;0.0;0.0;35.0;29521.7765;854950.6385;0.0;0.0;0.0;0.4151;31.7608;0.031
340305;0.0;0.0;0.0;0.0;0.0;0.0;44.0;17784.6903;640537.6189;1.7276;20.1895;0.0;0.8301;98.2104;0.0299
114083;0.0;0.0;0.0;0.0;0.0;0.0;93.0;54863.0929;241006.304;5.1829;86.9271;0.0;2.4904;318.8366;0.0368
151798;0.0;0.0;0.0;1.0633;0.0;0.0;0.0;929.473;137867.8243;0.5759;140.4854;0.0;1.2452;53.9348;0.0148
298934;0.0;0.0;0.0;0.0;0.0;0.0;3.0;339.8463;7689.8341;0.5759;0.8412;0.0;0.8301;78.8983;0.0312
228228;0.0;0.0;0.0;0.0;0.0;0.0;52.0;6953.4572;535366.6015;8.6382;80.5013;0.0;0.8301;1.586;0.0016
319005;0.0;0.0;0.0;1.0633;0.0;0.0;3.0;375.9043;8021.1564;2.8794;386.9658;0.0;0.8301;68.9517;0.024
226046;0.0;0.0;0.0;0.0;0.0;0.0;46.0;12813.1983;602350.351;1.1518;270.5956;0.0;0.8301;137.492;0.0284
369364;0.0;0.0;0.0;0.0;0.0;0.0;0.0;0.0;0.0;0.0;0.0;0.0;0.4151;10.588;0.0
89472;0.0;0.0;0.0;1.0633;0.0;0.0;53.0;7274.8764;356581.9101;0.5759;65.0551;0.0;0.0;0.0;0.004
203794;0.0;0.0;0.0;0.0;0.0;0.0;7.0;3719.7389;812566.5147;4.6071;994.0534;0.0;1.2452;69.4099;0.0195
359262;0.0;0.0;0.0;0.0;0.0;0.0;12.0;1170.9824;41637.7536;1.1518;8.1319;0.0;0.0;0.0;0.0067
115645;0.0;0.0;0.0;0.0;0.0;0.0;150.0;7470.7587;331935.8907;0.5759;141.3266;0.0;0.0;18.4684;0.0
64350;0.0;0.0;0.0;0.0;0.0;0.0;7.0;1758.4874;1986180.6274;4.0312;769.1646;0.0;0.8301;35.7527;0.0173
358135;0.0;0.0;0.0;0.0;0.0;0.0;0.0;1212.8796;0.0;0.0;0.0;0.0;0.4151;68.0702;0.1338
143371;0.0;0.0;0.0;0.0;0.0;0.0;10.0;23293.7031;490820.158;0.0;154.2338;0.0;0.8301;19.2033;0.0094
278996;0.0;0.0;0.0;0.0;0.0;0.0;18.0;0.0;0.0;1.1518;246.2;0.0;0.0;7.0313;0.0
179303;0.0;0.0;0.0;0.0;0.0;0.0;75.0;19730.919;638544.9516;22.4594;4776.2234;0.0;3.3205;329.5084;0.0284
336327;0.0;0.0;0.0;0.0;0.0;0.0;22.0;6177.631;182419.7774;8.0623;1871.1759;0.0;0.8301;92.039;0.0312
207379;0.0;0.0;0.0;0.0;0.0;0.0;34.0;14924.3922;340727.176;10.9417;2089.8957;0.0;0.8301;32.5123;0.0143
225422;0.0;0.0;0.0;0.0;0.0;0.0;47.0;3397.1074;0.0;0.0;0.0;0.0;0.0;71.449;0.0
252021;0.0;0.0;0.0;0.0;0.0;0.0;0.0;57560.07;206730.207;0.0;58.396;0.0;0.0;21.9465;0.0
96819;0.0;0.0;0.0;1.0633;1.1176;105.0462;0.0;6337.9889;2007417.2927;3.4553;710.8393;0.0;1.6602;69.5849;0.0146
182379;0.0;0.0;0.0;0.0;0.0;0.0;65.0;4055.1806;30978.5506;0.0;175.7294;0.0;0.0;0.0;0.0
213501;0.0;0.0;0.0;0.0;0.0;0.0;44.0;24001.9851;594512.2107;70.8334;3573.8254;0.0;1.6602;169.6254;0.0307
422495;0.0;0.0;0.0;1.0633;0.0;0.0;0.0;2928.1095;0.0;0.0;5.0279;0.0;0.0;9.1815;0.006
278961;0.0;0.0;0.0;0.0;0.0;0.0;43.0;8957.0506;61072.9426;0.0;0.0;0.0;0.0;31.0537;0.0
1943;0.0;0.0;111717.5669;0.0;0.0;0.0;18.0;0.0;383186.8776;0.0;0.0;0.0;1.2452;60.0452;0.0194
202557;0.0;0.0;0.0;0.0;0.0;0.0;32.0;7800.2395;200849.1889;8.0623;2000.1645;0.0;2.0753;115.5197;0.0181
38590;0.0;0.0;0.0;0.0;0.0;0.0;7.0;25253.7503;168290.4853;1.1518;145.8132;0.0;0.8301;61.2139;0.0232
155694;0.0;0.0;0.0;0.0;0.0;0.0;21.0;1015.9332;27185.788;2.8794;618.5844;0.0;2.4904;110.0728;0.0144
163057;0.0;0.0;0.0;0.0;0.0;0.0;15.0;0.0;101074.9308;0.5759;124.7824;0.0;0.4151;8.5764;0.0081
96548;0.0;0.0;0.0;0.0;0.0;0.0;7.0;9608.5949;0.0;0.0;0.1059;0.0;0.0;0.0;0.01
95788;0.0;0.0;0.0;0.0;0.0;0.0;0.0;11743.1938;701420.9372;0.0;35.7581;0.0;0.0;7.2099;0.0058
153523;0.0;0.0;0.0;0.0;0.0;0.0;19.0;1914.678;41487.8697;12.0935;2737.6428;0.0;2.9054;211.6473;0.0402
118331;0.0;0.0;0.0;0.0;0.0;0.0;35.0;7679.0833;0.0;0.5759;158.9925;0.0;2.4904;168.1768;0.0249
392183;0.0;0.0;0.0;0.0;0.0;0.0;6.0;5872.9412;149634.6415;73.7128;2690.2535;0.0;0.0;37.2551;0.0065
81612;0.0;0.0;0.0;0.0;0.0;0.0;6.0;346.1565;6293.547;2.3035;503.8968;0.0;1.6602;90.5621;0.0139
355174;0.0;0.0;0.0;0.0;0.0;0.0;171.0;102988.9235;0.0;0.0;24.2923;0.0;0.0;0.0;0.0
387556;0.0;0.0;0.0;0.0;0.0;0.0;12.0;0.0;530796.2433;0.0;1431.323;0.0;0.4151;10.4816;0.0129
50038;0.0;0.0;0.0;0.0;0.0;0.0;7.0;71193.1618;0.0;1.1518;0.0;0.0;1.2452;52.2599;0.0155
93353;0.0;0.0;0.0;0.0;0.0;0.0;112.0;2744.5851;667836.918;0.0;17.8302;0.0;0.4151;23.6302;0.0233
125377;0.0;0.0;0.0;1.0633;0.0;0.0;75.0;3915.21;0.0;12.0935;1858.8379;0.0;3.7355;201.771;0.0202
289118;0.0;0.0;0.0;0.0;0.0;0.0;0.0;15581.9976;215760.2241;0.0;0.0;0.0;0.0;17.2353;0.0026
54473;0.0;0.0;0.0;0.0;0.0;0.0;94.0;45631.3561;1161472.601;32.2494;7582.5667;0.0;3.7355;257.1062;0.0197
220664;0.0;0.0;0.0;0.0;0.0;0.0;3.0;28.8464;459.1181;21.3076;0.0;0.0;0.4151;9.0345;0.0099
333180;0.0;0.0;0.0;0.0;0.0;0.0;3.0;99.1594;1989.5119;0.0;4.054;0.0;0.0;0.0;0.0
196320;0.0;0.0;0.0;1.0633;0.0;0.0;174.0;54863.0929;370200.2563;0.0;96.1283;0.0;2.4904;154.0691;0.0164
178488;0.0;0.0;0.0;0.0;0.0;0.0;0.0;0.0;85728.1169;0.0;125.8872;0.0;0.0;0.0;0.0
128130;0.0;0.0;0.0;0.0;0.0;0.0;22.0;6767.0923;31461.4305;0.0;0.0;0.0;0.8301;24.3374;0.0121
151280;0.0;0.0;0.0;1.0633;0.0;0.0;19.0;18892.9119;2079505.3491;2.8794;179.7428;0.0;0.8301;47.881;0.0225
377402;0.0;0.0;0.0;1.0633;0.0;0.0;3.0;24.3391;869.3267;0.5759;211.1765;0.0;0.8301;96.4587;0.0281
376702;0.0;0.0;0.0;0.0;0.0;0.0;4.0;734.6811;19560.6407;0.0;44.1724;0.0;0.0;0.0;0.0057
132908;0.0;0.0;0.0;0.0;0.0;0.0;7.0;2168.8867;59253.0587;14.9729;1022.0944;0.0;2.9054;179.0085;0.018
120478;0.0;0.0;0.0;0.0;0.0;0.0;37.0;0.0;0.0;4.0312;338.7216;0.0;0.8301;22.337;0.0133
59761;0.0;0.0;0.0;0.0;0.0;0.0;63.0;17585.4701;372810.2239;19.0041;3490.824;0.0;4.5656;278.6936;0.0203
284153;0.0;0.0;0.0;0.0;0.0;0.0;9.0;1095.2607;21785.2337;0.0;416.7088;0.0;0.8301;75.3389;0.0302
105234;0.0;0.0;0.0;0.0;0.0;0.0;94.0;9055.0685;1963136.7299;3.4553;603.1619;0.0;1.6602;60.8716;0.0149
363098;0.0;0.0;0.0;0.0;0.0;0.0;40.0;12.8006;0.0;0.0;0.6786;0.0;0.0;25.7013;0.0045
191904;0.0;0.0;0.0;0.0;0.0;0.0;19.0;32665.3186;0.0;0.0;1302.9121;0.0;0.8301;19.229;0.0096
410895;0.0;0.0;0.0;0.0;0.0;0.0;24.0;47845.1064;0.0;1.1518;0.0;0.0;0.0;0.0;0.0
187343;0.0;0.0;0.0;0.0;0.0;0.0;49.0;831.7463;88668.2445;0.0;839.7295;0.0;0.0;17.3457;0.0
250534;0.0;0.0;0.0;0.0;0.0;0.0;12.0;1173.6868;24207.0423;0.5759;132.6339;0.0;0.4151;9.4209;0.008
167445;0.0;0.0;0.0;0.0;0.0;0.0;0.0;38032.3863;2676964.9358;0.0;25.8229;0.0;1.6602;174.4839;0.04
303030;0.0;0.0;0.0;0.0;0.0;0.0;12.0;1386.4288;32005.7394;2.3035;43.4635;0.0;1.2452;106.1688;0.0266
228318;0.0;0.0;0.0;0.0;0.0;0.0;46.0;0.0;0.0;4.0312;664.2913;0.0;1.2452;105.8749;0.0345
218249;0.0;0.0;0.0;0.0;0.0;0.0;9.0;644.7929;144468.8898;0.5759;155.2334;0.0;0.0;96.3981;0.0057
392014;0.0;0.0;0.0;0.0;0.0;0.0;7.0;137303.8626;0.0;0.0;0.0;0.0;0.0;6.3815;0.0
225089;0.0;0.0;0.0;0.0;0.0;0.0;40.0;15330.4202;770642.4755;4.0312;187.0335;0.0;0.4151;8.5365;0.0078
196556;0.0;0.0;0.0;1.0633;0.0;0.0;32.0;34892.3923;1232676.9304;168.1574;11704.3132;0.0;2.4904;251.5611;0.0225
294495;0.0;0.0;0.0;0.0;0.0;0.0;3.0;1.8029;26.8213;1.7276;0.6786;0.0;0.4151;17.8015;0.0395
97127;0.0;0.0;0.0;0.0;0.0;0.0;130.0;27770.606;108778.1944;0.0;363.3253;0.0;0.4151;2.3028;0.0023
193160;0.0;0.0;0.0;0.0;0.0;0.0;4.0;522.8405;20434.7006;1.1518;134.036;0.0;3.3205;452.9001;0.0416
284858;0.0;0.0;0.0;0.0;0.0;0.0;21.0;5417.7113;665286.342;0.0;129.4252;0.0;0.0;0.0;0.0044
222273;0.0;0.0;0.0;0.0;0.0;0.0;47.0;6330.7105;97853.5626;7.4865;1709.4859;0.0;0.0;7.7378;0.0043
138045;0.0;0.0;0.0;1.0633;0.0;0.0;34.0;6649.9904;212994.5198;11.5176;2397.5055;0.0;3.3205;281.8883;0.023
327562;0.0;0.0;0.0;0.0;0.0;0.0;25.0;17081.56;581795.7432;119.7833;4200.5417;0.0;1.2452;119.7361;0.0207
328210;0.0;0.0;0.0;0.0;0.0;0.0;43.0;0.0;24660.1709;2.8794;0.0;0.0;0.4151;0.0;0.0
274198;0.0;0.0;0.0;0.0;0.0;0.0;50.0;17827.9599;454817.2398;21.8835;3496.1518;0.0;1.6602;144.6277;0.0255
83466;0.0;0.0;0.0;0.0;0.0;0.0;15.0;4089.8748;67266.3265;12.0935;106.8362;0.0;0.0;24.4612;0.0
275085;0.0;0.0;0.0;0.0;0.0;0.0;13.0;0.0;0.0;31.6735;286.5698;0.0;0.0;0.3749;0.0
187371;0.0;0.0;0.0;0.0;0.0;0.0;103.0;0.0;109480.8983;24.7629;1888.0005;0.0;0.8301;23.3426;0.0102
156125;0.0;0.0;0.0;0.0;0.0;0.0;22.0;4412.5936;78971.472;2.3035;343.5022;0.0;2.4904;77.6943;0.0138
6528;0.0;0.0;0.0;0.0;0.0;0.0;0.0;0.0;0.0;0.5759;45.9872;0.0;0.0;12.6078;0.0057
25088;0.0;0.0;0.0;1.0633;0.0;0.0;27.0;986.1854;19226.1629;1.7276;161.7966;0.0;3.7355;131.3943;0.0141
336726;0.0;0.0;0.0;0.0;0.0;0.0;0.0;149142.5267;326766.0864;0.0;29.9366;0.0;0.4151;23.0163;0.0411
16584;0.0;0.0;0.0;0.0;0.0;0.0;15.0;40960.9858;531475.003;2.8794;0.0;0.0;0.4151;28.2919;0.0349
412589;0.0;0.0;0.0;0.0;0.0;0.0;4.0;191.1072;4411.3205;0.5759;1.1216;0.0;0.0;8.3523;0.01
380356;0.0;0.0;0.0;0.0;0.0;0.0;0.0;6035.3014;696713.8952;0.0;394.8369;0.0;0.0;14.661;0.0056
121115;0.0;0.0;0.0;0.0;0.0;0.0;34.0;7256.6657;240716.7345;24.7629;4797.2542;0.0;2.4904;177.1163;0.0197
373022;0.0;0.0;0.0;0.0;0.0;0.0;7.0;45523.148;235705.6129;0.0;265.8057;0.0;0.0;0.0;0.0
3567;0.0;0.0;0.0;0.0;0.0;0.0;9.0;2388.8403;102512.7141;34.5529;4266.1577;0.0;4.1506;277.416;0.0167
392517;0.0;0.0;0.0;0.0;0.0;0.0;38.0;4964.0569;0.0;0.0;25.847;0.0;0.0;0.0;0.0
330980;0.0;0.0;0.0;1.0633;0.0;0.0;3.0;930.2955;20273.7726;0.5759;35.6121;0.0;0.8301;86.9304;0.0345
324966;0.0;0.0;0.0;0.0;0.0;0.0;13.0;2249.1156;48805.3605;1.7276;257.9772;0.0;1.2452;127.1312;0.0356
136569;0.0;0.0;0.0;0.0;0.0;0.0;7.0;33432.736;93180.3866;0.0;253.4733;0.0;0.0;10.2028;0.0
353755;0.0;0.0;0.0;1.0633;0.0;0.0;4.0;1138.5303;27878.4095;0.5759;143.5699;0.0;0.0;3.8119;0.0085
209879;0.0;0.0;0.0;0.0;0.0;0.0;0.0;175.7147;0.0;6.3347;0.0;0.0;0.0;0.0;0.0
239804;0.0;0.0;0.0;0.0;0.0;0.0;0.0;46537.754;2954037.5896;0.0;708.3867;0.0;0.0;0.0;0.0
195579;0.0;0.0;0.0;0.0;0.0;0.0;13.0;4743.4613;91245.3152;0.0;102.7333;0.0;0.4151;22.2365;0.0197
158174;0.0;0.0;0.0;0.0;0.0;0.0;18.0;32938.9054;56827.6435;0.0;0.0;0.0;0.0;0.0;0.0
246107;0.0;0.0;0.0;0.0;0.0;0.0;12.0;1860.5911;41931.2105;3.4553;596.9929;0.0;0.8301;9.757;0.004
385717;0.0;0.0;0.0;0.0;0.0;0.0;3.0;43.2696;1145.4287;0.0;148.9291;0.0;0.0;0.0;0.0
133142;0.0;0.0;0.0;0.0;0.0;0.0;0.0;153.1431;22625.5739;0.0;74.0691;0.0;0.4151;7.3543;0.0075
44505;0.0;0.0;0.0;1.0633;0.0;0.0;7.0;0.0;0.0;6.3347;1234.9256;0.0;1.6602;96.905;0.0182
149169;0.0;0.0;0.0;0.0;0.0;0.0;22.0;48568.289;0.0;0.0;225.66;0.0;0.4151;16.6749;0.015
191831;0.0;0.0;0.0;0.0;0.0;0.0;21.0;6936.6512;208463.2921;0.0;0.0;0.0;1.6602;112.8147;0.0241
376986;0.0;0.0;0.0;0.0;0.0;0.0;0.0;23261.0294;248550.2599;1.7276;405.4729;0.0;0.0;39.5448;0.0
374286;0.0;0.0;0.0;0.0;0.0;0.0;7.0;78.4659;0.0;0.0;0.0;0.0;0.0;3.5318;0.0074
94355;0.0;0.0;0.0;1.0633;0.0;0.0;24.0;5995.5383;234101.3314;16.7006;4171.6595;0.0;3.7355;270.3699;0.0191
351234;0.0;0.0;0.0;0.0;0.0;0.0;44.0;0.0;535366.6015;0.0;1056.2639;0.0;0.0;0.0;0.0
267483;0.0;0.0;0.0;0.0;0.0;0.0;47.0;0.0;0.0;0.0;78.7283;0.0;0.4151;29.8013;0.0294
224628;0.0;0.0;0.0;0.0;0.0;0.0;7.0;18284.3802;1024923.4515;6.3347;1059.389;0.0;1.2452;108.3134;0.0289
211027;0.0;0.0;0.0;0.0;0.0;0.0;3.0;687.8057;17506.4421;1.1518;254.0515;0.0;0.4151;22.6301;0.0197
361459;0.0;0.0;0.0;0.0;0.0;0.0;21.0;8264.4858;245060.2127;4.0312;1100.6092;0.0;1.2452;137.3054;0.0291
129982;0.0;0.0;0.0;0.0;0.0;0.0;44.0;2630.592;499433.6447;0.0;0.0;0.0;0.4151;21.907;0.0233
395055;0.0;0.0;0.0;0.0;0.0;0.0;10.0;1121.4027;45015.6639;2.3035;532.4986;0.0;0.4151;36.3543;0.0213
148204;0.0;0.0;0.0;0.0;0.0;0.0;3.0;16.2261;515.9162;1.7276;203.8581;0.0;0.4151;29.4611;0.0155
232080;0.0;0.0;0.0;0.0;0.0;0.0;59.0;164.8;477294.0484;0.0;283.4316;0.0;0.4151;10.2595;0.008
408603;0.0;0.0;0.0;0.0;0.0;0.0;13.0;1961.6361;186463.8982;0.5759;0.0;0.0;0.0;0.0;0.0159
155018;0.0;0.0;0.0;1.0633;1.1176;2.2591;7.0;43683.7076;0.0;0.0;294.2566;0.0;0.0;0.0;0.0257
376564;0.0;0.0;0.0;0.0;0.0;0.0;3.0;54.0869;1221.1595;0.0;0.0;0.0;0.0;0.0;0.0071
276610;0.0;0.0;0.0;0.0;0.0;0.0;15.0;5709.7789;136572.6522;8.0623;1502.1563;0.0;1.2452;59.8711;0.0171
8574;0.0;0.0;0.0;0.0;0.0;0.0;9.0;6826.7821;0.0;0.0;74.6737;0.0;0.4151;47.3274;0.0437
411165;0.0;0.0;0.0;0.0;0.0;0.0;0.0;35623.5529;275292.7386;0.0;0.1059;0.0;0.0;0.0;0.0
374338;0.0;0.0;0.0;0.0;0.0;0.0;15.0;5091.3848;145388.9822;6.3347;1031.9088;0.0;0.4151;52.5605;0.0346
44179;0.0;0.0;0.0;0.0;0.0;0.0;66.0;169.7868;186463.8982;0.0;609.9262;0.0;0.0;47.6704;0.0
156668;0.0;0.0;0.0;0.0;0.0;0.0;40.0;2620.5267;124721.6162;0.5759;47.9501;0.0;2.0753;93.602;0.0158
145345;0.0;0.0;0.0;1.0633;0.0;0.0;9.0;459.7391;10624.4035;4.6071;854.1288;0.0;2.0753;51.7478;0.0097
191510;0.0;0.0;0.0;1.0633;0.0;0.0;6.0;108631.9631;3241437.3411;0.0;51.8464;0.0;0.8301;39.719;0.0181
49210;0.0;0.0;0.0;0.0;0.0;0.0;0.0;1592.5404;8790.022;2.8794;437.4396;0.0;0.8301;45.7771;0.0242
318141;0.0;0.0;0.0;0.0;0.0;0.0;7.0;8859.433;277758.4614;0.5759;0.0;0.0;0.0;7.6572;0.0102
399223;0.0;0.0;0.0;0.0;0.0;0.0;0.0;0.0;153921.3391;0.0;0.0;0.0;0.0;24.7643;0.0
403419;0.0;0.0;0.0;0.0;0.0;0.0;3.0;360.5797;9540.5061;0.0;0.0;0.0;0.0;0.0;0.0088
315096;0.0;0.0;0.0;0.0;0.0;0.0;24.0;8271.6974;264961.6422;12.0935;1653.2973;0.0;1.2452;160.5652;0.032
332102;0.0;0.0;0.0;0.0;0.0;0.0;19.0;1300.7911;29068.0145;0.5759;125.0629;0.0;1.6602;106.7309;0.02
353173;0.0;0.0;0.0;0.0;0.0;0.0;15.0;7991.3467;225236.0919;1.1518;0.8412;0.0;0.8301;88.5233;0.0251
347519;0.0;0.0;0.0;0.0;0.0;0.0;122.0;123153.1489;703292.0048;0.0;20.7824;0.0;0.0;24.8725;0.0032
305325;0.0;0.0;0.0;1.0633;0.0;0.0;0.0;18507.7072;94218.4858;0.0;760.7442;0.0;1.2452;81.9953;0.0213
392842;0.0;0.0;0.0;0.0;0.0;0.0;9.0;1743.4027;53462.8062;2.8794;541.1913;0.0;0.0;0.0;0.0062
153593;0.0;0.0;0.0;0.0;0.0;0.0;50.0;15526.5602;532499.7101;33.4011;5572.3074;0.0;2.9054;322.2493;0.0398
316965;0.0;0.0;0.0;0.0;0.0;0.0;57.0;18718.5916;495976.9425;4.0312;916.6603;0.0;1.6602;194.2531;0.0326
345758;0.0;0.0;0.0;0.0;0.0;0.0;27.0;5243.7297;140086.2468;6.3347;1516.7377;0.0;0.4151;24.3794;0.0149
186058;0.0;0.0;0.0;0.0;0.0;0.0;18.0;9352.1763;3312.2168;0.0;1.0113;0.0;0.0;0.0;0.0
165308;0.0;0.0;0.0;0.0;0.0;0.0;0.0;0.0;342023.5802;0.0;0.0;0.0;0.0;0.0;0.0046
98626;0.0;0.0;0.0;0.0;0.0;0.0;12.0;0.0;10040.3752;3.4553;667.6562;0.0;1.6602;44.4494;0.011
321283;0.0;0.0;0.0;0.0;0.0;0.0;0.0;41682.7717;2159285.2519;0.0;66.852;0.0;0.0;0.0;0.0051
304362;0.0;0.0;0.0;0.0;0.0;0.0;35.0;2656.3979;1428776.5204;10.9417;10.2283;0.0;0.0;0.0;0.0
396193;0.0;0.0;0.0;1.0633;0.0;0.0;0.0;10009.5321;186417.7578;0.5759;147.2152;0.0;0.8301;77.9392;0.0281
190410;0.0;0.0;0.0;1.0633;0.0;0.0;0.0;48221.8187;7048298.812;0.0;0.0;0.0;0.0;0.0;0.0046
102088;0.0;0.0;0.0;0.0;0.0;0.0;18.0;962.8384;0.0;0.5759;111.3228;0.0;2.0753;55.2244;0.0115
204300;0.0;0.0;0.0;0.0;0.0;0.0;9.0;0.0;0.0;0.0;267.7318;0.0;0.0;55.4857;0.0
346666;0.0;0.0;0.0;0.0;0.0;0.0;7.0;0.0;150924.5694;0.0;0.0;0.0;0.0;4.3684;0.0
351481;0.0;0.0;0.0;0.0;0.0;0.0;131.0;2782.4641;35680.4271;0.0;23.1918;0.0;0.0;0.0;0.0
327879;0.0;0.0;0.0;0.0;0.0;0.0;41.0;6796.9266;157281.877;0.5759;116.3701;0.0;1.6602;203.5192;0.0336
267777;0.0;0.0;0.0;0.0;0.0;0.0;134.0;96.9591;0.0;1.1518;4.4866;0.0;0.8301;10.6846;0.0053
306953;0.0;0.0;0.0;0.0;0.0;0.0;40.0;21276.0029;625288.902;35.7046;2023.4385;0.0;1.6602;262.0182;0.0503
127246;0.0;0.0;0.0;0.0;0.0;0.0;9.0;1134.023;22673.4931;0.5759;1.402;0.0;0.8301;35.2408;0.0162
330139;0.0;0.0;0.0;0.0;0.0;0.0;9.0;2316.7243;49193.481;0.5759;2.8041;0.0;0.4151;60.7756;0.0462
197889;0.0;0.0;0.0;0.0;0.0;0.0;0.0;8957.0506;757837.0893;3.4553;0.0;0.0;0.4151;8.5998;0.0078
228596;0.0;0.0;0.0;0.0;0.0;0.0;0.0;32665.3186;0.0;0.0;24.2012;0.0;0.0;23.1078;0.0082
181440;0.0;0.0;0.0;0.0;0.0;0.0;174.0;22760.3378;189547.5024;28.2182;4610.7815;0.0;1.6602;80.7247;0.0172
204457;0.0;0.0;0.0;0.0;0.0;0.0;3.0;1499.1099;1694.4772;2.8794;192.3613;0.0;1.6602;195.381;0.0428
130608;0.0;0.0;0.0;1.0633;0.0;0.0;0.0;4055.1806;0.0;0.0;207.5522;0.0;0.4151;23.197;0.0155
97246;0.0;0.0;0.0;3.1899;0.0;0.0;21.0;5778.2891;127737.3894;6.9106;1224.5504;0.0;3.3205;153.1111;0.017
80900;0.0;0.0;0.0;0.0;0.0;0.0;47.0;11902.256;54645.2808;4.0312;474.7341;0.0;0.4151;30.5831;0.033
241414;0.0;0.0;0.0;1.0633;0.0;0.0;38.0;8180.1723;105201.6913;2.3035;538.6676;0.0;0.4151;11.9996;0.0095
385600;0.0;0.0;0.0;0.0;0.0;0.0;68.0;0.0;105201.6913;0.5759;0.0;0.0;0.0;0.0;0.0
205043;0.0;0.0;0.0;1.0633;0.0;0.0;34.0;14507.9227;298082.8335;11.5176;2742.6902;0.0;1.6602;96.1859;0.0206
182339;0.0;0.0;0.0;0.0;0.0;0.0;50.0;3745.2865;1709.2564;0.0;0.0;0.0;0.0;26.6524;0.0
251802;0.0;0.0;0.0;0.0;0.0;0.0;15.0;7526.199;139904.8084;6.3347;509.2246;0.0;0.8301;44.08;0.0195
83822;0.0;0.0;0.0;0.0;0.0;0.0;7.0;918.7563;2071334.2295;0.0;710.8125;0.0;4.9807;218.2078;0.0141
80258;0.0;0.0;0.0;0.0;0.0;0.0;19.0;1233.1824;34714.6941;14.9729;2877.5674;0.0;2.0753;93.6524;0.0144
286394;0.0;0.0;0.0;0.0;0.0;0.0;49.0;113.7659;1320840.013;0.5759;139.3638;0.0;0.4151;74.0738;0.0419
361684;0.0;0.0;0.0;0.0;0.0;0.0;4.0;592.2521;16036.0019;0.5759;91.6941;0.0;0.0;0.0;0.0
336689;0.0;0.0;0.0;0.0;0.0;0.0;0.0;9996.2748;285483.6908;0.0;0.0;0.0;0.0;0.0;0.0
15016;0.0;0.0;0.0;1.0633;0.0;0.0;15.0;912.2665;37843.3238;23.0353;4625.9237;0.0;6.6409;602.7535;0.0265
361492;0.0;0.0;0.0;1.0633;0.0;0.0;24.0;13337.6025;2435208.2507;4.0312;50.923;0.0;0.0;30.3057;0.0
60448;0.0;0.0;0.0;0.0;0.0;0.0;9.0;1568.5215;40448.1486;7.4865;997.6988;0.0;2.4904;165.5778;0.0245
368242;0.0;0.0;0.0;0.0;0.0;0.0;6.0;3182.1155;71887.4845;4.6071;1076.2136;0.0;0.8301;0.0;0.0
331158;0.0;0.0;0.0;2.1266;0.0;0.0;47.0;2172.4943;0.0;0.5759;43.3158;0.0;0.0;0.0;0.0
306522;0.0;0.0;0.0;0.0;0.0;0.0;3.0;2483.4924;59095.2862;1.7276;438.0004;0.0;0.4151;54.289;0.0418
197168;0.0;0.0;0.0;0.0;0.0;0.0;10.0;2620.5267;91245.3152;0.0;148.5201;0.0;0.0;59.764;0.0
54566;0.0;0.0;0.0;0.0;0.0;0.0;59.0;15666.2848;302573.0403;9.79;2011.9417;0.0;3.7355;219.1047;0.0197
150632;0.0;0.0;0.0;3.1899;0.0;0.0;65.0;567.4796;0.0;3.4553;516.2348;0.0;1.6602;58.6072;0.0135
211589;0.0;0.0;0.0;0.0;0.0;0.0;181.0;425.4693;186459.0296;0.5759;0.0;0.0;0.0;30.8204;0.0
166494;0.0;0.0;0.0;0.0;0.0;0.0;16.0;2566.4257;64368.0448;5.7588;1816.7764;0.0;1.2452;71.926;0.0187
59817;0.0;0.0;0.0;1.0633;0.0;0.0;84.0;0.0;321474.8825;0.0;0.0;0.0;0.4151;28.6828;0.0889
276905;1.0;0.0;0.0;0.0;0.0;0.0;9.0;602.168;15348.1136;0.5759;115.4875;0.0;0.4151;72.9051;0.0602
84871;0.0;0.0;0.0;1.0633;0.0;0.0;63.0;10059.2711;253497.8887;9.2141;2313.9433;0.0;2.9054;75.3166;0.0094
327504;0.0;0.0;0.0;0.0;0.0;0.0;69.0;0.0;585128.7727;0.0;0.0;0.0;0.0;0.0;0.0
329048;0.0;0.0;0.0;0.0;0.0;0.0;0.0;45690.6948;2548772.6318;0.0;110.4846;0.0;0.0;0.0;0.0111
258546;0.0;0.0;0.0;0.0;0.0;0.0;3.0;396.6376;8611.2258;0.0;46.3432;0.0;1.6602;221.2944;0.0459
164555;0.0;0.0;0.0;0.0;0.0;0.0;40.0;22411.7064;1998415.3697;69.6816;7059.8824;0.0;2.9054;358.1141;0.0405
296708;0.0;0.0;0.0;0.0;0.0;0.0;0.0;0.0;0.0;0.0;0.0;0.0;0.0;5.6515;0.0
223568;0.0;0.0;0.0;0.0;0.0;0.0;3.0;42.3681;754.1528;12.0935;133.1381;0.0;0.4151;62.8691;0.0683
52172;0.0;0.0;0.0;0.0;0.0;0.0;18.0;0.0;106681.8652;0.5759;56.1949;0.0;0.0;0.0;0.0
127604;0.0;0.0;0.0;0.0;0.0;0.0;55.0;15078.54;314652.1067;7.4865;496.6061;0.0;2.9054;215.0709;0.0301
319746;0.0;0.0;0.0;0.0;0.0;0.0;112.0;0.0;2299992.0512;1.1518;0.0;0.0;0.0;0.0;0.0062
101740;0.0;0.0;0.0;0.0;0.0;0.0;0.0;0.0;0.0;0.0;78.7867;0.0;0.0;0.0;0.0
286434;0.0;0.0;0.0;0.0;0.0;0.0;15.0;2237.893;24660.1709;2.8794;0.0;0.0;0.0;0.0;0.0
343102;0.0;0.0;0.0;0.0;0.0;0.0;32.0;4538.7965;99297.3096;6.9106;1710.7814;0.0;0.8301;58.227;0.0213
17023;0.0;0.0;0.0;0.0;0.0;0.0;83.0;73581.5597;1861203.8399;0.0;0.0;0.0;2.9054;77.7381;0.0124
343864;0.0;0.0;0.0;0.0;0.0;0.0;35.0;177.4737;0.0;0.0;0.0;0.0;0.0;0.0;0.0152
316936;0.0;0.0;0.0;0.0;0.0;0.0;21.0;2484.2151;1002364.3787;0.0;0.0;0.0;0.0;0.0;0.0056
219128;0.0;0.0;0.0;0.0;0.0;0.0;143.0;116975.0311;0.0;1.1518;192.9221;0.0;0.4151;10.7315;0.0078
415513;0.0;0.0;0.0;0.0;0.0;0.0;13.0;27146.0291;3838111.908;0.0;0.0;0.0;0.0;0.0;0.0
150484;0.0;0.0;0.0;0.0;0.0;0.0;35.0;10138.5986;251715.0589;8.0623;1919.9672;0.0;1.6602;54.3156;0.0111
268997;0.0;0.0;0.0;0.0;0.0;0.0;3.0;24.3391;446.4963;0.5759;115.2485;0.0;0.4151;19.7591;0.0185
146722;0.0;0.0;0.0;0.0;0.0;0.0;60.0;48970.9923;348921.0186;1.1518;24.438;0.0;2.0753;78.3958;0.0171
61453;0.0;0.0;0.0;0.0;0.0;0.0;49.0;148044.3857;315421.773;15.5488;2940.3792;0.0;2.0753;112.6936;0.0229
172519;0.0;0.0;0.0;2.1266;1.1176;2.2591;84.0;40407.7326;10040.3752;9.2141;365.3742;0.0;2.4904;257.7226;0.0407
248714;0.0;0.0;0.0;0.0;0.0;0.0;9.0;284.8579;8328.8129;6.3347;687.0045;0.0;2.0753;167.744;0.0267
421482;0.0;0.0;0.0;0.0;0.0;0.0;0.0;0.0;0.0;0.0;1887.169;0.0;0.0;0.0;0.0
236809;0.0;0.0;0.0;0.0;0.0;0.0;24.0;12686.9954;314500.645;34.5529;8129.927;0.0;3.3205;346.3963;0.0301
178491;0.0;0.0;0.0;0.0;0.0;0.0;0.0;24093.1668;1281430.8474;0.0;125.7942;0.0;0.0;0.0;0.0
72370;0.0;0.0;0.0;1.0633;0.0;0.0;18.0;51383.9361;0.0;0.5759;110.4815;0.0;1.2452;56.4023;0.0186
210830;0.0;0.0;0.0;0.0;0.0;0.0;0.0;25253.7503;2642571.3864;0.5759;77.0367;0.0;0.0;0.0;0.0082
296;0.0;0.0;0.0;2.1266;0.0;0.0;0.0;14326.835;2766087.3437;30.5217;2911.7774;0.0;0.4151;35.2848;0.0279
39646;0.0;0.0;0.0;0.0;0.0;0.0;0.0;0.0;0.0;0.0;0.0;0.0;1.2452;67.2636;0.0235
131789;0.0;0.0;0.0;0.0;0.0;0.0;4.0;16.2261;295.0347;4.0312;707.194;0.0;2.0753;51.7478;0.0097
151432;0.0;0.0;0.0;0.0;0.0;0.0;47.0;53807.8824;0.0;0.0;0.0;0.0;0.0;4.0559;0.0
17989;0.0;0.0;0.0;0.0;0.0;0.0;47.0;831.7463;0.0;10.3659;1325.2176;0.0;5.3958;202.2172;0.0155
160446;0.0;0.0;0.0;0.0;0.0;0.0;228.0;0.0;889378.1582;0.5759;0.0;0.0;0.0;49.5157;0.0
69306;0.0;0.0;0.0;1.0633;1.1176;5.6476;25.0;4870.6875;655937.8585;4.0312;316.8633;0.0;2.4904;89.3549;0.0137
187131;0.0;0.0;0.0;0.0;0.0;0.0;15.0;0.0;24660.1709;44.9187;10162.3386;0.0;1.6602;162.0174;0.0323
91865;0.0;0.0;0.0;1.0633;0.0;0.0;0.0;28608.3555;6322.258;2.8794;578.2054;0.0;1.2452;37.0815;0.0128
167060;0.0;0.0;0.0;0.0;0.0;0.0;24.0;4105.1994;113854.9827;46.0705;377.7123;0.0;3.3205;199.7721;0.021
271058;0.0;0.0;0.0;0.0;0.0;0.0;72.0;5913.9768;17478.1608;7.4865;57.2036;0.0;0.8301;21.8499;0.0105
8727;0.0;0.0;0.0;0.0;0.0;0.0;16.0;86407.8953;776782.6913;0.0;0.0;0.0;0.4151;30.5997;0.031
103207;0.0;0.0;0.0;0.0;0.0;0.0;29.0;12748.2939;224204.2594;6.3347;1575.6238;0.0;2.0753;97.6079;0.017
174168;0.0;0.0;0.0;0.0;0.0;0.0;35.0;0.0;92427.1252;0.5759;144.4111;0.0;0.4151;8.3973;0.0074
97149;0.0;0.0;0.0;1.0633;0.0;0.0;55.0;30389.6538;754906.9401;17.8523;4659.0121;0.0;3.7355;231.9202;0.0191
22336;0.0;0.0;0.0;0.0;0.0;0.0;75.0;2308.9305;103970.3084;2.8794;386.1246;0.0;4.1506;232.1087;0.0219
407028;0.0;0.0;0.0;0.0;0.0;0.0;102.0;0.0;41657.7877;1.1518;84.9973;0.0;0.0;0.0;0.0
176801;0.0;0.0;0.0;0.0;0.0;0.0;0.0;13589.5086;0.0;1.1518;247.8824;0.0;0.0;20.9713;0.0
254583;0.0;0.0;0.0;0.0;0.0;0.0;0.0;15891.6171;961459.6062;0.5759;137.4009;0.0;0.8301;20.9858;0.0095
406478;0.0;0.0;0.0;0.0;0.0;0.0;7.0;4001.5328;102036.241;4.0312;951.9919;0.0;0.0;9.6723;0.0076
298755;0.0;0.0;0.0;0.0;0.0;0.0;18.0;6199.2658;136410.1464;3.4553;984.7999;0.0;0.8301;44.1488;0.0205
198795;0.0;0.0;0.0;0.0;0.0;0.0;7.0;48022.1603;837761.8827;2.8794;186.4726;0.0;0.4151;21.5018;0.0197
190173;0.0;0.0;0.0;0.0;0.0;0.0;50.0;92631.3468;2090756.098;1.7276;260.7813;0.0;0.4151;8.5998;0.0078
279654;0.0;0.0;0.0;0.0;0.0;0.0;6.0;23261.0294;900344.6802;0.0;0.0;0.0;0.0;18.036;0.0
72450;0.0;0.0;0.0;0.0;0.0;0.0;12.0;2863.3014;3299.9149;1.1518;0.0;0.0;0.0;51.1438;0.0
127281;0.0;0.0;0.0;1.0633;0.0;0.0;3.0;52.2841;1068.1202;0.5759;123.6608;0.0;0.4151;22.8128;0.0213
237561;0.0;0.0;0.0;0.0;0.0;0.0;9.0;253.0216;0.0;0.0;45.7638;0.0;0.0;0.0;0.0
328117;0.0;0.0;0.0;0.0;0.0;0.0;66.0;0.0;0.0;0.0;105.159;0.0;0.0;11.4993;0.0
368551;0.0;0.0;0.0;0.0;0.0;0.0;206.0;6602.3549;1260371.2308;1.1518;80.5013;0.0;0.0;24.2288;0.0
287396;0.0;0.0;0.0;0.0;0.0;0.0;0.0;0.0;1058193.7901;1.7276;228.8043;0.0;0.0;0.0;0.0
255287;0.0;0.0;0.0;0.0;0.0;0.0;0.0;113550.5702;36506.2414;0.0;0.0;0.0;0.0;29.493;0.0107
40210;0.0;0.0;0.0;1.0633;0.0;0.0;205.0;22225.1754;0.0;1.1518;164.6007;0.0;1.2452;142.2776;0.0468
16900;0.0;0.0;0.0;1.0633;0.0;0.0;19.0;0.0;5435238.1485;2.8794;0.0;0.0;0.4151;25.5478;0.031
129686;0.0;0.0;0.0;0.0;0.0;0.0;57.0;0.0;457174.5765;0.0;22.6187;0.0;0.0;4.0614;0.0
284369;0.0;0.0;0.0;1.0633;0.0;0.0;18.0;7786.7178;165064.7969;12.0935;2815.0359;0.0;1.6602;165.2805;0.0329
26400;0.0;0.0;0.0;0.0;0.0;0.0;22.0;0.0;3475695.64;0.5759;0.5608;0.0;0.4151;6.6545;0.0086
124588;0.0;0.0;0.0;0.0;0.0;0.0;0.0;57560.07;2997.7907;2.8794;646.345;0.0;0.4151;41.1428;0.031
391556;0.0;0.0;0.0;0.0;0.0;0.0;6.0;5198.6573;163887.8137;48.9499;1255.676;0.0;0.4151;154.8034;0.1077
405691;0.0;0.0;0.0;0.0;0.0;0.0;6.0;3556.2169;84854.8104;21.3076;209.1859;0.0;0.0;49.6315;0.0041
310640;0.0;0.0;0.0;0.0;0.0;0.0;0.0;0.0;788407.0004;0.0;471.5783;0.0;0.0;101.214;0.0062
53726;0.0;0.0;0.0;0.0;0.0;0.0;7.0;3309.1747;409969.5472;25.3388;0.0;0.0;0.8301;89.0942;0.0368
417950;0.0;0.0;0.0;0.0;0.0;0.0;165.0;0.0;0.0;0.0;0.0;0.0;0.0;50.2514;0.0
384835;0.0;0.0;0.0;0.0;0.0;0.0;16.0;2056.2055;53199.326;0.5759;153.9451;0.0;0.8301;25.7717;0.0082
184123;0.0;0.0;0.0;0.0;0.0;0.0;112.0;55395.7168;248550.2599;35.7046;0.0;0.0;0.4151;8.5998;0.0078
247427;0.0;0.0;0.0;0.0;0.0;0.0;16.0;0.0;0.0;4.0312;297.515;0.0;0.0;15.536;0.0076
181914;0.0;0.0;0.0;0.0;0.0;0.0;7.0;11266.9127;2283.8349;6.3347;417.2501;0.0;1.2452;209.7923;0.0313
222745;0.0;0.0;0.0;0.0;0.0;0.0;44.0;13846.259;308046.17;7.4865;1552.3497;0.0;1.6602;142.9428;0.0287
32113;0.0;0.0;0.0;0.0;0.0;0.0;47.0;75.0294;0.0;0.5759;1.1216;0.0;0.8301;46.5592;0.0173
293298;0.0;0.0;0.0;0.0;0.0;0.0;62.0;30414.5859;47447.312;1.1518;0.0;0.0;0.8301;22.533;0.0109
162085;0.0;0.0;0.0;0.0;0.0;0.0;28.0;0.0;89709.4609;0.0;0.0;0.0;0.4151;7.1745;0.0078
65741;0.0;0.0;0.0;0.0;0.0;0.0;0.0;1985.4067;111485.3499;5.1829;304.5253;0.0;0.4151;60.207;0.0337
32420;0.0;0.0;0.0;0.0;0.0;0.0;0.0;2031.522;2111150.3053;0.0;0.0;0.0;0.0;8.3495;0.0033
246594;0.0;0.0;0.0;0.0;0.0;0.0;65.0;89235.205;3425.5272;0.0;1302.9121;0.0;0.0;38.0815;0.0
90751;0.0;0.0;0.0;1.0633;1.1176;0.0;35.0;0.0;404698.5464;1.1518;294.1501;0.0;1.2452;50.0546;0.0143
147792;0.0;0.0;0.0;0.0;0.0;0.0;0.0;0.0;149384.3745;2.3035;394.8369;0.0;0.4151;0.0;0.0067
160283;0.0;0.0;0.0;0.0;0.0;0.0;34.0;3039.8624;0.0;0.0;0.0;0.0;0.0;0.0;0.0
306036;0.0;0.0;0.0;0.0;0.0;0.0;7.0;309.1971;4807.3296;0.5759;160.3945;0.0;0.8301;74.9131;0.0302
64619;0.0;0.0;0.0;0.0;0.0;0.0;66.0;24418.4546;607493.7361;43.1911;11105.077;0.0;5.3958;390.5907;0.0206
398419;0.0;0.0;0.0;0.0;0.0;0.0;22.0;56073.4444;203036.8314;2.8794;0.0;0.0;0.0;66.2081;0.0131
89935;0.0;0.0;0.0;1.0633;0.0;0.0;174.0;0.0;171464.9953;2.3035;77.8506;0.0;0.0;0.0;0.0055
174617;0.0;0.0;0.0;0.0;0.0;0.0;0.0;173883.2456;0.0;5.1829;824.4054;0.0;1.2452;42.1727;0.0123
306107;0.0;0.0;0.0;0.0;0.0;0.0;7.0;2660.1764;63957.8362;5.7588;921.9881;0.0;0.4151;41.4285;0.0345
135251;0.0;0.0;0.0;0.0;0.0;0.0;22.0;6173.1238;206789.3254;9.2141;2396.3838;0.0;3.7355;291.7651;0.0211
374395;0.0;0.0;0.0;0.0;0.0;0.0;0.0;50398.1014;103042.5214;0.0;109.1105;0.0;0.0;0.0;0.0
398796;0.0;0.0;0.0;0.0;0.0;0.0;24.0;21340.9943;990208.2752;3.4553;32.6254;0.0;0.0;0.0;0.0
22333;0.0;0.0;0.0;0.0;0.0;0.0;71.0;8431.5602;1015262.4917;0.5759;166.8439;0.0;0.0;26.0758;0.0153
143405;0.0;0.0;0.0;0.0;0.0;0.0;0.0;0.0;330313.9932;0.0;57.9479;0.0;0.0;18.036;0.0
247660;0.0;0.0;0.0;0.0;0.0;0.0;6.0;100036.7577;62912.4201;1.1518;7.5711;0.0;0.0;0.0;0.0042
178507;0.0;0.0;0.0;1.0633;0.0;0.0;0.0;0.0;296071.1776;3.4553;0.0;0.0;0.0;0.0;0.0
418858;0.0;0.0;0.0;0.0;0.0;0.0;102.0;705.9503;75871.3464;0.0;0.0;0.0;0.0;0.0;0.012
317531;0.0;0.0;0.0;0.0;0.0;0.0;24.0;4995.8312;126519.3853;9.2141;2212.1544;0.0;0.8301;136.9124;0.0471
164361;0.0;0.0;0.0;0.0;0.0;0.0;0.0;45523.148;71840.1725;0.0;0.0;0.0;0.0;0.0;0.0055
283887;0.0;0.0;0.0;0.0;0.0;0.0;7.0;2644.8518;63806.3745;1.7276;443.6086;0.0;0.4151;56.8945;0.043
219539;0.0;0.0;0.0;0.0;0.0;0.0;57.0;18798.8206;397891.3261;7.4865;1772.752;0.0;3.3205;152.136;0.0166
119192;0.0;0.0;0.0;0.0;0.0;0.0;35.0;8845.0191;193375.5032;13.2453;2238.513;0.0;3.3205;105.5861;0.0126
347175;0.0;0.0;0.0;0.0;0.0;0.0;15.0;5470.8949;138581.0967;26.4905;5180.0138;0.0;1.2452;173.5756;0.036
168717;0.0;0.0;0.0;0.0;0.0;0.0;57.0;191406.1017;346925.6065;14.397;596.5532;0.0;0.0;0.0;0.0
148447;0.0;0.0;0.0;1.0633;0.0;0.0;19.0;73620.0241;0.0;1.1518;282.3729;0.0;1.2452;142.3588;0.0428
