id_pessoa;abs_eventos;abs_qtd_total;horas_previstas_total;acidentes_eventos;acidentes_com_afastamento;acidentes_dias_perdidos;he_eventos;he_referencia_total;he_valor_total;hi_eventos;hi_minutos_irregulares;hi_minutos_extras;mov_sal_eventos;mov_sal_valor_total;mov_sal_perc_medio
344630;0.0;0.0;0.0;0.0;0.0;0.0;47.0;240.8822;5313.0379;7.4865;442.7674;0.0;0.8301;98.2104;0.0299
58113;0.0;0.0;0.0;0.0;0.0;0.0;12.0;351.4165;1230.2744;0.0;0.0;0.0;0.0;71.7658;0.0
251795;0.0;0.0;0.0;0.0;0.0;0.0;43.0;146.8461;2023.3067;7.4865;1698.7237;0.0;2.4904;203.8673;0.0261
301610;0.0;0.0;0.0;0.0;0.0;0.0;7.0;110.3478;11455.1693;0.5759;128.9886;0.0;0.0;22.9964;0.0048
174899;0.0;0.0;0.0;0.0;0.0;0.0;102.0;0.0;22.162;3.4553;55.8016;0.0;0.4151;6.9918;0.0079
368543;0.0;0.0;0.0;0.0;0.0;0.0;12.0;39.2431;578.4257;5.1829;828.8919;0.0;0.4151;23.3654;0.0149
177356;0.0;0.0;0.0;0.0;0.0;0.0;18.0;165.1521;648.6256;0.0;0.0;0.0;0.0;7.105;0.0056
14457;0.0;0.0;0.0;0.0;0.0;0.0;0.0;41.0286;6987.397;0.0;157.5117;0.0;0.8301;30.005;0.0142
44678;0.0;0.0;0.0;0.0;0.0;0.0;7.0;351.9512;4466.1243;0.5759;115.5289;0.0;1.2452;50.6578;0.0161
343943;0.0;0.0;0.0;0.0;0.0;0.0;10.0;5.4838;84.9921;1.1518;356.4139;0.0;0.0;0.0;0.0
3762;0.0;0.0;0.0;0.0;0.0;0.0;0.0;223.3532;15679.7923;0.0;0.0;0.0;0.0;0.0;0.0
81049;0.0;0.0;0.0;0.0;0.0;0.0;7.0;145.3683;7333.0124;1.1518;292.4676;0.0;0.8301;35.7527;0.0173
209467;0.0;0.0;0.0;0.0;0.0;0.0;88.0;13.962;2167.4086;0.0;609.9262;0.0;0.0;0.0;0.0
75411;0.0;0.0;0.0;0.0;0.0;0.0;31.0;55.6344;811.3138;4.6071;900.1161;0.0;3.7355;235.8024;0.0202
265363;0.0;0.0;0.0;0.0;0.0;0.0;10.0;12.1095;143.3364;1.1518;84.4034;0.0;0.8301;62.0695;0.0263
167987;0.0;0.0;0.0;0.0;0.0;0.0;7.0;459.597;11595.2443;0.0;22.0093;0.0;0.4151;36.2782;0.0898
156922;0.0;0.0;0.0;1.0633;0.0;0.0;16.0;57.3472;1258.6936;30.5217;5929.5497;0.0;3.3205;341.7927;0.0313
243172;0.0;0.0;0.0;0.0;0.0;0.0;49.0;628.1075;0.0;0.0;270.6302;0.0;0.0;0.0;0.0073
352898;0.0;0.0;0.0;1.0633;0.0;0.0;74.0;67.5863;2204.7206;0.0;593.6572;0.0;0.0;88.2229;0.0048
213822;0.0;0.0;0.0;0.0;0.0;0.0;0.0;0.0;0.0;0.0;0.0;0.0;0.0;0.0;0.0
161350;0.0;0.0;0.0;0.0;0.0;0.0;0.0;81.6129;15314.8332;5.1829;0.0;0.0;0.0;53.9272;0.0
266119;0.0;0.0;0.0;0.0;0.0;0.0;24.0;84.9616;1264.547;5.1829;1250.0678;0.0;0.4151;45.0135;0.0404
193603;0.0;0.0;0.0;0.0;0.0;0.0;29.0;0.0;0.0;9.2141;20.1202;0.0;0.0;0.0;0.0051
175817;0.0;0.0;0.0;1.0633;0.0;0.0;12.0;761.5116;20538.511;0.0;186.5465;0.0;1.2452;34.5864;0.0101
131122;0.0;0.0;0.0;0.0;0.0;0.0;25.0;1149.9324;7145.5139;0.0;54.907;0.0;0.0;69.9019;0.0082
107523;0.0;0.0;0.0;0.0;0.0;0.0;18.0;0.0;0.0;0.5759;155.6275;0.0;0.4151;30.3042;0.033
276864;0.0;0.0;0.0;0.0;0.0;0.0;34.0;790.5726;0.0;0.5759;104.0708;0.0;0.0;67.8442;0.0087
140902;0.0;0.0;0.0;0.0;0.0;0.0;0.0;351.9512;10023.6438;0.5759;149.4585;0.0;0.8301;35.2408;0.0162
240196;0.0;0.0;0.0;0.0;0.0;0.0;28.0;149.1448;2054.7981;8.0623;1161.7386;0.0;0.8301;84.5375;0.0323
47151;0.0;0.0;0.0;0.0;0.0;0.0;18.0;33.7593;495.7371;25.3388;4869.8804;0.0;4.1506;271.0061;0.0202
168849;0.0;0.0;0.0;1.0633;0.0;0.0;27.0;1.3078;481.2564;24.7629;2687.169;0.0;2.0753;82.9942;0.016
284371;0.0;0.0;0.0;0.0;0.0;0.0;9.0;111.0736;1241.3229;6.3347;1493.744;0.0;1.2452;99.4435;0.0278
41360;0.0;0.0;0.0;0.0;0.0;0.0;9.0;55.002;5314.75;2.8794;212.5508;0.0;1.2452;51.1495;0.0174
127354;0.0;0.0;0.0;0.0;0.0;0.0;4.0;30.1384;422.01;23.0353;3822.2686;0.0;2.9054;132.9965;0.0172
151790;0.0;0.0;0.0;0.0;0.0;0.0;27.0;330.1489;47529.9303;0.0;0.0;0.0;0.4151;20.4224;0.0175
286201;0.0;0.0;0.0;0.0;0.0;0.0;46.0;124.9305;100.4038;0.0;168.8976;0.0;0.0;0.0;0.0
241888;0.0;0.0;0.0;0.0;0.0;0.0;0.0;126.1005;2768.1118;4.0312;0.0;0.0;0.0;0.0;0.0152
280977;0.0;0.0;0.0;0.0;0.0;0.0;10.0;55.3941;670.3125;10.9417;2069.4258;0.0;0.8301;47.3864;0.0195
194753;0.0;0.0;0.0;0.0;0.0;0.0;13.0;15.9364;38.0263;0.0;9.5985;0.0;0.0;0.0;0.0
213655;0.0;0.0;0.0;0.0;0.0;0.0;7.0;0.0;11045.1001;1.1518;150.714;0.0;0.8301;7.4783;0.0091
98689;0.0;0.0;0.0;0.0;0.0;0.0;38.0;217.2643;2645.5774;13.2453;2105.0378;0.0;3.3205;133.3006;0.0149
220967;0.0;0.0;0.0;0.0;0.0;0.0;22.0;79.2073;1356.4022;28.7941;2584.8193;0.0;0.4151;15.9042;0.0116
200385;0.0;0.0;0.0;1.0633;0.0;0.0;38.0;57.7732;1122.363;0.0;175.6739;0.0;0.4151;0.0;0.0
168534;0.0;0.0;0.0;0.0;0.0;0.0;0.0;541.2645;127.2765;0.5759;8.6106;0.0;0.4151;8.5998;0.0078
61223;0.0;0.0;0.0;1.0633;0.0;0.0;3.0;2.2987;25.5118;1.1518;32.2471;0.0;1.6602;56.756;0.0133
110727;0.0;0.0;0.0;0.0;0.0;0.0;0.0;105.0917;31.3492;10.3659;1818.1784;0.0;1.6602;63.6608;0.0139
1645;0.0;0.0;0.0;0.0;0.0;0.0;63.0;544.422;15491.0635;85.2304;5734.9452;0.0;1.6602;94.8089;0.0158
218597;0.0;0.0;0.0;1.0633;0.0;0.0;0.0;21.3899;0.0;4.0312;0.0;0.0;0.0;37.1806;0.0
3563;0.0;0.0;0.0;2.1266;1.1176;1.1295;10.0;511.8733;0.0;2.3035;449.7776;0.0;0.8301;29.2207;0.0142
285737;0.0;0.0;0.0;0.0;0.0;0.0;12.0;64.0189;891.4245;0.5759;0.0;0.0;0.0;118.3274;0.0
36027;0.0;0.0;0.0;0.0;0.0;0.0;22.0;0.0;1415.0414;5.7588;801.6922;0.0;2.0753;121.6215;0.0144
312238;0.0;0.0;0.0;0.0;0.0;0.0;13.0;3.8612;48.4677;1.7276;407.1553;0.0;0.4151;58.8012;0.0484
311514;0.0;0.0;0.0;0.0;0.0;0.0;7.0;0.0;323.3623;2.8794;0.0;0.0;0.8301;25.4804;0.0109
121847;0.0;0.0;0.0;0.0;0.0;0.0;0.0;11.2727;1570.5356;1.1518;95.3394;0.0;0.0;0.0;0.0
125798;0.0;0.0;0.0;0.0;0.0;0.0;68.0;803.9771;715.6957;0.0;114.7718;0.0;0.0;65.2203;0.0093
256909;0.0;0.0;0.0;0.0;0.0;0.0;53.0;326.9705;32.3768;0.0;0.0;0.0;0.0;4.9875;0.0087
120306;0.0;0.0;0.0;0.0;0.0;0.0;43.0;0.0;22957.4994;0.5759;137.4009;0.0;0.8301;43.3511;0.0233
419482;0.0;0.0;0.0;0.0;0.0;0.0;0.0;42.7852;1778.2433;0.0;0.0;0.0;0.0;0.0;0.0
260838;0.0;0.0;0.0;2.1266;0.0;0.0;7.0;23.7382;368.746;4.6071;1003.0266;0.0;0.4151;23.3783;0.0185
342561;0.0;0.0;0.0;0.0;0.0;0.0;13.0;26.9684;419.2332;0.5759;117.7722;0.0;0.0;0.0;0.0062
291517;0.0;0.0;0.0;0.0;0.0;0.0;3.0;9.4352;123.031;0.0;0.0;0.0;0.8301;91.944;0.0351
120142;0.0;0.0;0.0;1.0633;0.0;0.0;0.0;1602.5338;484.4068;0.0;829.4189;0.0;0.8301;37.851;0.0216
71591;0.0;0.0;0.0;0.0;0.0;0.0;7.0;12.6654;236.7693;0.5759;133.7556;0.0;2.0753;89.0506;0.014
169801;0.0;0.0;0.0;1.0633;0.0;0.0;109.0;687.2717;7547.6367;0.5759;116.0897;0.0;0.4151;6.2105;0.0066
127403;0.0;0.0;0.0;0.0;0.0;0.0;28.0;0.0;276.9289;0.0;0.0;0.0;0.0;82.1416;0.0121
95435;0.0;0.0;0.0;0.0;0.0;0.0;0.0;27.8925;0.0;7.4865;1619.9285;0.0;0.0;0.0;0.0059
12845;0.0;0.0;0.0;0.0;0.0;0.0;12.0;50.7608;0.0;3.4553;983.3402;0.0;1.6602;72.4216;0.0132
214227;0.0;0.0;0.0;0.0;0.0;0.0;19.0;39.3783;665.3742;1.7276;301.1603;0.0;0.4151;14.8278;0.0113
274315;0.0;0.0;0.0;0.0;0.0;0.0;16.0;49.114;604.0953;8.6382;1364.1946;0.0;0.4151;43.2278;0.0345
288463;0.0;0.0;0.0;0.0;0.0;0.0;4.0;7.7675;89.6148;0.0;0.0;0.0;0.8301;0.0;0.0117
346569;0.0;0.0;0.0;0.0;0.0;0.0;56.0;387.6838;6856.5267;0.0;0.0;0.0;0.0;0.0;0.0061
258349;0.0;0.0;0.0;0.0;0.0;0.0;0.0;0.0;0.0;0.0;88.5576;0.0;0.0;38.0445;0.0065
112841;0.0;0.0;0.0;1.0633;0.0;0.0;44.0;42.1734;6184.3933;11.5176;570.3539;0.0;0.4151;35.2848;0.0279
349897;0.0;0.0;0.0;1.0633;0.0;0.0;22.0;214.62;3182.083;8.0623;1794.624;0.0;1.2452;67.593;0.0156
363765;0.0;0.0;0.0;0.0;0.0;0.0;206.0;0.0;0.0;0.5759;0.0;0.0;0.0;0.0;0.0
344955;0.0;0.0;0.0;0.0;0.0;0.0;46.0;417.2252;1301.2423;0.5759;0.0;0.0;0.0;111.4716;0.0057
67108;0.0;0.0;0.0;0.0;0.0;0.0;16.0;330.1489;33287.6297;0.0;0.0;0.0;4.1506;203.2248;0.0178
376174;0.0;0.0;0.0;0.0;0.0;0.0;34.0;0.0;1492.0458;1.1518;291.9068;0.0;0.0;6.0464;0.0
211538;0.0;0.0;0.0;0.0;0.0;0.0;192.0;109.6351;7297.9822;0.0;16.7678;0.0;0.0;1.0071;0.0064
17259;0.0;0.0;0.0;0.0;0.0;0.0;7.0;979.7009;2854.8369;3.4553;603.4423;0.0;2.0753;269.972;0.0549
31835;0.0;0.0;0.0;0.0;0.0;0.0;0.0;908.7063;7824.2874;3.4553;341.5394;0.0;0.8301;63.0454;0.02
332002;0.0;0.0;0.0;0.0;0.0;0.0;0.0;0.0;2817.6634;2.3035;0.0;0.0;1.2452;28.6295;0.0096
231703;0.0;0.0;0.0;0.0;0.0;0.0;18.0;336.5691;0.0;6.9106;0.0;0.0;0.0;0.0;0.0005
40557;0.0;0.0;0.0;1.0633;0.0;0.0;32.0;167.2338;5259.7897;32.2494;5621.3792;0.0;5.8108;663.7505;0.0292
41044;0.0;0.0;0.0;0.0;0.0;0.0;55.0;577.0886;4095.9554;0.0;0.0;0.0;0.0;0.0;0.0
307316;0.0;0.0;0.0;0.0;0.0;0.0;0.0;133.7244;0.0;6.9106;0.0;0.0;0.0;0.0;0.015
112554;0.0;0.0;0.0;0.0;0.0;0.0;97.0;0.0;0.0;0.0;1075.4393;0.0;0.0;15.7408;0.0069
233387;0.0;0.0;0.0;0.0;0.0;0.0;100.0;318.5792;18068.0665;0.5759;4.8432;0.0;0.0;24.4441;0.0
417438;0.0;0.0;0.0;0.0;0.0;0.0;24.0;0.0;0.0;12.6694;167.0051;0.0;0.0;6.6259;0.0
23726;0.0;0.0;0.0;0.0;0.0;0.0;29.0;0.0;12998.4389;2.8794;0.0;0.0;0.8301;46.6074;0.0262
168244;0.0;0.0;0.0;0.0;0.0;0.0;24.0;178.7273;1934.3703;15.5488;1914.359;0.0;1.2452;40.0901;0.0122
281988;0.0;0.0;0.0;0.0;0.0;0.0;12.0;223.2138;3085.3684;117.4798;4918.1109;0.0;0.8301;83.8103;0.0316
235164;0.0;0.0;0.0;0.0;0.0;0.0;44.0;352.0159;5342.6834;29.9458;5247.8731;0.0;1.6602;156.5424;0.0288
277038;0.0;0.0;0.0;0.0;0.0;0.0;18.0;9.6605;116.6097;0.5759;125.9041;0.0;1.6602;140.8116;0.0286
92780;0.0;0.0;0.0;0.0;0.0;0.0;0.0;96.02;15224.6743;8.6382;275.9234;0.0;2.0753;64.8814;0.013
20896;0.0;0.0;0.0;0.0;0.0;0.0;18.0;0.0;3179.9874;0.5759;29.443;0.0;0.4151;24.6209;0.031
21708;0.0;0.0;0.0;0.0;0.0;0.0;21.0;128.6218;2467.9729;6.3347;789.915;0.0;5.8108;586.4706;0.0326
123045;0.0;0.0;0.0;0.0;0.0;0.0;7.0;121.2479;3422.7552;1.1518;191.8004;0.0;1.6602;46.0266;0.0093
181765;0.0;0.0;0.0;0.0;0.0;0.0;6.0;369.2795;5877.1165;1.7276;62.8126;0.0;0.0;11.2952;0.0
290099;0.0;0.0;0.0;0.0;0.0;0.0;31.0;226.5492;2579.4392;8.6382;1794.0631;0.0;1.2452;88.7059;0.026
285902;0.0;0.0;0.0;0.0;0.0;0.0;78.0;884.8902;0.0;1.1518;0.0;0.0;0.0;12.6518;0.005
299796;0.0;0.0;0.0;0.0;0.0;0.0;3.0;4.8828;55.8515;16.1247;0.0;0.0;0.4151;39.5504;0.0358
105407;0.0;0.0;0.0;0.0;0.0;0.0;22.0;117.732;23232.4185;0.0;0.0;0.0;0.4151;23.4966;0.0569
415385;0.0;0.0;0.0;0.0;0.0;0.0;3.0;0.4207;7.3364;2.8794;730.7484;0.0;0.0;0.0;0.0
195932;0.0;0.0;0.0;0.0;0.0;0.0;34.0;2.8893;252.3239;17.2764;3410.9072;0.0;1.2452;99.92;0.029
195892;0.0;0.0;0.0;0.0;0.0;0.0;44.0;6.1787;3319.3589;0.0;0.0;0.0;0.0;0.0;0.0
12908;0.0;0.0;0.0;0.0;0.0;0.0;32.0;138.1321;2832.7746;15.5488;2563.7886;0.0;4.5656;288.0336;0.0184
244186;0.0;0.0;0.0;0.0;0.0;0.0;24.0;353.0783;978.1533;0.0;60.9614;0.0;0.0;21.7511;0.0
289025;0.0;0.0;0.0;0.0;0.0;0.0;25.0;0.0;0.0;0.5759;0.0;0.0;0.4151;11.3363;0.0095
75261;0.0;0.0;0.0;1.0633;0.0;0.0;0.0;1227.0004;1528.465;3.4553;3.4632;0.0;1.2452;60.0845;0.0138
58886;0.0;0.0;0.0;0.0;0.0;0.0;18.0;0.5828;1492.0458;0.0;325.5827;0.0;0.4151;39.9208;0.0381
38356;0.0;0.0;0.0;0.0;0.0;0.0;7.0;299.9663;2067.3021;0.0;51.3074;0.0;1.2452;56.7785;0.0187
150705;0.0;0.0;0.0;0.0;0.0;0.0;3.0;7.3318;151.3354;4.0312;739.7216;0.0;2.9054;230.8354;0.0251
108682;0.0;0.0;0.0;0.0;0.0;0.0;0.0;401.4986;0.0;8.0623;1100.8896;0.0;0.8301;53.0081;0.0244
92997;0.0;0.0;0.0;0.0;0.0;0.0;38.0;1.9939;10767.5872;5.1829;1254.8347;0.0;1.2452;37.0815;0.0128
281805;0.0;0.0;0.0;2.1266;0.0;0.0;0.0;154.5394;3382.81;6.9106;1628.3408;0.0;0.8301;107.915;0.0368
279006;0.0;0.0;0.0;0.0;0.0;0.0;6.0;40.3849;510.5204;7.4865;1865.0069;0.0;0.4151;37.9339;0.0294
191246;0.0;0.0;0.0;0.0;0.0;0.0;87.0;401.5528;118.2999;0.5759;66.4572;0.0;1.2452;59.6186;0.0172
204546;0.0;0.0;0.0;0.0;0.0;0.0;0.0;0.0;1628.0949;2.3035;66.7376;0.0;0.8301;50.1975;0.0223
269873;0.0;0.0;0.0;0.0;0.0;0.0;24.0;106.2208;1346.9674;4.6071;533.0594;0.0;0.8301;64.2678;0.0271
143151;0.0;0.0;0.0;0.0;0.0;0.0;27.0;0.0;313.2057;0.0;176.2634;0.0;0.0;0.0;0.0
93381;0.0;0.0;0.0;0.0;0.0;0.0;84.0;176.3986;4873.3101;2.8794;482.5856;0.0;2.0753;214.0168;0.0232
242925;0.0;0.0;0.0;0.0;0.0;0.0;6.0;12.5752;130.4779;2.3035;0.0;0.0;0.4151;48.087;0.0471
49286;0.0;0.0;0.0;0.0;0.0;0.0;134.0;1902.0693;0.0;4.6071;286.2986;0.0;0.4151;30.3042;0.033
244016;0.0;0.0;0.0;0.0;0.0;0.0;7.0;160.7173;0.0;0.5759;95.6198;0.0;0.0;0.0;0.009
95080;0.0;0.0;0.0;0.0;0.0;0.0;16.0;19.0356;467.2592;8.6382;785.4284;0.0;3.3205;283.5727;0.0209
153532;0.0;0.0;0.0;0.0;0.0;0.0;40.0;0.0;0.0;7.4865;0.0;0.0;0.4151;27.792;0.0268
168477;0.0;0.0;0.0;0.0;0.0;0.0;12.0;0.0;70482.9881;0.5759;121.9783;0.0;0.8301;12.25;0.0057
98111;0.0;0.0;0.0;0.0;0.0;0.0;49.0;0.0;9248.4938;0.0;16.3638;0.0;0.4151;2.3028;0.0023
288378;0.0;0.0;0.0;0.0;0.0;0.0;9.0;50.391;707.9885;19.58;1512.2511;0.0;0.4151;50.3039;0.0358
210223;0.0;0.0;0.0;0.0;0.0;0.0;12.0;49.8051;1618.3993;4.0312;248.1628;0.0;3.7355;333.499;0.0242
198606;0.0;0.0;0.0;2.1266;0.0;0.0;6.0;7.2567;156.463;62.1952;2079.2401;0.0;3.7355;397.7284;0.0315
105867;0.0;0.0;0.0;0.0;0.0;0.0;72.0;375.9686;1827.9498;0.5759;152.2626;0.0;0.8301;42.2308;0.0233
293695;0.0;0.0;0.0;0.0;0.0;0.0;6.0;50.1506;567.7919;0.0;0.0;0.0;0.0;0.0;0.0
133496;0.0;0.0;0.0;0.0;0.0;0.0;15.0;294.7589;0.0;0.0;0.0;0.0;0.0;4.9632;0.0
205604;0.0;0.0;0.0;0.0;0.0;0.0;7.0;0.0;4191.622;0.5759;261.7376;0.0;0.0;0.0;0.007
86883;0.0;0.0;0.0;0.0;0.0;0.0;7.0;21.124;271.7317;2.3035;541.4717;0.0;0.8301;40.6981;0.0216
35986;0.0;0.0;0.0;0.0;0.0;0.0;78.0;20.3149;10782.8933;0.0;180.7039;0.0;1.2452;53.3142;0.0154
413384;0.0;0.0;0.0;0.0;0.0;0.0;6.0;531.5276;0.0;0.0;0.0;0.0;0.0;0.0;0.0109
112492;0.0;0.0;0.0;0.0;0.0;0.0;37.0;0.0;741.8495;1.1518;235.264;0.0;2.4904;73.4812;0.0121
16969;0.0;0.0;0.0;2.1266;0.0;0.0;47.0;91.4283;7641.5175;0.5759;0.5608;0.0;1.6602;134.753;0.0369
334757;0.0;0.0;0.0;0.0;0.0;0.0;6.0;47.3411;544.2206;1.7276;72.6262;0.0;0.0;0.0;0.0
190486;0.0;0.0;0.0;0.0;0.0;0.0;21.0;419.1047;10152.6249;0.0;73.1214;0.0;0.0;49.9245;0.0
173076;0.0;0.0;0.0;0.0;0.0;0.0;7.0;1079.1522;0.0;0.0;24.2012;0.0;0.4151;6.6226;0.0066
256618;0.0;0.0;0.0;0.0;0.0;0.0;0.0;1913.764;0.0;0.0;41.3789;0.0;0.0;0.0;0.0051
37398;0.0;0.0;0.0;1.0633;0.0;0.0;28.0;1912.029;6301.6323;1.1518;9.8143;0.0;0.4151;30.5163;0.031
71235;0.0;0.0;0.0;0.0;0.0;0.0;22.0;675.5225;31.1904;0.0;0.0;0.0;0.8301;42.3085;0.0174
83029;0.0;0.0;0.0;0.0;0.0;0.0;53.0;198.9949;2851.2024;14.397;3471.1953;0.0;2.0753;62.747;0.0111
244983;0.0;0.0;0.0;0.0;0.0;0.0;139.0;275.8162;390.2211;0.0;2151.7921;0.0;0.0;103.2307;0.0026
171035;0.0;0.0;0.0;0.0;0.0;0.0;15.0;294.7589;2877.6164;2.3035;323.5931;0.0;0.8301;12.25;0.0057
105325;0.0;0.0;0.0;0.0;0.0;0.0;193.0;1.3078;3358.4469;2.3035;22.6478;0.0;0.0;67.0369;0.0
311497;0.0;0.0;0.0;0.0;0.0;0.0;3.0;28.02;367.9256;2.3035;393.4152;0.0;0.4151;46.1253;0.0349
329317;0.0;0.0;0.0;0.0;0.0;0.0;34.0;72.2511;1569.5055;8.6382;1810.3269;0.0;1.6602;279.1302;0.0456
86723;0.0;0.0;0.0;0.0;0.0;0.0;10.0;46.4847;556.3376;2.8794;701.3054;0.0;0.0;0.0;0.0
178743;0.0;0.0;0.0;1.0633;0.0;0.0;0.0;149.2608;2266.1836;1.7276;0.0;0.0;0.0;77.4038;0.0
215302;0.0;0.0;0.0;1.0633;0.0;0.0;40.0;1229.2462;0.0;3.4553;191.8004;0.0;0.8301;113.3708;0.0464
156950;0.0;0.0;0.0;0.0;0.0;0.0;10.0;20.5681;661.493;17.8523;3572.7037;0.0;2.0753;333.6939;0.023
17535;0.0;0.0;0.0;1.0633;0.0;0.0;15.0;92.0323;12.6831;0.0;0.0522;0.0;0.0;0.0;0.0
354522;0.0;0.0;0.0;0.0;0.0;0.0;50.0;230.0148;4670.5738;0.0;1338.4381;0.0;0.0;4.9711;0.0
393845;0.0;0.0;0.0;0.0;0.0;0.0;71.0;100.5884;1374.9527;0.0;21.8616;0.0;0.0;0.0;0.0
117848;0.0;0.0;0.0;0.0;0.0;0.0;7.0;140.5874;264.5888;5.7588;0.0;0.0;0.0;14.4811;0.0
314527;0.0;0.0;0.0;0.0;0.0;0.0;41.0;148.679;2163.5034;10.3659;1819.5805;0.0;1.2452;158.2565;0.037
317360;0.0;0.0;0.0;0.0;0.0;0.0;37.0;170.8697;2762.266;47.7982;3016.0899;0.0;2.9054;247.5534;0.0314
347066;0.0;0.0;0.0;0.0;0.0;0.0;13.0;53.6062;885.3091;5.7588;1523.1871;0.0;0.8301;90.6659;0.0374
421086;0.0;0.0;0.0;0.0;0.0;0.0;0.0;18.6657;47.8891;0.0;0.0;0.0;0.0;8.2763;0.0
188476;0.0;0.0;0.0;0.0;0.0;0.0;34.0;64.679;776.6512;14.9729;2896.9157;0.0;1.2452;80.1667;0.0203
279512;0.0;0.0;0.0;1.0633;0.0;0.0;25.0;312.2848;7119.81;0.0;739.3495;0.0;0.0;0.0;0.0093
195980;0.0;0.0;0.0;1.0633;0.0;0.0;22.0;0.0;2722.4902;0.0;0.0;0.0;0.4151;25.2782;0.0128
32838;0.0;0.0;0.0;0.0;0.0;0.0;27.0;0.0;3735.7512;1.1518;68.7769;0.0;0.0;0.0;0.0106
204928;0.0;0.0;0.0;0.0;0.0;0.0;21.0;7.9478;115.3791;0.5759;0.7889;0.0;0.4151;13.6935;0.0099
280516;0.0;0.0;0.0;0.0;0.0;0.0;47.0;185.0825;2981.0965;3.4553;850.7639;0.0;1.2452;166.0699;0.0381
217384;0.0;0.0;0.0;0.0;0.0;0.0;59.0;0.0;233.6976;10.3659;2608.0934;0.0;0.8301;33.5728;0.0146
138820;0.0;0.0;0.0;0.0;0.0;0.0;47.0;28.2319;2477.4301;0.0;74.7262;0.0;0.0;0.0;0.0049
88797;0.0;0.0;0.0;0.0;0.0;0.0;91.0;434.8891;4828.5973;44.9187;2062.9763;0.0;3.7355;205.0105;0.0199
290536;0.0;0.0;0.0;0.0;0.0;0.0;0.0;0.0;610.7294;0.0;139.8629;0.0;0.0;0.0;0.0142
139269;0.0;0.0;0.0;1.0633;0.0;0.0;18.0;124.7756;2086.4158;39.7358;662.6088;0.0;4.1506;325.8911;0.0242
370816;0.0;0.0;0.0;0.0;0.0;0.0;37.0;124.6102;29718.2542;0.0;0.0;0.0;0.0;0.0;0.0125
36103;0.0;0.0;0.0;0.0;0.0;0.0;9.0;1913.6285;78.3041;0.0;0.0;0.0;0.4151;9.6889;0.0072
261210;0.0;0.0;0.0;0.0;0.0;0.0;81.0;0.0;7221.7692;0.5759;149.1781;0.0;0.4151;20.1936;0.0185
414316;0.0;0.0;0.0;0.0;0.0;0.0;0.0;309.1983;26112.8673;4.0312;286.1546;0.0;0.0;7.0378;0.0092
38462;0.0;0.0;0.0;0.0;0.0;0.0;7.0;276.2347;356.8043;9.79;0.0;0.0;0.0;25.3067;0.0
401017;0.0;0.0;0.0;0.0;0.0;0.0;127.0;910.3081;4387.5188;0.0;30.6652;0.0;0.0;61.6181;0.0042
141277;0.0;0.0;0.0;0.0;0.0;0.0;24.0;294.9987;10016.9575;0.0;47.8076;0.0;0.8301;29.1389;0.0339
217559;0.0;0.0;0.0;0.0;0.0;0.0;74.0;0.0;146.2559;0.5759;153.9451;0.0;0.8301;23.2774;0.011
251516;0.0;0.0;0.0;0.0;0.0;0.0;16.0;79.4177;972.7624;11.5176;1790.1374;0.0;0.4151;20.6409;0.018
236927;0.0;0.0;0.0;0.0;0.0;0.0;47.0;61.8695;874.1546;4.0312;184.5098;0.0;2.4904;266.5444;0.033
339391;0.0;0.0;0.0;0.0;0.0;0.0;34.0;39.6938;722.8823;0.0;87.0833;0.0;0.8301;177.6472;0.0625
238280;0.0;0.0;0.0;0.0;0.0;0.0;0.0;114.8025;1463.3053;9.79;2183.5526;0.0;0.4151;10.8077;0.0091
78911;0.0;0.0;0.0;0.0;0.0;0.0;71.0;158.8954;2289.2166;0.5759;104.5929;0.0;4.5656;331.8087;0.0238
372002;0.0;0.0;0.0;0.0;0.0;0.0;3.0;0.3005;4.2756;11.5176;2197.0123;0.0;0.8301;80.0605;0.0266
61665;0.0;0.0;0.0;0.0;0.0;0.0;0.0;37.9921;4561.7563;2.3035;0.0;0.0;2.9054;226.7628;0.0337
50568;0.0;0.0;0.0;0.0;0.0;0.0;22.0;116.0315;2007.9555;63.347;13952.0797;0.0;3.3205;168.7495;0.0167
328468;0.0;0.0;0.0;0.0;0.0;0.0;9.0;16.1059;251.5368;0.5759;130.6711;0.0;1.6602;106.7309;0.02
155433;0.0;0.0;0.0;0.0;0.0;0.0;9.0;435.8234;0.0;0.0;54.929;0.0;0.0;0.0;0.0
365448;0.0;0.0;0.0;0.0;0.0;0.0;0.0;0.0;1273.6289;10.9417;222.4538;0.0;0.0;0.0;0.0082
134841;0.0;0.0;0.0;0.0;0.0;0.0;49.0;150.9326;2432.3636;10.3659;2205.1442;0.0;3.3205;98.6949;0.0106
25971;0.0;0.0;0.0;0.0;0.0;0.0;12.0;379.339;4328.8044;0.5759;3.9257;0.0;0.8301;31.873;0.0154
69276;0.0;0.0;0.0;0.0;0.0;0.0;0.0;408.2481;2251.8574;36.8564;4770.6152;0.0;1.6602;147.5871;0.0186
214086;0.0;0.0;0.0;0.0;0.0;0.0;9.0;3.5757;40.0585;0.5759;0.0;0.0;2.4904;163.8672;0.0219
237763;0.0;0.0;0.0;0.0;0.0;0.0;0.0;0.0;0.0;0.0;0.0;0.0;0.0;21.0632;0.0
343424;0.0;0.0;0.0;0.0;0.0;0.0;87.0;0.0;0.0;12.6694;0.0;0.0;0.8301;85.9535;0.0312
118959;0.0;0.0;0.0;0.0;0.0;0.0;49.0;137.2456;2916.6465;23.6111;4666.8635;0.0;5.3958;365.4038;0.0209
113670;0.0;0.0;0.0;1.0633;0.0;0.0;35.0;391.5595;7628.571;219.4108;8256.6723;0.0;4.9807;413.8255;0.0281
121110;0.0;0.0;0.0;0.0;0.0;0.0;298.0;228.0186;0.0;0.5759;402.0551;0.0;0.0;0.0;0.0
252798;0.0;0.0;0.0;0.0;0.0;0.0;29.0;118.6346;4759.4167;0.0;75.5615;0.0;0.0;76.5984;0.0
335586;0.0;0.0;0.0;0.0;0.0;0.0;15.0;76.4128;1112.5489;1.1518;0.0;0.0;0.4151;36.847;0.0251
18272;0.0;0.0;0.0;1.0633;0.0;0.0;0.0;0.0;31561.8523;17.2764;1733.2142;0.0;1.2452;47.8874;0.0212
95531;0.0;0.0;0.0;0.0;0.0;0.0;6.0;43.6151;778.1815;3.4553;470.2476;0.0;0.0;0.0;0.0084
38539;0.0;0.0;0.0;0.0;0.0;0.0;6.0;23.3926;518.8666;5.7588;654.4769;0.0;5.8108;487.4954;0.0261
237129;0.0;0.0;0.0;0.0;0.0;0.0;34.0;120.5688;2151.4023;14.9729;2564.6298;0.0;1.6602;146.9955;0.0264
243598;0.0;0.0;0.0;2.1266;0.0;0.0;52.0;307.4392;4004.3778;25.9147;6081.8124;0.0;1.2452;118.0115;0.0291
421604;0.0;0.0;0.0;0.0;0.0;0.0;0.0;82.7343;31561.8523;0.0;0.0;0.0;0.0;0.0;0.0
298202;0.0;0.0;0.0;0.0;0.0;0.0;13.0;47.8519;727.3946;0.5759;155.3471;0.0;0.4151;56.8945;0.043
280835;0.0;0.0;0.0;1.0633;0.0;0.0;6.0;1487.2534;587.8819;1.7276;332.2858;0.0;0.0;36.8223;0.0098
247363;0.0;0.0;0.0;0.0;0.0;0.0;91.0;959.3345;3377.1443;2.3035;332.5663;0.0;0.0;0.0;0.0
369593;0.0;0.0;0.0;0.0;0.0;0.0;9.0;97.4166;1500.1487;40.3117;983.6783;0.0;0.8301;127.5881;0.0447
254132;0.0;0.0;0.0;0.0;0.0;0.0;0.0;1116.607;104.7612;0.0;0.0;0.0;0.0;71.1635;0.0
226945;0.0;0.0;0.0;0.0;0.0;0.0;10.0;0.0;9983.6812;0.0;47.4719;0.0;0.0;0.0;0.0064
165662;0.0;0.0;0.0;0.0;0.0;0.0;24.0;1116.607;0.0;1.7276;300.0387;0.0;0.0;0.0;0.0
196111;0.0;0.0;0.0;0.0;0.0;0.0;41.0;0.0;9841.6419;0.0;112.959;0.0;0.0;0.5836;0.0101
87114;0.0;0.0;0.0;0.0;0.0;0.0;9.0;22.416;265.3419;1.1518;273.9606;0.0;0.4151;22.8128;0.0213
60019;0.0;0.0;0.0;0.0;0.0;0.0;7.0;1.8961;4098.0409;6.3347;1178.2828;0.0;1.6602;48.664;0.0119
233009;0.0;0.0;0.0;0.0;0.0;0.0;0.0;127.9847;4099.6955;1.1518;186.1922;0.0;0.4151;11.3363;0.0095
374501;0.0;0.0;0.0;0.0;0.0;0.0;21.0;76.7734;1299.3832;2.8794;135.7184;0.0;1.2452;166.2504;0.0356
31514;0.0;0.0;0.0;0.0;0.0;0.0;0.0;313.5301;11242.2484;1.7276;87.4879;0.0;0.8301;63.7662;0.0262
88650;0.0;0.0;0.0;0.0;0.0;0.0;13.0;59.0299;561.2285;3.4553;427.0644;0.0;1.2452;88.7668;0.0316
355836;0.0;0.0;0.0;0.0;0.0;0.0;7.0;761.5116;3686.6199;0.0;0.0;0.0;0.0;0.0;0.0102
262025;0.0;0.0;0.0;0.0;0.0;0.0;0.0;2467.4064;11209.7764;0.0;120.2694;0.0;0.0;40.5287;0.0039
325486;0.0;0.0;0.0;0.0;0.0;0.0;10.0;884.0572;973.8967;0.0;0.0;0.0;0.4151;23.3681;0.0406
332058;0.0;0.0;0.0;0.0;0.0;0.0;9.0;53.9668;770.4191;2.8794;740.8432;0.0;0.4151;63.6334;0.0484
11272;0.0;0.0;0.0;0.0;0.0;0.0;13.0;0.0;0.0;14.9729;226.2901;0.0;2.9054;144.968;0.0156
82842;0.0;0.0;0.0;0.0;0.0;0.0;19.0;93.1798;1055.2933;4.0312;646.345;0.0;0.4151;24.9228;0.0213
115824;0.0;0.0;0.0;2.1266;0.0;0.0;53.0;116.533;0.0;0.0;681.0698;0.0;1.6602;136.5885;0.0316
236553;0.0;0.0;0.0;0.0;0.0;0.0;18.0;131.9271;1385.7952;4.0312;1096.6835;0.0;0.8301;10.151;0.0048
360338;0.0;0.0;0.0;0.0;0.0;0.0;3.0;10.2465;161.9693;0.0;26.8757;0.0;0.4151;31.1506;0.023
36630;0.0;0.0;0.0;1.0633;0.0;0.0;68.0;0.0;0.0;0.0;72.6591;0.0;0.4151;33.0951;0.0322
301410;0.0;0.0;0.0;0.0;0.0;0.0;0.0;544.5338;32.7489;0.0;0.0;0.0;0.4151;23.3681;0.0406
361130;0.0;0.0;0.0;0.0;0.0;0.0;158.0;369.2795;0.0;0.0;0.0;0.0;0.0;8.9358;0.0
156291;0.0;0.0;0.0;1.0633;0.0;0.0;0.0;687.2717;3749.7388;0.0;42.7154;0.0;0.0;14.2659;0.0
202108;0.0;0.0;0.0;0.0;0.0;0.0;77.0;0.0;38.0263;0.0;0.0;0.0;0.4151;8.4332;0.0169
101083;0.0;0.0;0.0;0.0;0.0;0.0;55.0;88.6193;17.1762;0.5759;146.9348;0.0;1.6602;53.8753;0.0145
227850;0.0;0.0;0.0;0.0;0.0;0.0;0.0;0.0;447.2207;0.5759;0.0;0.0;1.6602;121.5574;0.0255
380924;0.0;0.0;0.0;0.0;0.0;0.0;10.0;186.2642;146.2559;1.1518;0.0;0.0;0.0;0.0;0.008
164997;0.0;0.0;0.0;0.0;0.0;0.0;12.0;0.0;233.6976;0.0;46.9342;0.0;0.0;54.2584;0.0
110927;0.0;0.0;0.0;0.0;0.0;0.0;57.0;0.0;25128.9557;6.3347;396.7801;0.0;0.8301;45.7771;0.0242
383470;0.0;0.0;0.0;0.0;0.0;0.0;0.0;226.0614;464.649;6.3347;17.1587;0.0;0.0;0.0;0.0
376786;0.0;0.0;0.0;0.0;0.0;0.0;6.0;0.0;1582.0355;0.0;49.7908;0.0;0.0;15.3814;0.004
200862;0.0;0.0;0.0;2.1266;0.0;0.0;22.0;227.5107;3734.7918;35.7046;1881.2707;0.0;3.3205;344.3749;0.0309
244745;0.0;0.0;0.0;0.0;0.0;0.0;18.0;104.0723;1196.973;0.0;0.0;0.0;2.0753;125.5597;0.0217
13285;0.0;0.0;0.0;0.0;0.0;0.0;40.0;359.9262;31505.8966;4.6071;745.0494;0.0;0.4151;31.4483;0.0322
209663;0.0;0.0;0.0;0.0;0.0;0.0;0.0;202.9705;20795.0535;21.3076;4562.551;0.0;1.2452;69.4099;0.0195
362637;0.0;0.0;0.0;0.0;0.0;0.0;0.0;0.0;19848.3292;0.0;214.0615;0.0;0.0;0.0;0.0
179385;0.0;0.0;0.0;0.0;0.0;0.0;46.0;362.7533;11058.735;4.0312;655.0377;0.0;0.8301;29.5646;0.0131
76880;0.0;0.0;0.0;0.0;0.0;0.0;194.0;1096.4344;0.0;0.0;0.0;0.0;0.0;4.1476;0.0049
348893;0.0;0.0;0.0;0.0;0.0;0.0;40.0;554.5853;0.0;0.5759;18.4544;0.0;0.0;21.6191;0.0045
111098;0.0;0.0;0.0;0.0;0.0;0.0;60.0;0.0;1665.895;1.1518;0.0;0.0;0.4151;28.3197;0.031
26264;0.0;0.0;0.0;0.0;0.0;0.0;0.0;0.0;696.2901;12.0935;0.0;0.0;0.0;0.0;0.0
377984;0.0;0.0;0.0;0.0;0.0;0.0;7.0;695.6089;146.2559;0.0;0.0;0.0;0.0;0.0;0.0
313855;0.0;0.0;0.0;0.0;0.0;0.0;144.0;42.4914;2777.3791;6.9106;24.3192;0.0;0.0;21.9839;0.0
216013;0.0;0.0;0.0;1.0633;0.0;0.0;60.0;0.0;0.0;0.0;0.0;0.0;0.0;7.6286;0.0
6359;0.0;0.0;0.0;0.0;0.0;0.0;16.0;77.3293;1775.0832;25.3388;2758.9539;0.0;4.5656;429.3639;0.0253
59002;0.0;0.0;0.0;0.0;0.0;0.0;13.0;40.8206;692.3217;27.6423;4390.3793;0.0;4.1506;365.216;0.0353
131532;0.0;0.0;0.0;0.0;0.0;0.0;6.0;0.0;10249.2345;2.3035;0.0;0.0;0.0;0.0;0.0033
133414;0.0;0.0;0.0;0.0;0.0;0.0;9.0;288.5661;4861.6719;0.5759;26.0043;0.0;0.0;29.1831;0.0225
406783;0.0;0.0;0.0;0.0;0.0;0.0;28.0;0.0;7031.5534;0.0;109.1105;0.0;0.0;25.0417;0.0153
403707;0.0;0.0;0.0;0.0;0.0;0.0;7.0;73.3479;1496.6777;8.6382;1397.5634;0.0;0.0;0.0;0.0082
407580;0.0;0.0;0.0;0.0;0.0;0.0;0.0;911.9565;1431.4641;0.0;0.0;0.0;0.0;0.0;0.0
263863;0.0;0.0;0.0;0.0;0.0;0.0;13.0;103.9221;1775.4776;59.8917;4150.6287;0.0;2.9054;251.0806;0.0296
248659;0.0;0.0;0.0;0.0;0.0;0.0;0.0;0.0;342.5006;0.0;8.8994;0.0;0.0;0.0;0.0
242001;0.0;0.0;0.0;0.0;0.0;0.0;7.0;83.2639;955.8808;5.1829;570.9147;0.0;0.8301;17.5204;0.0075
372051;0.0;0.0;0.0;0.0;0.0;0.0;13.0;118.5856;1734.015;16.7006;4286.908;0.0;0.8301;80.0605;0.0266
307695;0.0;0.0;0.0;0.0;0.0;0.0;31.0;266.9642;4313.8486;102.5069;1821.8237;0.0;1.6602;133.7873;0.0276
157976;0.0;0.0;0.0;1.0633;0.0;0.0;68.0;1632.0029;34.2553;1.7276;248.7237;0.0;0.8301;9.9662;0.005
36244;0.0;0.0;0.0;0.0;0.0;0.0;0.0;381.8994;7638.1019;0.5759;113.2856;0.0;1.2452;55.0372;0.0132
6644;0.0;0.0;0.0;0.0;0.0;0.0;74.0;4.3323;0.0;19.0041;2888.2229;0.0;2.0753;105.3862;0.0122
245037;0.0;0.0;0.0;0.0;0.0;0.0;10.0;81.1755;956.7485;5.7588;1008.6348;0.0;0.8301;17.5204;0.0075
229028;0.0;0.0;0.0;0.0;0.0;0.0;53.0;203.6524;3283.4992;24.187;3454.6511;0.0;3.3205;261.4912;0.0244
146065;0.0;0.0;0.0;0.0;0.0;0.0;69.0;403.2332;4876.3709;20.1558;2760.9168;0.0;2.9054;201.6912;0.0229
220745;0.0;0.0;0.0;0.0;0.0;0.0;32.0;137.8166;1597.4471;16.1247;2820.6441;0.0;1.2452;40.9005;0.0121
94294;0.0;0.0;0.0;0.0;0.0;0.0;22.0;298.1348;97.3513;0.0;131.7891;0.0;0.0;0.0;0.0
418854;0.0;0.0;0.0;0.0;0.0;0.0;66.0;0.0;7302.4154;0.0;0.0;0.0;0.0;16.7889;0.0057
98784;0.0;0.0;0.0;0.0;0.0;0.0;3.0;5.8143;59.7642;2.8794;587.7393;0.0;2.0753;53.8246;0.0104
256275;0.0;0.0;0.0;0.0;0.0;0.0;25.0;0.0;0.0;0.0;0.0;0.0;0.0;10.821;0.0
127519;0.0;0.0;0.0;0.0;0.0;0.0;18.0;27.9299;389.9664;1.1518;191.8004;0.0;4.1506;228.1174;0.0194
378861;0.0;0.0;0.0;1.0633;0.0;0.0;6.0;47.0556;856.9258;7.4865;255.7339;0.0;0.4151;2.3201;0.0012
190605;0.0;0.0;0.0;0.0;0.0;0.0;0.0;900.2659;5314.75;1.7276;0.0;0.0;0.0;0.0;0.0067
322792;0.0;0.0;0.0;0.0;0.0;0.0;50.0;506.2648;2485.5026;0.0;75.9377;0.0;0.0;0.0;0.0
193973;0.0;0.0;0.0;0.0;0.0;0.0;31.0;177.5554;2477.1552;4.0312;945.5425;0.0;1.2452;82.5857;0.0235
183497;0.0;0.0;0.0;0.0;0.0;0.0;0.0;0.0;638.6314;0.5759;107.9578;0.0;0.4151;8.2148;0.0074
418754;0.0;0.0;0.0;0.0;0.0;0.0;3.0;0.3005;4.7332;0.0;0.0;0.0;0.0;0.0;0.0
112200;0.0;0.0;0.0;1.0633;0.0;0.0;38.0;52.2089;878.446;6.9106;1334.1908;0.0;4.9807;336.2663;0.0221
194924;0.0;0.0;0.0;0.0;0.0;0.0;21.0;0.0;17334.2972;0.0;338.5609;0.0;0.0;0.0;0.0079
44856;0.0;0.0;0.0;0.0;0.0;0.0;15.0;7.2416;110.8983;2.3035;380.236;0.0;2.4904;95.9568;0.0131
15369;0.0;0.0;0.0;0.0;0.0;0.0;0.0;43.5837;1026.496;0.5759;90.0116;0.0;1.6602;56.3248;0.0138
63951;0.0;0.0;0.0;0.0;0.0;0.0;46.0;0.0;7280.0446;0.0;155.2334;0.0;0.4151;30.3042;0.033
404211;0.0;0.0;0.0;0.0;0.0;0.0;25.0;101.5574;1682.9049;0.0;84.4973;0.0;0.0;22.9986;0.0118
216437;0.0;0.0;0.0;0.0;0.0;0.0;12.0;44.2311;672.3793;2.8794;564.4653;0.0;1.2452;30.9373;0.0086
350119;0.0;0.0;0.0;0.0;0.0;0.0;3.0;11.3432;212.3461;1.1518;252.369;0.0;1.2452;45.9025;0.0105
35702;0.0;0.0;0.0;0.0;0.0;0.0;22.0;318.5792;12293.7753;1.7276;87.7683;0.0;2.9054;144.8582;0.0156
164517;0.0;0.0;0.0;0.0;0.0;0.0;37.0;436.0709;113.8204;1.1518;185.6314;0.0;0.0;7.366;0.0
377950;0.0;0.0;0.0;0.0;0.0;0.0;9.0;148.2884;2083.1341;24.187;875.44;0.0;0.4151;20.7199;0.0149
7101;0.0;0.0;0.0;1.0633;0.0;0.0;214.0;1543.8558;7280.0446;0.0;0.0;0.0;1.2452;70.5144;0.0205
35669;0.0;0.0;0.0;0.0;0.0;0.0;38.0;732.0116;5096.8456;0.0;643.1027;0.0;0.8301;36.6419;0.0154
222650;0.0;0.0;0.0;0.0;0.0;0.0;7.0;44.8771;578.2837;0.0;0.0;0.0;0.4151;15.1197;0.0136
199987;0.0;0.0;0.0;0.0;0.0;0.0;6.0;20.8235;234.7656;2.8794;607.0876;0.0;0.8301;32.9421;0.0154
285556;0.0;0.0;0.0;0.0;0.0;0.0;37.0;14.2498;7643.9916;1.7276;269.7544;0.0;0.0;22.3895;0.0059
39369;0.0;0.0;0.0;0.0;0.0;0.0;50.0;1066.157;447.2207;3.4553;515.674;0.0;1.2452;67.5271;0.0182
38599;0.0;0.0;0.0;0.0;0.0;0.0;106.0;0.0;1682.9049;5.7588;894.7883;0.0;0.4151;32.2867;0.031
315139;0.0;0.0;0.0;0.0;0.0;0.0;12.0;710.9742;3551.2307;0.0;0.0;0.0;0.0;40.5368;0.0
361131;0.0;0.0;0.0;0.0;0.0;0.0;12.0;6.6106;138.3823;0.0;736.1029;0.0;0.8301;90.6658;0.0265
254332;0.0;0.0;0.0;0.0;0.0;0.0;47.0;113.914;0.0;6.9106;201.8952;0.0;1.2452;161.3234;0.0393
389680;0.0;0.0;0.0;0.0;0.0;0.0;69.0;239.1532;0.0;2.3035;151.4214;0.0;0.0;0.0;0.0
366988;0.0;0.0;0.0;0.0;0.0;0.0;0.0;9.3503;1930.9145;0.0;561.02;0.0;0.0;35.6188;0.0121
322882;0.0;0.0;0.0;0.0;0.0;0.0;27.0;158.0691;1804.8391;3.4553;234.1423;0.0;1.2452;79.4656;0.0209
396019;0.0;0.0;0.0;0.0;0.0;0.0;0.0;336.2024;2235.0296;0.0;0.0;0.0;0.0;0.0;0.0
360467;0.0;0.0;0.0;0.0;0.0;0.0;25.0;0.0;14456.1779;0.0;0.0;0.0;0.0;0.0;0.0055
99406;0.0;0.0;0.0;1.0633;0.0;0.0;37.0;161.3594;3230.3456;25.9147;3799.8358;0.0;4.1506;222.4838;0.0186
230543;0.0;0.0;0.0;0.0;0.0;0.0;53.0;307.5444;4128.2765;9.79;1494.0245;0.0;2.9054;250.7407;0.0264
202502;0.0;0.0;0.0;0.0;0.0;0.0;10.0;39.0327;522.5585;1.7276;446.6931;0.0;1.2452;44.0915;0.0142
304619;0.0;0.0;0.0;0.0;0.0;0.0;0.0;177.163;12763.2586;13.8212;292.4676;0.0;0.0;0.0;0.0
219006;0.0;0.0;0.0;0.0;0.0;0.0;0.0;10.7465;0.0;0.0;79.4547;0.0;0.0;0.0;0.0082
276766;0.0;0.0;0.0;0.0;0.0;0.0;35.0;68.5702;1669.1231;6.9106;1311.758;0.0;1.6602;256.0384;0.0485
203360;0.0;0.0;0.0;0.0;0.0;0.0;0.0;9.5397;2245.3006;0.0;0.0;0.0;0.0;0.0;0.0
277648;0.0;0.0;0.0;0.0;0.0;0.0;9.0;5.5589;64.8287;0.5759;154.5059;0.0;0.4151;33.487;0.0294
409390;0.0;0.0;0.0;0.0;0.0;0.0;6.0;15.3998;228.8018;0.5759;91.1332;0.0;0.0;55.4304;0.0086
185453;0.0;0.0;0.0;0.0;0.0;0.0;9.0;58.474;622.0341;0.5759;121.4175;0.0;1.6602;40.9059;0.0091
19929;0.0;0.0;0.0;0.0;0.0;0.0;21.0;0.0;406.7006;0.5759;1.6825;0.0;4.1506;151.5255;0.0141
76390;0.0;0.0;0.0;0.0;0.0;0.0;7.0;93.6755;2960.7118;4.6071;1018.7295;0.0;0.4151;0.0;0.0
159284;0.0;0.0;0.0;0.0;0.0;0.0;52.0;49.0764;0.0;1.1518;0.0;0.0;0.4151;82.0391;0.074
155744;0.0;0.0;0.0;0.0;0.0;0.0;7.0;0.0;95.1525;0.5759;84.9642;0.0;1.2452;63.0063;0.0238
284712;0.0;0.0;0.0;0.0;0.0;0.0;41.0;7.2489;33611.7444;0.0;217.9036;0.0;0.0;0.0;0.0
242149;0.0;0.0;0.0;0.0;0.0;0.0;41.0;0.0;21357.7022;1.1518;289.9439;0.0;0.0;4.7074;0.0113
75982;0.0;0.0;0.0;1.0633;1.1176;143.4501;34.0;51.5602;10623.107;1.7276;1310.2706;0.0;3.7355;283.3167;0.0231
330466;0.0;0.0;0.0;0.0;0.0;0.0;18.0;0.0;5637.1287;0.0;0.0;0.0;0.0;0.0;0.005
383469;0.0;0.0;0.0;0.0;0.0;0.0;6.0;111.4341;2047.9508;1.7276;14.8617;0.0;0.0;0.0;0.005
279342;0.0;0.0;0.0;0.0;0.0;0.0;32.0;0.0;0.0;2.3035;255.6436;0.0;0.4151;33.5265;0.0294
348784;0.0;0.0;0.0;0.0;0.0;0.0;12.0;56.0401;828.7792;0.0;692.7232;0.0;0.8301;128.8601;0.0456
251810;0.0;0.0;0.0;0.0;0.0;0.0;106.0;1440.1316;0.0;0.0;0.0;0.0;0.0;0.0;0.0
354359;0.0;0.0;0.0;1.0633;0.0;0.0;7.0;9.8408;148.0853;0.5759;145.5328;0.0;0.0;0.0;0.008
31675;0.0;0.0;0.0;0.0;0.0;0.0;18.0;495.5026;342.5006;0.0;10.2949;0.0;3.3205;181.6665;0.0191
311071;0.0;0.0;0.0;0.0;0.0;0.0;7.0;476.8059;0.0;0.5759;8.9731;0.0;0.4151;92.6116;0.0776
419507;0.0;0.0;0.0;0.0;0.0;0.0;25.0;165.1521;8014.4558;0.0;0.0;0.0;0.0;18.036;0.0
383517;0.0;0.0;0.0;0.0;0.0;0.0;10.0;46.3044;889.7267;6.9106;52.1563;0.0;0.4151;21.1032;0.0144
168743;0.0;0.0;0.0;0.0;0.0;0.0;38.0;299.9663;6710.1953;0.0;0.0;0.0;0.0;25.0834;0.0
416453;0.0;0.0;0.0;0.0;0.0;0.0;12.0;591.6517;0.0;0.0;0.0;0.0;0.0;7.1873;0.0062
169062;0.0;0.0;0.0;0.0;0.0;0.0;0.0;0.0;582.7351;2.3035;419.4934;0.0;0.4151;8.5998;0.0078
26196;0.0;0.0;0.0;0.0;0.0;0.0;3.0;1130.848;10164.2211;0.0;151.3258;0.0;1.2452;130.0998;0.0356
177673;0.0;0.0;0.0;0.0;0.0;0.0;108.0;39.8061;0.0;2.8794;130.5315;0.0;0.4151;7.6906;0.0179
366656;0.0;0.0;0.0;0.0;0.0;0.0;6.0;3.4255;65.2705;0.0;0.0;0.0;0.4151;23.0821;0.0116
35696;0.0;0.0;0.0;1.0633;0.0;0.0;28.0;123.9793;2273.108;9.79;2270.1993;0.0;4.5656;297.1479;0.0199
277662;0.0;0.0;0.0;0.0;0.0;0.0;18.0;44.6518;493.2917;1.1518;224.0476;0.0;1.2452;132.0266;0.0355
103571;0.0;0.0;0.0;1.0633;0.0;0.0;35.0;622.7221;638.6314;0.0;0.0;0.0;0.4151;18.1295;0.0251
216385;0.0;0.0;0.0;0.0;0.0;0.0;16.0;57.0317;925.6358;0.0;0.0;0.0;1.6602;127.3787;0.0256
362729;0.0;0.0;0.0;0.0;0.0;0.0;0.0;88.9431;0.0;0.0;17.1943;0.0;0.0;5.4029;0.0071
337874;0.0;0.0;0.0;0.0;0.0;0.0;0.0;398.9313;139.8022;0.0;0.0;0.0;0.0;0.0;0.0
264686;0.0;0.0;0.0;0.0;0.0;0.0;3.0;17.4731;221.3707;2.3035;194.3241;0.0;0.0;0.0;0.0067
245936;0.0;0.0;0.0;0.0;0.0;0.0;12.0;9.5103;108.2162;0.5759;151.4214;0.0;0.4151;48.087;0.0471
269870;0.0;0.0;0.0;0.0;0.0;0.0;28.0;73.8888;907.1291;2.3035;268.6328;0.0;1.2452;199.282;0.0514
226891;0.0;0.0;0.0;0.0;0.0;0.0;62.0;477.8281;6139.8292;49.5258;6918.8362;0.0;2.9054;236.1505;0.0261
45556;0.0;0.0;0.0;0.0;0.0;0.0;0.0;226.4918;583.7114;4.0312;120.5051;0.0;0.0;0.0;0.0
192226;0.0;0.0;0.0;0.0;0.0;0.0;44.0;795.5984;3030.5643;0.0;317.4144;0.0;0.0;22.9986;0.0035
388289;0.0;0.0;0.0;0.0;0.0;0.0;35.0;98.5663;2017.8853;0.0;110.1077;0.0;0.0;39.6698;0.0
120319;0.0;0.0;0.0;0.0;0.0;0.0;68.0;229.2812;0.0;0.0;0.0;0.0;0.0;32.4142;0.0
113413;0.0;0.0;0.0;0.0;0.0;0.0;84.0;0.0;6.7165;2.8794;55.8623;0.0;0.0;16.8929;0.0
112129;0.0;0.0;0.0;0.0;0.0;0.0;43.0;86.3739;881.5226;4.0312;1062.7539;0.0;3.3205;158.6958;0.0208
23024;0.0;0.0;0.0;0.0;0.0;0.0;0.0;832.7754;16522.593;6.3347;22.3759;0.0;0.4151;26.7708;0.031
282766;0.0;0.0;0.0;0.0;0.0;0.0;0.0;800.3693;35073.8983;0.0;24.0528;0.0;0.0;65.9416;0.0
261950;0.0;0.0;0.0;0.0;0.0;0.0;27.0;0.0;22.162;0.0;344.3146;0.0;0.0;16.8762;0.0102
31466;0.0;0.0;0.0;0.0;0.0;0.0;7.0;40.4907;113.8204;33.977;1915.4807;0.0;0.4151;41.2397;0.031
88967;0.0;0.0;0.0;0.0;0.0;0.0;0.0;2.9286;4099.6955;8.6382;860.5595;0.0;0.0;0.0;0.0
407784;0.0;0.0;0.0;0.0;0.0;0.0;46.0;884.8902;9213.3815;12.6694;0.0;0.0;0.0;0.3448;0.0
291428;0.0;0.0;0.0;0.0;0.0;0.0;6.0;97.8824;1220.4338;10.3659;2430.033;0.0;0.0;80.4522;0.0034
317762;0.0;0.0;0.0;0.0;0.0;0.0;88.0;149.3824;0.0;0.0;0.0;0.0;0.0;17.0414;0.0
179446;0.0;0.0;0.0;1.0633;0.0;0.0;87.0;554.5853;715.6957;17.2764;2198.6948;0.0;2.0753;76.817;0.0143
401766;0.0;0.0;0.0;0.0;0.0;0.0;57.0;1349.8285;0.0;3.4553;527.0145;0.0;0.0;0.0;0.0103
412438;0.0;0.0;0.0;0.0;0.0;0.0;12.0;1.8265;2134.9859;0.0;0.0;0.0;0.0;0.0;0.0031
298070;0.0;0.0;0.0;0.0;0.0;0.0;12.0;15.4298;129.689;0.0;0.0;0.0;0.4151;41.7392;0.0345
190571;0.0;0.0;0.0;1.0633;0.0;0.0;19.0;183.4599;3810.3806;36.8564;559.6983;0.0;3.7355;367.4551;0.0328
7429;0.0;0.0;0.0;0.0;0.0;0.0;66.0;98.866;70482.9881;0.0;28.3972;0.0;0.4151;36.233;0.0349
20098;0.0;0.0;0.0;0.0;0.0;0.0;21.0;0.0;30.4311;0.5759;112.164;0.0;4.5656;226.5935;0.0212
210205;0.0;0.0;0.0;0.0;0.0;0.0;31.0;169.7617;7309.6233;0.0;449.6243;0.0;0.0;0.0;0.0
339128;0.0;0.0;0.0;0.0;0.0;0.0;46.0;37.7132;0.0;0.0;0.0;0.0;0.0;0.0;0.0
303110;0.0;0.0;0.0;1.0633;0.0;0.0;7.0;8.4736;115.9628;2.3035;360.8877;0.0;0.8301;43.2256;0.0169
146556;0.0;0.0;0.0;0.0;0.0;0.0;0.0;375.8151;0.0;4.6071;575.9621;0.0;1.2452;107.6618;0.0301
124757;0.0;0.0;0.0;0.0;0.0;0.0;49.0;1.2505;0.0;13.8212;2142.0519;0.0;2.4904;67.7701;0.0117
315592;0.0;0.0;0.0;0.0;0.0;0.0;0.0;240.6168;7032.92;4.0312;159.5872;0.0;0.8301;29.3564;0.0119
184658;0.0;0.0;0.0;0.0;0.0;0.0;6.0;564.6812;648.6256;0.5759;0.2804;0.0;0.0;51.1438;0.0
313626;0.0;0.0;0.0;1.0633;0.0;0.0;21.0;77.2241;1176.9201;1.7276;339.5765;0.0;0.4151;77.07;0.0484
287424;0.0;0.0;0.0;0.0;0.0;0.0;50.0;370.5407;6539.2146;23.0353;5358.3546;0.0;0.8301;93.7413;0.034
53989;0.0;0.0;0.0;0.0;0.0;0.0;34.0;176.2033;2228.7739;36.8564;6396.9932;0.0;6.2259;499.1282;0.0243
304967;0.0;0.0;0.0;0.0;0.0;0.0;178.0;1321.7464;35603.6256;0.0;0.0;0.0;0.0;0.0;0.0068
264201;0.0;0.0;0.0;0.0;0.0;0.0;0.0;47.8564;18.9707;0.0;8.9096;0.0;0.0;0.0;0.0
260646;0.0;0.0;0.0;0.0;0.0;0.0;21.0;114.3188;1295.4073;5.1829;330.323;0.0;0.8301;97.1768;0.049
105127;0.0;0.0;110191.6435;0.0;0.0;0.0;0.0;114.1129;2547.5256;8.6382;1150.8026;0.0;2.9054;162.5886;0.0207
369677;0.0;0.0;0.0;0.0;0.0;0.0;171.0;220.7408;25097.4203;31.6735;0.0;0.0;0.0;67.9593;0.0
145233;0.0;0.0;0.0;0.0;0.0;0.0;0.0;285.1128;2355.4856;0.0;0.0;0.0;0.8301;27.7861;0.0132
315074;0.0;0.0;0.0;0.0;0.0;0.0;3.0;11.839;222.2542;2.3035;155.6275;0.0;0.0;11.4614;0.0
70398;0.0;0.0;0.0;0.0;0.0;0.0;18.0;195.7199;530.2375;0.0;0.0;0.0;0.4151;38.9113;0.033
177607;0.0;0.0;0.0;0.0;0.0;0.0;150.0;120.9292;1307.5107;0.5759;1.9629;0.0;0.4151;6.7556;0.0066
230462;0.0;0.0;0.0;0.0;0.0;0.0;0.0;3.4376;6678.3692;0.0;0.0;0.0;0.0;25.3067;0.0156
363755;0.0;0.0;0.0;0.0;0.0;0.0;21.0;1222.9646;6973.1747;0.0;26.1526;0.0;0.0;11.809;0.0
257106;0.0;0.0;0.0;0.0;0.0;0.0;0.0;1892.2778;2266.1836;0.0;562.5358;0.0;0.0;17.4438;0.0
14253;0.0;0.0;0.0;0.0;0.0;0.0;6.0;67.2977;12034.619;1.7276;0.0;0.0;0.4151;30.7888;0.031
22353;0.0;0.0;0.0;0.0;0.0;0.0;13.0;0.0;625.2979;11.5176;584.094;0.0;2.9054;134.5187;0.0191
117020;0.0;0.0;0.0;0.0;0.0;0.0;105.0;0.0;213.8223;0.0;6.3779;0.0;4.5656;216.0955;0.0163
184021;0.0;0.0;0.0;0.0;0.0;0.0;99.0;0.0;21592.8525;0.0;169.9312;0.0;0.4151;7.4812;0.0
12057;0.0;0.0;0.0;0.0;0.0;0.0;7.0;377.25;0.0;0.0;0.0;0.0;0.8301;34.6804;0.0154
359655;0.0;0.0;0.0;0.0;0.0;0.0;3.0;1.3522;26.774;5.7588;708.1367;0.0;0.0;25.4242;0.0099
258675;0.0;0.0;0.0;1.0633;0.0;0.0;15.0;141.4073;3641.2642;40.3117;1246.9832;0.0;3.3205;437.5607;0.0394
26877;0.0;0.0;0.0;0.0;0.0;0.0;29.0;884.8902;14.7889;0.0;58.0162;0.0;1.2452;51.5548;0.0212
47895;0.0;0.0;0.0;0.0;0.0;0.0;35.0;186.645;2851.3602;46.6464;8502.031;0.0;3.3205;197.1629;0.0191
343701;0.0;0.0;0.0;1.0633;0.0;0.0;0.0;0.0;11.1522;1.1518;0.0;0.0;0.0;0.0;0.018
147159;0.0;0.0;0.0;0.0;0.0;0.0;7.0;610.3869;0.0;1.1518;23.5544;0.0;0.4151;1.5756;0.0055
98775;0.0;0.0;0.0;0.0;0.0;0.0;6.0;21.755;371.9646;9.2141;1413.5468;0.0;2.9054;128.0473;0.0168
266995;0.0;0.0;0.0;1.0633;0.0;0.0;6.0;31.8963;280.2829;14.397;631.7637;0.0;2.0753;278.9681;0.0387
123857;0.0;0.0;0.0;0.0;0.0;0.0;9.0;697.2329;0.0;0.0;0.0;0.0;0.8301;15.1745;0.0076
389018;0.0;0.0;0.0;0.0;0.0;0.0;100.0;354.0993;109.2018;4.6071;104.0708;0.0;0.0;0.0;0.0
262684;0.0;0.0;0.0;0.0;0.0;0.0;53.0;21.7543;13922.3161;14.397;0.0;0.0;0.4151;1.9613;0.0
232377;0.0;0.0;0.0;0.0;0.0;0.0;18.0;88.8228;902.5063;3.4553;825.2466;0.0;2.0753;105.8334;0.0212
45296;0.0;0.0;0.0;0.0;0.0;0.0;0.0;0.0;3926.2217;0.0;0.0;0.0;0.0;7.7365;0.0069
107516;0.0;0.0;0.0;0.0;0.0;0.0;21.0;302.9822;18987.4129;0.0;17.1587;0.0;0.0;0.0;0.006
292871;0.0;0.0;0.0;0.0;0.0;0.0;99.0;183.6753;0.0;0.0;212.222;0.0;0.0;0.0;0.0
282972;0.0;0.0;0.0;0.0;0.0;0.0;9.0;60.7727;773.9059;7.4865;1767.7046;0.0;0.4151;47.2098;0.0345
230262;0.0;0.0;0.0;0.0;0.0;0.0;3.0;0.03;0.2209;0.0;0.0;0.0;1.2452;16.2165;0.0129
241336;0.0;0.0;0.0;0.0;0.0;0.0;18.0;0.0;0.0;0.0;0.0;0.0;0.4151;10.1714;0.0196
180340;0.0;0.0;0.0;0.0;0.0;0.0;13.0;76.6532;978.4738;8.0623;1762.9376;0.0;0.4151;15.1777;0.0153
137453;0.0;0.0;0.0;0.0;0.0;0.0;22.0;0.0;32.9661;29.37;120.2694;0.0;0.0;0.0;0.0043
370883;0.0;0.0;0.0;1.0633;0.0;0.0;7.0;19.7568;369.9451;4.6071;898.4336;0.0;0.8301;73.3948;0.0261
28974;0.0;0.0;0.0;0.0;0.0;0.0;9.0;336.9133;7420.1537;3.4553;448.656;0.0;0.0;0.0;0.0086
346223;0.0;0.0;0.0;0.0;0.0;0.0;71.0;93.6401;13669.8486;0.0;0.0;0.0;0.0;0.0;0.0062
143097;0.0;0.0;0.0;0.0;0.0;0.0;34.0;91.1065;1695.4238;6.3347;1511.6903;0.0;2.9054;187.668;0.0187
262502;0.0;0.0;0.0;0.0;0.0;0.0;37.0;0.0;2568.8445;2.8794;44.1724;0.0;0.0;2.057;0.0
344994;0.0;0.0;0.0;0.0;0.0;0.0;6.0;21.154;444.1455;6.3347;881.8894;0.0;1.2452;190.6425;0.0516
358212;0.0;0.0;0.0;0.0;0.0;0.0;29.0;94.1564;1335.7655;6.9106;1808.9249;0.0;1.2452;217.6582;0.05
54084;0.0;0.0;0.0;1.0633;0.0;0.0;60.0;424.2971;6274.5512;57.5881;12971.4859;0.0;4.9807;326.7724;0.0216
97242;0.0;0.0;0.0;0.0;0.0;0.0;34.0;0.0;29540.3759;0.0;0.0;0.0;2.0753;107.5942;0.0203
51695;0.0;0.0;0.0;0.0;0.0;0.0;7.0;0.0;8025.7434;0.0;0.0;0.0;0.0;1.9363;0.0047
2631;0.0;0.0;0.0;0.0;0.0;0.0;31.0;361.391;6883.6637;69.1058;3270.1414;0.0;4.1506;301.5703;0.0172
262241;0.0;0.0;0.0;0.0;0.0;0.0;46.0;130.9205;2292.0723;6.3347;427.9057;0.0;2.0753;217.633;0.0298
386804;0.0;0.0;0.0;0.0;0.0;0.0;0.0;0.0;31459.618;0.0;350.0962;0.0;0.0;70.1041;0.0
235151;0.0;0.0;0.0;0.0;0.0;0.0;13.0;5.4838;73.1118;0.0;0.0;0.0;0.8301;56.9144;0.0197
317779;0.0;0.0;0.0;3.1899;0.0;0.0;9.0;34.856;468.9473;1.7276;393.976;0.0;1.2452;67.5613;0.0
293611;0.0;0.0;0.0;0.0;0.0;0.0;44.0;177.4052;3663.2262;6.3347;1281.1933;0.0;0.8301;117.5;0.034
153116;0.0;0.0;0.0;0.0;0.0;0.0;0.0;625.2904;3675.6146;1.1518;207.7838;0.0;1.2452;31.4729;0.0101
365194;0.0;0.0;0.0;0.0;0.0;0.0;13.0;30.0032;649.2025;0.5759;114.9681;0.0;0.4151;24.9033;0.0145
299726;0.0;0.0;0.0;0.0;0.0;0.0;7.0;0.0;2775.1378;0.0;163.5823;0.0;0.4151;63.3473;0.0484
174178;0.0;0.0;0.0;0.0;0.0;0.0;3.0;8.4135;89.2046;1.1518;176.6583;0.0;0.8301;30.1175;0.0135
299818;0.0;0.0;0.0;0.0;0.0;0.0;0.0;0.0;11209.7764;0.0;362.7321;0.0;0.0;0.0;0.0039
96700;0.0;0.0;0.0;1.0633;0.0;0.0;29.0;0.0;2611.7927;5.1829;1035.2737;0.0;1.6602;89.9924;0.022
243930;0.0;0.0;0.0;1.0633;0.0;0.0;37.0;186.4047;2844.576;31.6735;4593.9569;0.0;2.9054;267.4523;0.0264
61073;0.0;0.0;0.0;0.0;0.0;0.0;44.0;0.0;0.0;14.9729;293.5509;0.0;0.0;25.7013;0.008
70074;0.0;0.0;0.0;0.0;0.0;0.0;25.0;217.5293;1634.7381;16.7006;4441.1335;0.0;0.4151;51.7518;0.031
198444;0.0;0.0;0.0;0.0;0.0;0.0;15.0;136.84;2282.2115;12.0935;939.3735;0.0;4.1506;278.5073;0.0234
43428;0.0;0.0;0.0;0.0;0.0;0.0;12.0;0.0;75.2433;2.3035;0.0;0.0;0.0;0.0;0.0
89323;0.0;0.0;0.0;0.0;0.0;0.0;281.0;1121.7526;0.0;1.1518;0.0;0.0;0.4151;32.6879;0.0252
152767;0.0;0.0;0.0;0.0;0.0;0.0;0.0;51.6012;1864.5903;0.0;0.0;0.0;0.0;9.4975;0.0
102484;0.0;0.0;0.0;0.0;0.0;0.0;53.0;98.7516;5529.6942;1.1518;0.0;0.0;0.0;24.259;0.0106
289209;0.0;0.0;0.0;0.0;0.0;0.0;149.0;27.6216;2145.8941;0.5759;96.1806;0.0;0.4151;40.2491;0.0294
127131;0.0;0.0;0.0;0.0;0.0;0.0;50.0;51.5602;0.0;0.0;382.8594;0.0;0.0;50.0258;0.0
328041;0.0;0.0;0.0;0.0;0.0;0.0;12.0;1.6226;20.9206;1.1518;209.4663;0.0;0.8301;79.1133;0.0316
161745;0.0;0.0;0.0;0.0;0.0;0.0;38.0;57.8289;0.0;0.0;10.3431;0.0;1.2452;92.2541;0.0272
261497;0.0;0.0;0.0;0.0;0.0;0.0;3.0;14.2429;192.6561;1.7276;418.0913;0.0;0.4151;4.8994;0.005
28273;0.0;0.0;0.0;1.0633;1.1176;50.8288;0.0;656.4989;0.0;2.3035;0.0;0.0;2.4904;172.3394;0.0182
20153;0.0;0.0;0.0;0.0;0.0;0.0;7.0;2321.2583;104.7612;0.0;20.093;0.0;2.0753;68.5435;0.0157
168524;0.0;0.0;0.0;0.0;0.0;0.0;44.0;210.5935;3473.552;21.3076;4765.8483;0.0;2.0753;278.4072;0.0563
363095;0.0;0.0;0.0;0.0;0.0;0.0;65.0;364.7382;1496.8219;0.5759;242.087;0.0;0.0;0.0;0.0073
416054;0.0;0.0;0.0;0.0;0.0;0.0;4.0;25.496;490.1362;0.5759;168.246;0.0;0.8301;25.7717;0.0082
197869;0.0;0.0;0.0;0.0;0.0;0.0;206.0;0.0;4116.1144;69.6816;7246.0747;0.0;2.0753;223.3545;0.0337
367450;0.0;0.0;0.0;2.1266;0.0;0.0;7.0;100.7247;4998.9708;0.0;25.3813;0.0;0.0;0.0;0.0
8220;0.0;0.0;0.0;0.0;0.0;0.0;100.0;0.0;3463.0623;8.0623;190.2042;0.0;0.8301;49.7752;0.0223
42274;0.0;0.0;0.0;0.0;0.0;0.0;0.0;0.0;0.0;0.0;0.0;0.0;0.4151;24.3169;0.0
380626;0.0;0.0;0.0;0.0;0.0;0.0;4.0;15.6702;221.5915;1.1518;181.9861;0.0;0.0;0.0;0.0067
278253;0.0;0.0;0.0;0.0;0.0;0.0;13.0;45.7786;579.3092;5.7588;922.2685;0.0;0.4151;43.2278;0.0345
370053;0.0;0.0;0.0;1.0633;0.0;0.0;9.0;195.2899;11509.1453;0.0;222.4538;0.0;0.0;74.6324;0.0
108204;0.0;0.0;0.0;0.0;0.0;0.0;16.0;0.0;0.0;1.1518;217.1634;0.0;0.0;0.0;0.0145
394492;0.0;0.0;0.0;0.0;0.0;0.0;29.0;58.2054;5529.6942;0.5759;148.0565;0.0;0.0;19.8322;0.0
398361;0.0;0.0;0.0;0.0;0.0;0.0;0.0;643.3514;784.2979;0.0;315.1335;0.0;0.0;0.0;0.0083
162500;0.0;0.0;0.0;0.0;0.0;0.0;0.0;0.0;0.0;0.0;0.0;0.0;0.0;0.0;0.0
83062;0.0;0.0;0.0;0.0;0.0;0.0;15.0;45.2527;409.8142;0.5759;152.2626;0.0;0.4151;22.8128;0.0213
12929;0.0;0.0;0.0;0.0;0.0;0.0;0.0;217.9612;13.1257;6.9106;0.0;0.0;0.0;0.0;0.0107
338336;0.0;0.0;0.0;0.0;0.0;0.0;3.0;11.0127;145.7818;3.4553;27.7046;0.0;0.8301;82.8022;0.0321
199593;0.0;0.0;0.0;0.0;0.0;0.0;21.0;95.6438;977.6218;3.4553;272.8389;0.0;2.0753;90.4375;0.0191
128738;0.0;0.0;0.0;0.0;0.0;0.0;31.0;304.6653;1561.9787;1.1518;330.323;0.0;0.8301;21.3528;0.0127
341462;0.0;0.0;0.0;0.0;0.0;0.0;9.0;26.4125;451.1191;9.79;420.0542;0.0;0.8301;97.8695;0.0312
416934;0.0;0.0;0.0;0.0;0.0;0.0;21.0;0.0;1478.7511;0.0;0.0;0.0;0.0;13.7727;0.0
94130;0.0;0.0;0.0;1.0633;0.0;0.0;19.0;74.1141;1524.0513;19.0041;4567.318;0.0;4.1506;377.0986;0.0253
122197;0.0;0.0;0.0;0.0;0.0;0.0;93.0;332.5296;6275.7503;21.8835;5493.7926;0.0;3.3205;198.6936;0.0182
169741;0.0;0.0;0.0;1.0633;0.0;0.0;7.0;1823.8475;76.7694;2.3035;1338.4381;0.0;0.4151;0.0;0.0072
106114;0.0;0.0;0.0;0.0;0.0;0.0;169.0;2321.2583;0.0;0.0;0.0911;0.0;2.4904;55.1851;0.0097
5741;0.0;0.0;0.0;1.0633;0.0;0.0;6.0;33.2373;383.6659;1.1518;201.6148;0.0;0.4151;36.6575;0.031
211637;0.0;0.0;0.0;0.0;0.0;0.0;6.0;13.3414;144.8668;0.0;130.4114;0.0;0.4151;20.2945;0.0185
123800;0.0;0.0;0.0;0.0;0.0;0.0;3.0;8.6389;133.444;5.7588;1184.7322;0.0;4.5656;351.3777;0.0238
235750;0.0;0.0;0.0;0.0;0.0;0.0;9.0;0.0;8893.7816;0.0;0.0;0.0;0.0;0.0;0.0
217230;0.0;0.0;0.0;0.0;0.0;0.0;27.0;214.8844;0.0;0.0;0.0;0.0;0.0;0.0;0.0
338583;0.0;0.0;0.0;0.0;0.0;0.0;24.0;158.4584;15102.8656;0.0;21.8161;0.0;0.4151;80.7642;0.0602
87093;0.0;0.0;0.0;0.0;0.0;0.0;72.0;374.7925;7190.9415;37.4323;6188.6486;0.0;3.3205;197.31;0.0198
310816;0.0;0.0;0.0;0.0;0.0;0.0;9.0;440.1968;13524.7956;4.6071;0.0;0.0;1.2452;236.2074;0.0601
419913;0.0;0.0;0.0;0.0;0.0;0.0;13.0;866.1963;0.0;0.0;22.3759;0.0;0.0;18.8166;0.0
359707;0.0;0.0;0.0;0.0;0.0;0.0;21.0;41.662;735.9774;5.7588;1151.9243;0.0;0.8301;124.0667;0.0387
200073;0.0;0.0;0.0;0.0;0.0;0.0;96.0;0.0;0.0;0.0;0.0;0.0;0.0;0.0;0.0
186456;0.0;0.0;0.0;0.0;0.0;0.0;6.0;12.0494;19.1694;2.8794;438.5612;0.0;1.2452;39.0128;0.0122
259669;0.0;0.0;0.0;0.0;0.0;0.0;25.0;745.7682;27.1374;1.7276;74.0691;0.0;0.0;0.0;0.0055
181283;0.0;0.0;0.0;1.0633;0.0;0.0;34.0;117.9696;2025.9889;13.8212;2822.8874;0.0;1.2452;57.4085;0.0146
136540;0.0;0.0;0.0;0.0;0.0;0.0;22.0;62.9061;758.9333;2.8794;570.6343;0.0;2.0753;62.747;0.0111
239294;0.0;0.0;0.0;0.0;0.0;0.0;47.0;375.9686;0.0;0.0;24.7584;0.0;0.4151;13.4039;0.0091
263652;0.0;0.0;0.0;0.0;0.0;0.0;0.0;504.4039;0.0;0.0;27.301;0.0;0.0;29.3252;0.0
334656;0.0;0.0;0.0;0.0;0.0;0.0;0.0;0.0;19861.8063;0.0;27.9434;0.0;0.0;0.0;0.0
217113;0.0;0.0;0.0;0.0;0.0;0.0;3.0;0.9014;9.7977;1.1518;234.1423;0.0;0.4151;11.7853;0.0099
198003;0.0;0.0;0.0;1.0633;0.0;0.0;7.0;0.0;1847.5971;24.187;4726.8713;0.0;1.2452;129.3773;0.0195
271215;0.0;0.0;0.0;0.0;0.0;0.0;13.0;0.0;1682.9049;0.5759;1.1216;0.0;0.0;0.0;0.0195
268735;0.0;0.0;0.0;1.0633;0.0;0.0;3.0;5.604;83.2092;0.5759;62.8118;0.0;0.8301;92.0664;0.0389
279940;0.0;0.0;0.0;0.0;0.0;0.0;43.0;165.6263;2392.037;15.5488;1329.7042;0.0;1.2452;94.3149;0.0227
273404;0.0;0.0;0.0;0.0;0.0;0.0;3.0;10.0361;126.5651;0.0;137.4566;0.0;0.0;10.2882;0.0
147742;0.0;0.0;0.0;0.0;0.0;0.0;38.0;152.3599;1605.0359;4.6071;1172.3942;0.0;2.9054;144.3522;0.0199
102204;0.0;0.0;0.0;1.0633;1.1176;214.6104;40.0;169.7617;21366.2866;2.3035;475.2949;0.0;2.4904;131.2073;0.0183
92141;0.0;0.0;0.0;0.0;0.0;0.0;31.0;0.0;2960.7118;2.8794;679.153;0.0;0.4151;22.7659;0.0233
222466;0.0;0.0;0.0;0.0;0.0;0.0;12.0;0.0;1990.485;5.1829;256.2947;0.0;0.4151;13.0894;0.0078
28430;0.0;0.0;0.0;0.0;0.0;0.0;29.0;158.6551;5760.7018;28.7941;4607.1362;0.0;4.1506;436.8649;0.0172
147398;0.0;0.0;0.0;0.0;0.0;0.0;9.0;0.0;6450.6431;0.0;0.0;0.0;0.0;0.0;0.0
165262;0.0;0.0;0.0;0.0;0.0;0.0;16.0;317.7863;2777.3791;0.5759;8.8994;0.0;1.6602;22.565;0.0053
264726;0.0;0.0;0.0;0.0;0.0;0.0;6.0;18.66;210.7683;2.8794;677.751;0.0;0.0;5.7541;0.0
363328;0.0;0.0;0.0;0.0;0.0;0.0;0.0;95.7917;3467.7177;0.0;0.0;0.0;0.4151;18.2587;0.0149
166037;0.0;0.0;0.0;0.0;0.0;0.0;22.0;1375.9917;33.2022;3.4553;707.194;0.0;0.4151;8.8868;0.0074
314204;0.0;0.0;0.0;0.0;0.0;0.0;27.0;129.2077;1984.0845;4.6071;214.5136;0.0;1.2452;229.0093;0.0603
138679;0.0;0.0;0.0;0.0;0.0;0.0;34.0;9.3503;1303.2469;1.7276;299.4779;0.0;2.0753;200.5199;0.0418
385082;0.0;0.0;0.0;0.0;0.0;0.0;0.0;727.5693;4333.756;0.0;0.0;0.0;0.4151;22.6334;0.0145
183083;0.0;0.0;0.0;0.0;0.0;0.0;29.0;45.2828;883.6209;4.0312;816.2735;0.0;3.7355;261.9515;0.0234
326479;0.0;0.0;0.0;0.0;0.0;0.0;35.0;65.6105;920.4766;9.2141;1465.9835;0.0;1.2452;188.1858;0.0412
407120;0.0;0.0;0.0;0.0;0.0;0.0;7.0;476.8059;154.3293;0.0;0.0;0.0;0.4151;0.0;0.0062
201158;0.0;0.0;0.0;0.0;0.0;0.0;31.0;27.2253;12763.2586;0.5759;75.9911;0.0;0.4151;20.3061;0.0197
331536;0.0;0.0;0.0;0.0;0.0;0.0;15.0;45.8838;1313.2514;3.4553;662.048;0.0;0.4151;96.1224;0.0462
203201;0.0;0.0;0.0;0.0;0.0;0.0;181.0;1413.1994;0.0;5.1829;76.3283;0.0;0.0;68.2905;0.0
421197;0.0;0.0;0.0;0.0;0.0;0.0;25.0;3289.2045;0.0;0.0;0.0;0.0;0.0;0.0;0.0116
104619;0.0;0.0;0.0;0.0;0.0;0.0;7.0;13.1461;169.7633;2.8794;166.8439;0.0;0.8301;40.8974;0.0186
60183;0.0;0.0;0.0;2.1266;1.1176;67.7717;93.0;298.8604;4450.3692;19.58;3414.8329;0.0;3.7355;209.8108;0.0195
419272;0.0;0.0;0.0;0.0;0.0;0.0;0.0;0.0;0.0;0.5759;126.1845;0.0;0.0;0.0;0.0
370822;0.0;0.0;0.0;0.0;0.0;0.0;12.0;14.4683;195.0858;0.5759;123.1;0.0;1.2452;45.9025;0.0105
125110;0.0;0.0;0.0;0.0;0.0;0.0;0.0;52.762;0.0;43.1911;4057.813;0.0;0.4151;30.1997;0.0204
234237;0.0;0.0;0.0;0.0;0.0;0.0;63.0;278.7431;4361.9535;61.0434;8193.0192;0.0;2.9054;484.5881;0.045
82448;0.0;0.0;0.0;0.0;0.0;0.0;10.0;50.3309;484.977;6.3347;789.0737;0.0;1.2452;31.939;0.0102
42442;0.0;0.0;0.0;0.0;0.0;0.0;43.0;11.2824;18996.3986;0.0;66.1213;0.0;0.8301;36.4592;0.0231
368076;0.0;0.0;0.0;1.0633;0.0;0.0;19.0;101.1125;1526.9385;12.0935;2100.5513;0.0;0.8301;90.2175;0.0297
207337;0.0;0.0;0.0;1.0633;0.0;0.0;0.0;436.0709;0.0;0.0;902.354;0.0;0.4151;31.0178;0.0197
246544;0.0;0.0;0.0;0.0;0.0;0.0;21.0;177.3;2334.9548;14.9729;2131.9963;0.0;0.4151;12.7006;0.0114
393503;0.0;0.0;0.0;0.0;0.0;0.0;15.0;51.608;1084.497;4.0312;741.1236;0.0;0.8301;100.5134;0.0311
360135;0.0;0.0;0.0;0.0;0.0;0.0;0.0;160.7173;440.056;2.8794;0.0;0.0;0.0;12.7869;0.0
265021;0.0;0.0;0.0;0.0;0.0;0.0;69.0;191.4227;2500.6634;4.6071;1188.9384;0.0;2.4904;229.8102;0.0307
337328;0.0;0.0;0.0;1.0633;0.0;0.0;6.0;89.3637;1134.6371;18.4282;649.1491;0.0;0.8301;58.3924;0.0236
294773;0.0;0.0;0.0;0.0;0.0;0.0;0.0;2418.8317;1428.1303;0.0;22.6478;0.0;0.0;40.5368;0.0
147846;0.0;0.0;0.0;0.0;0.0;0.0;0.0;2467.4064;1756.4318;0.0;0.0;0.0;0.0;6.1994;0.0046
79927;0.0;0.0;0.0;1.0633;0.0;0.0;94.0;724.0139;11085.1624;59.8917;10174.9571;0.0;4.1506;273.6012;0.019
42542;0.0;0.0;0.0;0.0;0.0;0.0;158.0;380.5663;0.0;0.0;0.0;0.0;0.4151;39.8271;0.0368
389693;0.0;0.0;0.0;0.0;0.0;0.0;12.0;19.5765;341.7196;4.6071;1084.9063;0.0;0.4151;74.5561;0.0456
383224;0.0;0.0;0.0;0.0;0.0;0.0;16.0;167.2789;2269.1479;9.79;127.3061;0.0;0.0;0.0;0.0054
165372;0.0;0.0;0.0;0.0;0.0;0.0;0.0;2585.5751;9330.4049;25.3388;0.0;0.0;0.4151;0.0;0.0
89346;0.0;0.0;0.0;2.1266;0.0;0.0;31.0;100.6466;3574.7776;21.8835;2774.9373;0.0;2.4904;105.9001;0.0136
53242;0.0;0.0;0.0;3.1899;0.0;0.0;15.0;1116.607;17819.3182;0.0;2151.7921;0.0;0.4151;38.3619;0.031
131880;0.0;0.0;0.0;0.0;0.0;0.0;10.0;180.0555;1858.6393;0.0;0.0;0.0;0.0;0.0;0.008
147669;0.0;0.0;0.0;0.0;0.0;0.0;15.0;0.0;45433.1034;2.8794;55.2942;0.0;0.0;0.0;0.0
381057;0.0;0.0;0.0;0.0;0.0;0.0;9.0;17.8337;490.7515;0.5759;136.5597;0.0;0.4151;29.7;0.0145
66082;0.0;0.0;0.0;1.0633;0.0;0.0;69.0;1.2741;33.5982;0.0;212.222;0.0;0.4151;53.5466;0.031
341959;0.0;0.0;0.0;0.0;0.0;0.0;7.0;34.4354;752.4804;2.3035;515.9544;0.0;0.4151;40.3371;0.0251
82819;0.0;0.0;0.0;0.0;0.0;0.0;13.0;39.4234;546.603;3.4553;660.0851;0.0;0.0;21.4151;0.0
368379;0.0;0.0;0.0;0.0;0.0;0.0;3.0;18.6299;260.2143;4.6071;909.9304;0.0;0.0;0.0;0.0036
12710;0.0;0.0;0.0;0.0;0.0;0.0;37.0;7.6045;0.0;0.5759;0.0;0.0;1.2452;28.1603;0.0103
391264;0.0;0.0;0.0;0.0;0.0;0.0;6.0;14.1227;212.141;5.7588;77.3932;0.0;0.0;32.1569;0.0
35185;0.0;0.0;0.0;0.0;0.0;0.0;4.0;3.3833;65.0338;0.5759;5.0474;0.0;3.3205;312.9578;0.0211
371615;0.0;0.0;0.0;0.0;0.0;0.0;77.0;131.8556;27799.3424;1.1518;10.3431;0.0;0.8301;59.117;0.0365
373063;0.0;0.0;0.0;0.0;0.0;0.0;6.0;36.674;569.4642;1.1518;311.8159;0.0;0.0;36.9793;0.0
10229;0.0;0.0;0.0;0.0;0.0;0.0;41.0;0.0;3803.0363;0.5759;0.8412;0.0;0.8301;36.8272;0.0163
131839;0.0;0.0;0.0;0.0;0.0;0.0;18.0;0.0;737.7428;2.3035;418.0913;0.0;0.0;0.0;0.0091
123779;0.0;0.0;31378.5007;0.0;0.0;0.0;27.0;0.0;737.7428;0.0;13.1933;0.0;0.0;0.0;0.0004
172374;0.0;0.0;0.0;0.0;0.0;0.0;57.0;804.3497;6978.5726;0.0;169.258;0.0;0.0;0.0;0.01
358410;0.0;0.0;0.0;0.0;0.0;0.0;21.0;37.9921;0.0;0.0;119.3081;0.0;0.0;38.7438;0.0047
85269;0.0;0.0;0.0;0.0;0.0;0.0;16.0;50.1656;543.5107;2.3035;467.7239;0.0;0.4151;22.8128;0.0213
63606;0.0;0.0;0.0;1.0633;0.0;0.0;0.0;0.0;0.0;2.3035;626.7163;0.0;0.8301;46.1985;0.0242
335547;0.0;0.0;0.0;0.0;0.0;0.0;10.0;24.0537;343.1395;0.5759;133.4752;0.0;0.4151;60.7756;0.0462
224164;0.0;0.0;0.0;0.0;0.0;0.0;7.0;1116.607;6195.7498;0.0;0.0;0.0;0.0;8.1451;0.0072
46989;0.0;0.0;0.0;2.1266;0.0;0.0;19.0;596.678;19554.641;4.6071;860.8587;0.0;1.2452;53.3178;0.0155
8732;0.0;0.0;0.0;1.0633;0.0;0.0;7.0;1013.0943;2708.7206;5.1829;110.1077;0.0;0.8301;49.189;0.0242
412748;0.0;0.0;0.0;0.0;0.0;0.0;47.0;211.8479;0.0;3.4553;15.5912;0.0;0.0;0.0;0.0077
289338;0.0;0.0;0.0;2.1266;1.1176;16.9429;27.0;204.1332;3058.0896;72.5611;5952.8238;0.0;2.0753;180.0973;0.0267
222292;0.0;0.0;0.0;0.0;0.0;0.0;7.0;11.7658;0.0;0.0;932.1175;0.0;0.0;0.0;0.0
325278;0.0;0.0;0.0;0.0;0.0;0.0;25.0;119.6073;2055.8394;11.5176;2275.5271;0.0;1.6602;141.1853;0.0282
195808;0.0;0.0;0.0;0.0;0.0;0.0;7.0;0.1853;1405.2753;0.0;0.0;0.0;0.4151;13.9837;0.0138
329511;0.0;0.0;0.0;0.0;0.0;0.0;24.0;286.2552;4811.3528;96.1722;10234.1236;0.0;0.4151;71.031;0.0462
268489;0.0;0.0;0.0;0.0;0.0;0.0;0.0;69.4984;0.0;1.1518;0.0;0.0;0.8301;34.9634;0.0309
222862;0.0;0.0;0.0;0.0;0.0;0.0;3.0;9.6605;114.3851;1.1518;98.7043;0.0;0.0;0.0;0.0
64919;0.0;0.0;0.0;1.0633;0.0;0.0;46.0;0.0;912.8853;0.5759;102.6301;0.0;0.8301;32.5563;0.0164
413009;0.0;0.0;0.0;0.0;0.0;0.0;6.0;33.1283;523.1738;1.7276;448.9364;0.0;0.0;21.7115;0.0
5004;0.0;0.0;0.0;1.0633;0.0;0.0;18.0;107.2003;1012.0797;2.3035;432.1118;0.0;3.3205;252.5708;0.0206
104014;0.0;0.0;0.0;0.0;0.0;0.0;0.0;1186.5527;0.0;0.5759;345.0965;0.0;0.0;0.0;0.0069
139326;0.0;0.0;0.0;1.0633;0.0;0.0;7.0;95.9622;0.0;1.7276;261.6225;0.0;0.0;0.0;0.0
130533;0.0;1819.5098;0.0;0.0;0.0;0.0;25.0;343.3528;9365.8126;6.3347;554.651;0.0;1.2452;117.1768;0.0426
359593;0.0;0.0;0.0;0.0;0.0;0.0;7.0;68.2825;0.0;20.1558;593.6572;0.0;0.0;11.7328;0.0035
245434;0.0;0.0;0.0;0.0;0.0;0.0;44.0;0.0;0.0;0.0;0.0;0.0;0.4151;48.169;0.0101
321455;0.0;0.0;0.0;0.0;0.0;0.0;97.0;0.0;7079.6704;5.1829;446.3687;0.0;0.0;0.0;0.0022
345344;0.0;0.0;0.0;0.0;0.0;0.0;0.0;42.7852;33.5035;0.5759;32.6254;0.0;0.0;0.0;0.0056
265280;0.0;0.0;0.0;0.0;0.0;0.0;194.0;45.6039;3926.2217;0.5759;345.3102;0.0;0.0;0.0;0.0062
31111;0.0;0.0;0.0;0.0;0.0;0.0;38.0;29.3081;1014.8475;69.1058;2127.4706;0.0;2.4904;434.7364;0.0374
332843;0.0;0.0;0.0;0.0;0.0;0.0;22.0;7.583;30.4311;0.5759;117.4918;0.0;0.8301;98.5395;0.0385
355669;0.0;0.0;0.0;0.0;0.0;0.0;9.0;8.9394;168.8482;0.0;102.946;0.0;0.8301;107.7204;0.0333
304559;0.0;0.0;0.0;0.0;0.0;0.0;13.0;69.6748;5972.8572;13.8212;0.0;0.0;0.0;11.7328;0.008
233029;0.0;0.0;0.0;0.0;0.0;0.0;0.0;158.1423;16600.958;0.0;459.7568;0.0;0.4151;0.0;0.0047
151487;0.0;0.0;0.0;0.0;0.0;0.0;12.0;150.345;0.0;0.5759;158.4316;0.0;2.4904;124.7039;0.018
334409;0.0;0.0;0.0;0.0;0.0;0.0;19.0;222.6279;3125.7109;33.4011;2115.9738;0.0;1.2452;79.4648;0.0209
94536;0.0;0.0;0.0;0.0;0.0;0.0;19.0;596.678;2136.5113;1.1518;0.0;0.0;0.4151;28.4844;0.0252
345223;0.0;0.0;0.0;0.0;0.0;0.0;18.0;548.9818;219.5158;2.3035;0.0;0.0;0.0;16.028;0.0
112843;0.0;0.0;0.0;0.0;0.0;0.0;7.0;128.9109;53081.5236;50.1017;4930.1685;0.0;0.8301;54.9226;0.0189
234143;0.0;0.0;0.0;0.0;0.0;0.0;29.0;201.0682;2451.0281;25.9147;4010.9846;0.0;1.2452;82.2693;0.024
117011;0.0;0.0;0.0;0.0;0.0;0.0;0.0;352.3607;1010.7493;0.0;25.4805;0.0;2.9054;95.7178;0.0132
417589;0.0;0.0;0.0;0.0;0.0;0.0;149.0;328.3657;10176.7511;0.0;315.9239;0.0;0.0;24.8725;0.0122
304027;0.0;0.0;0.0;0.0;0.0;0.0;34.0;603.8357;7397.9864;43.767;2074.7536;0.0;2.9054;173.1555;0.0215
105492;0.0;0.0;0.0;1.0633;0.0;0.0;85.0;20.3149;0.0;0.0;0.0;0.0;0.0;51.8704;0.0
160384;0.0;0.0;0.0;0.0;0.0;0.0;31.0;240.6168;18996.3986;0.5759;49.0717;0.0;2.4904;117.6826;0.0145
97260;0.0;0.0;0.0;0.0;0.0;0.0;27.0;81.5175;11593.2626;1.1518;99.2651;0.0;0.4151;2.3028;0.0023
122962;0.0;0.0;0.0;0.0;0.0;0.0;7.0;133.7244;0.0;23.0353;3297.3411;0.0;4.1506;150.6812;0.0131
280061;0.0;0.0;0.0;0.0;0.0;0.0;18.0;57.6312;9756.4834;0.0;0.0;0.0;0.0;2.405;0.0
48654;0.0;0.0;0.0;0.0;0.0;0.0;37.0;216.1525;3223.4194;12.0935;2018.6716;0.0;3.7355;211.5105;0.0231
172778;0.0;0.0;0.0;0.0;0.0;0.0;102.0;552.6031;1087.7819;0.0;0.0;0.0;0.0;25.3621;0.0063
113056;0.0;0.0;0.0;0.0;0.0;0.0;7.0;1913.764;461.9233;0.0;0.0;0.0;0.4151;28.1729;0.0311
137606;0.0;0.0;0.0;0.0;0.0;0.0;0.0;129.0247;76.5647;6.3347;0.0;0.0;0.4151;10.7829;0.0099
406118;0.0;0.0;0.0;0.0;0.0;0.0;9.0;51.2752;6185.5011;0.0;120.5827;0.0;0.0;12.2509;0.0
332781;0.0;0.0;0.0;0.0;0.0;0.0;52.0;44.6818;4187.3747;0.0;1009.8012;0.0;0.4151;0.0;0.0027
200262;0.0;0.0;0.0;0.0;0.0;0.0;7.0;81.7;29.1999;0.0;2428.2058;0.0;0.0;0.0;0.013
96418;0.0;0.0;0.0;0.0;0.0;0.0;0.0;0.0;7564.8952;6.9106;1602.8235;0.0;0.0;57.9034;0.0
133612;0.0;0.0;0.0;0.0;0.0;0.0;7.0;622.7221;7564.8952;0.0;978.9923;0.0;0.0;0.0;0.0
367519;0.0;0.0;0.0;0.0;0.0;0.0;4.0;18.4346;248.618;1.1518;191.2396;0.0;0.0;0.0;0.0
214602;0.0;0.0;0.0;0.0;0.0;0.0;7.0;22.5163;1463.3053;0.5759;149.4585;0.0;0.4151;22.2365;0.0197
64766;0.0;0.0;0.0;0.0;0.0;0.0;83.0;0.0;1231.1578;0.0;23.3456;0.0;0.0;0.0;0.0
84962;0.0;0.0;0.0;0.0;0.0;0.0;19.0;594.7017;0.0;0.0;77.9343;0.0;4.9807;218.2078;0.0141
414595;0.0;0.0;0.0;0.0;0.0;0.0;3.0;11.824;297.1804;0.5759;132.3535;0.0;0.0;70.6033;0.0
217248;0.0;0.0;0.0;0.0;0.0;0.0;3.0;0.9315;14.9411;0.0;0.0;0.0;0.0;0.0;0.0149
173192;0.0;0.0;0.0;0.0;0.0;0.0;206.0;116.533;69.6229;0.0;208.8454;0.0;0.4151;19.4859;0.0137
117557;0.0;0.0;0.0;0.0;0.0;0.0;13.0;597.7973;60.3747;0.0;72.3316;0.0;0.0;0.0;0.0076
347801;0.0;0.0;0.0;1.0633;0.0;0.0;4.0;30.4239;564.9046;4.6071;937.691;0.0;0.0;59.3686;0.0046
74782;0.0;0.0;0.0;0.0;0.0;0.0;59.0;314.5757;4340.5753;31.6735;2843.6378;0.0;3.3205;248.5659;0.0222
175810;0.0;0.0;0.0;0.0;0.0;0.0;12.0;240.6168;25473.3974;0.0;0.0;0.0;0.0;2.2927;0.0033
89536;0.0;0.0;0.0;0.0;0.0;0.0;71.0;0.0;5877.1165;0.0;0.0;0.0;0.4151;21.907;0.0233
302072;0.0;0.0;0.0;0.0;0.0;0.0;40.0;184.767;3439.5994;11.5176;1882.1119;0.0;2.0753;194.9076;0.0261
374237;0.0;0.0;0.0;0.0;0.0;0.0;13.0;0.0;3520.6372;0.0;288.4973;0.0;0.0;0.0;0.0069
286665;0.0;0.0;0.0;0.0;0.0;0.0;0.0;44.6818;7322.5243;8.0623;21.3131;0.0;0.0;6.8515;0.0107
107608;0.0;0.0;0.0;1.0633;1.1176;15.8134;13.0;1.7508;2301.4524;0.0;0.0;0.0;4.1506;265.7381;0.0252
61132;0.0;0.0;0.0;0.0;0.0;0.0;9.0;337.6156;28264.3061;2.3035;21.962;0.0;0.0;24.617;0.0
119373;0.0;0.0;0.0;0.0;0.0;0.0;0.0;428.1055;0.0;0.0;6.3779;0.0;0.0;103.2307;0.0
360365;0.0;0.0;0.0;0.0;0.0;0.0;38.0;0.0;32473.6831;1.7276;1056.2639;0.0;0.0;71.1635;0.0049
157665;0.0;0.0;0.0;0.0;0.0;0.0;18.0;75.3309;4861.6719;7.4865;0.0;0.0;0.8301;27.4578;0.0124
101714;0.0;0.0;0.0;0.0;0.0;0.0;71.0;0.0;0.0;0.0;200.4651;0.0;0.8301;34.8223;0.0159
209009;0.0;0.0;0.0;0.0;0.0;0.0;9.0;9.0145;102.6942;0.0;235.2953;0.0;0.4151;20.2945;0.0185
170225;0.0;0.0;0.0;0.0;0.0;0.0;9.0;15.0392;196.4268;0.5759;0.5608;0.0;3.3205;168.9193;0.0191
53612;0.0;0.0;0.0;0.0;0.0;0.0;7.0;2249.3915;0.0;0.0;1144.4646;0.0;0.8301;48.3416;0.0242
409879;0.0;0.0;0.0;0.0;0.0;0.0;50.0;28.2489;21357.7022;0.0;0.0;0.0;0.0;0.0;0.0
385083;0.0;0.0;0.0;0.0;0.0;0.0;3.0;11.0127;252.1048;0.0;138.3536;0.0;0.8301;65.3881;0.0205
131244;0.0;0.0;0.0;0.0;0.0;0.0;83.0;427.1216;8493.8745;39.1599;8805.9955;0.0;2.9054;283.5752;0.0207
325124;0.0;0.0;0.0;0.0;0.0;0.0;4.0;9.1647;119.6074;1.1518;236.1052;0.0;0.0;11.4238;0.0
209832;0.0;0.0;0.0;0.0;0.0;0.0;0.0;1913.3342;0.0;4.0312;1038.6386;0.0;0.8301;18.1021;0.0114
239364;0.0;0.0;0.0;1.0633;0.0;0.0;7.0;168.241;3267.6609;1.7276;173.2934;0.0;0.8301;54.4785;0.0195
2898;0.0;0.0;0.0;1.0633;0.0;0.0;15.0;1.0029;1561.9787;0.0;0.0;0.0;0.0;11.9715;0.0
163705;0.0;0.0;0.0;1.0633;0.0;0.0;25.0;84.6911;1018.7216;7.4865;1755.9274;0.0;2.0753;103.4102;0.0181
335378;0.0;0.0;0.0;0.0;0.0;0.0;0.0;402.8943;0.0;0.0;0.0;0.0;0.4151;80.7642;0.0602
74298;0.0;0.0;0.0;0.0;0.0;0.0;18.0;56.2955;1369.8917;18.4282;3767.5887;0.0;2.9054;232.4941;0.0181
246663;0.0;0.0;0.0;0.0;0.0;0.0;29.0;26.5423;0.0;0.0;712.0416;0.0;0.0;7.0378;0.0
88039;0.0;0.0;0.0;0.0;0.0;0.0;3.0;36.2833;437.3928;5.1829;46.2676;0.0;0.0;25.3621;0.0
420750;0.0;0.0;0.0;0.0;0.0;0.0;25.0;44.2733;90.3727;0.0;0.0;0.0;0.0;14.97;0.0083
340295;0.0;0.0;0.0;0.0;0.0;0.0;0.0;1.616;0.0;6.3347;0.0;0.0;0.0;11.7436;0.0073
88461;0.0;0.0;0.0;0.0;0.0;0.0;41.0;73.378;934.5184;13.8212;734.6742;0.0;1.6602;129.9382;0.0302
321414;0.0;0.0;0.0;0.0;0.0;0.0;6.0;25.8866;417.4346;22.4594;4975.0341;0.0;1.6602;158.3971;0.0272
226118;0.0;0.0;0.0;0.0;0.0;0.0;16.0;140.4909;1648.7389;5.7588;1361.3905;0.0;0.8301;60.1144;0.026
328393;0.0;0.0;0.0;0.0;0.0;0.0;4.0;16.3914;278.0268;0.5759;139.3638;0.0;0.0;0.0;0.0
95585;0.0;0.0;0.0;1.0633;0.0;0.0;22.0;339.1747;1665.895;0.5759;152.543;0.0;1.2452;52.8043;0.0143
282010;0.0;0.0;0.0;0.0;0.0;0.0;24.0;131.4764;2748.5714;8.6382;811.2261;0.0;2.0753;305.7678;0.0351
394641;0.0;0.0;0.0;0.0;0.0;0.0;6.0;3.0586;28985.0004;0.0;681.0698;0.0;0.0;24.3169;0.0202
309262;0.0;0.0;0.0;0.0;0.0;0.0;7.0;129.5847;0.0;0.0;0.0;0.0;0.4151;11.5042;0.0096
42024;0.0;0.0;0.0;1.0633;0.0;0.0;6.0;207.2627;0.0;0.5759;0.8412;0.0;0.8301;63.0209;0.0338
373861;0.0;0.0;0.0;0.0;0.0;0.0;12.0;242.1142;3344.1154;67.954;1211.6516;0.0;0.8301;111.4965;0.0415
342419;0.0;0.0;0.0;0.0;0.0;0.0;0.0;269.3591;894.8008;0.0;0.0;0.0;0.0;7.105;0.0
159909;0.0;0.0;0.0;2.1266;0.0;0.0;31.0;192.8542;7355.7721;13.2453;324.7148;0.0;1.6602;145.1941;0.0303
126028;0.0;0.0;0.0;0.0;0.0;0.0;46.0;231.3736;9409.5026;100.7792;11745.5334;0.0;2.4904;204.6419;0.0271
175841;0.0;0.0;0.0;0.0;0.0;0.0;25.0;1368.62;0.0;1.1518;0.0;0.0;0.0;0.0;0.0025
159430;0.0;0.0;0.0;0.0;0.0;0.0;13.0;0.0;794.327;0.0;0.0;0.0;0.0;0.0;0.0
290580;0.0;0.0;0.0;0.0;0.0;0.0;57.0;313.9597;3995.4794;15.5488;3259.7662;0.0;1.2452;121.6136;0.0309
302224;0.0;0.0;0.0;0.0;0.0;0.0;0.0;736.767;741.8495;0.0;0.0;0.0;0.4151;41.4285;0.0345
251992;0.0;0.0;0.0;0.0;0.0;0.0;13.0;256.8775;0.0;0.0;0.0;0.0;0.0;0.0;0.0
226956;0.0;0.0;0.0;0.0;0.0;0.0;7.0;0.0;7309.6233;4.6071;217.9036;0.0;0.0;0.0;0.0055
270606;0.0;0.0;0.0;0.0;0.0;0.0;66.0;959.3345;0.0;0.5759;86.6467;0.0;0.0;52.0097;0.0
8291;0.0;0.0;0.0;0.0;0.0;0.0;29.0;186.8854;6239.4468;74.2887;12039.9639;0.0;3.7355;316.3136;0.0171
139796;0.0;0.0;0.0;0.0;0.0;0.0;3.0;3.2302;37.2343;3.4553;614.9391;0.0;2.4904;101.5293;0.0154
250083;0.0;0.0;0.0;0.0;0.0;0.0;136.0;58.2054;0.0;8.0623;0.0;0.0;0.0;0.0;0.0
52379;0.0;0.0;0.0;0.0;0.0;0.0;0.0;263.3408;20212.0577;0.5759;0.0;0.0;0.8301;50.8905;0.0242
319870;0.0;0.0;0.0;0.0;0.0;0.0;34.0;48.8018;16541.8528;6.3347;139.9246;0.0;0.0;37.5262;0.0
105828;0.0;0.0;0.0;1.0633;0.0;0.0;69.0;327.4462;36507.7457;2.3035;9.5985;0.0;0.0;0.0;0.011
116288;0.0;0.0;0.0;0.0;0.0;0.0;0.0;124.6102;550.9652;0.5759;164.3203;0.0;1.6602;66.6918;0.0139
201848;0.0;0.0;0.0;0.0;0.0;0.0;25.0;106.6715;1418.6908;5.1829;273.9606;0.0;0.4151;17.4213;0.0128
355692;0.0;0.0;0.0;0.0;0.0;0.0;3.0;0.5709;10.8705;0.0;0.0;0.0;0.4151;43.247;0.0279
341626;0.0;0.0;0.0;0.0;0.0;0.0;3.0;12.9959;246.9929;5.1829;0.0;0.0;0.0;14.931;0.0
401840;0.0;0.0;0.0;0.0;0.0;0.0;6.0;39.2281;671.8586;20.7317;261.9029;0.0;0.0;0.0;0.0
385528;0.0;0.0;0.0;0.0;0.0;0.0;12.0;40.415;742.2567;2.3035;214.2332;0.0;0.4151;72.3787;0.0462
148600;0.0;0.0;0.0;0.0;0.0;0.0;46.0;11.205;0.0;0.0;0.0;0.0;0.0;30.4932;0.0096
246193;0.0;0.0;0.0;0.0;0.0;0.0;18.0;0.0;0.0;0.0;0.0;0.0;0.8301;20.606;0.0089
88125;0.0;0.0;0.0;0.0;0.0;0.0;9.0;50.7666;542.8165;0.5759;76.8323;0.0;0.8301;31.4752;0.0177
66799;0.0;0.0;0.0;0.0;0.0;0.0;25.0;431.6465;29093.2284;0.5759;178.3408;0.0;0.4151;35.4856;0.0
73743;0.0;0.0;0.0;0.0;0.0;0.0;6.0;160.1432;17783.2024;1.1518;154.5059;0.0;1.2452;50.6578;0.0161
343418;0.0;0.0;0.0;0.0;0.0;0.0;15.0;391.187;2568.8445;0.0;30.6131;0.0;0.8301;85.9535;0.0312
164642;0.0;0.0;0.0;0.0;0.0;0.0;0.0;0.0;6336.119;0.0;0.0;0.0;0.0;0.0;0.0043
27783;0.0;0.0;0.0;1.0633;0.0;0.0;15.0;404.2815;5493.8364;1.1518;52.9975;0.0;3.3205;247.908;0.0252
199370;0.0;0.0;0.0;1.0633;0.0;0.0;10.0;34.6908;647.5143;13.2453;2700.0678;0.0;2.0753;261.1365;0.0414
119664;0.0;0.0;0.0;0.0;0.0;0.0;131.0;685.7023;12045.4608;57.5881;9996.0555;0.0;4.5656;412.3959;0.0255
227892;0.0;0.0;0.0;0.0;0.0;0.0;7.0;0.0;5851.2877;0.0;27.7046;0.0;2.0753;242.38;0.0343
87803;0.0;0.0;0.0;0.0;0.0;0.0;3.0;22.7916;346.6263;0.5759;153.3843;0.0;0.0;0.0;0.0
95920;0.0;0.0;0.0;1.0633;1.1176;101.6576;96.0;256.8775;1344.8823;0.5759;151.141;0.0;1.2452;50.0546;0.0143
318900;0.0;0.0;0.0;0.0;0.0;0.0;12.0;91.6173;1441.1102;60.4675;2549.4877;0.0;0.4151;36.4769;0.0251
279934;0.0;0.0;0.0;0.0;0.0;0.0;9.0;24.1249;19256.1958;0.0;0.0;0.0;0.0;30.0082;0.0096
92867;0.0;0.0;0.0;8.5063;0.0;0.0;56.0;94.2165;1261.6755;12.0935;2608.9346;0.0;5.3958;232.9337;0.0152
254063;0.0;957.2276;0.0;0.0;0.0;0.0;46.0;642.6604;342.5006;1.1518;2.8041;0.0;0.0;0.0;0.0
219972;0.0;0.0;0.0;0.0;0.0;0.0;10.0;22.5513;280.0621;4.0312;227.1321;0.0;0.8301;43.788;0.0195
121599;0.0;0.0;0.0;0.0;0.0;0.0;0.0;0.0;1374.9527;0.5759;104.3125;0.0;0.8301;19.2033;0.0094
54655;0.0;0.0;0.0;1.0633;0.0;0.0;15.0;50.7065;612.0786;22.4594;1095.2814;0.0;2.9054;130.2392;0.0168
23323;0.0;0.0;0.0;0.0;0.0;0.0;7.0;504.4039;0.0;0.0;304.3465;0.0;0.0;0.0;0.0
74340;0.0;0.0;0.0;0.0;0.0;0.0;10.0;428.6054;679.7079;1.1518;264.1462;0.0;0.0;38.0815;0.0
383354;0.0;0.0;0.0;0.0;0.0;0.0;3.0;28.1252;517.1942;0.5759;1.402;0.0;0.4151;5.7127;0.0054
289226;0.0;0.0;0.0;0.0;0.0;0.0;0.0;10.0014;25473.3974;8.0623;261.7376;0.0;0.0;0.0;0.0061
306451;0.0;0.0;0.0;0.0;0.0;0.0;13.0;86.8997;1284.7576;3.4553;797.7664;0.0;0.0;0.0;0.0
188679;0.0;0.0;0.0;0.0;0.0;0.0;192.0;863.5924;3047.7566;0.5759;138.2421;0.0;0.4151;18.9287;0.0176
233097;0.0;0.0;0.0;0.0;0.0;0.0;0.0;163.8696;28985.0004;0.0;297.1146;0.0;0.4151;12.7319;0.0095
234787;0.0;0.0;0.0;0.0;0.0;0.0;24.0;46.8153;1193.8018;15.5488;2938.4163;0.0;0.8301;82.4425;0.0507
301624;0.0;0.0;0.0;0.0;0.0;0.0;4.0;0.5108;6.7211;0.0;21.3131;0.0;0.8301;79.1133;0.0316
208066;0.0;0.0;0.0;0.0;0.0;0.0;7.0;1893.7617;0.0;35.7046;75.9377;0.0;0.0;0.0;0.0
357231;0.0;0.0;0.0;0.0;0.0;0.0;10.0;354.0993;72663.5561;0.0;60.134;0.0;0.0;0.0;0.0
315811;0.0;0.0;0.0;0.0;0.0;0.0;16.0;150.8124;2156.6561;21.3076;4402.4369;0.0;1.2452;72.5275;0.0256
132486;0.0;0.0;0.0;0.0;0.0;0.0;13.0;308.0534;3377.1443;0.0;194.791;0.0;0.4151;22.7257;0.0128
59164;0.0;0.0;0.0;0.0;0.0;0.0;21.0;428.1055;0.0;0.5759;153.1039;0.0;0.8301;29.5978;0.0164
318612;0.0;0.0;0.0;0.0;0.0;0.0;7.0;54.9884;754.4999;3.4553;470.8084;0.0;0.0;35.6188;0.0
308247;0.0;0.0;0.0;0.0;0.0;0.0;12.0;2.2536;31.5545;3.4553;67.4331;0.0;1.2452;107.118;0.028
197556;0.0;0.0;0.0;0.0;0.0;0.0;24.0;59.4055;1447.1056;10.9417;1070.3249;0.0;0.8301;59.463;0.0149
214969;0.0;0.0;0.0;1.0633;0.0;0.0;75.0;0.0;0.0;2.8794;650.5512;0.0;0.4151;21.3929;0.0174
175550;0.0;0.0;0.0;0.0;0.0;0.0;28.0;309.1983;0.0;0.0;0.0;0.0;0.0;5.3532;0.0069
251635;0.0;0.0;0.0;0.0;0.0;0.0;35.0;145.4188;2062.9708;27.0664;4696.8674;0.0;1.6602;207.6316;0.0391
332551;0.0;0.0;0.0;1.0633;0.0;0.0;4.0;25.3457;320.0574;1.7276;344.9043;0.0;0.0;8.5066;0.0076
78845;0.0;0.0;0.0;0.0;0.0;0.0;50.0;93.3751;1293.7507;0.5759;23.8348;0.0;3.7355;246.9136;0.0194
23505;0.0;0.0;0.0;0.0;0.0;0.0;0.0;911.9565;7309.6233;0.0;0.0;0.0;0.8301;83.5065;0.0451
111582;0.0;0.0;0.0;0.0;0.0;0.0;0.0;198.6919;0.0;1.1518;246.7608;0.0;0.4151;21.907;0.0233
214516;0.0;0.0;0.0;0.0;0.0;0.0;19.0;79.7933;1381.5511;9.79;1049.0138;0.0;0.0;0.0;0.0
78306;0.0;0.0;0.0;1.0633;0.0;0.0;32.0;82.2422;979.6413;1.7276;423.9799;0.0;4.5656;229.5879;0.018
301196;0.0;0.0;0.0;2.1266;0.0;0.0;0.0;0.0;0.0;1.1518;324.4381;0.0;0.4151;49.7485;0.0382
305789;0.0;0.0;0.0;0.0;0.0;0.0;6.0;790.5726;4116.1144;0.0;18.2054;0.0;0.0;51.3063;0.0
391055;0.0;0.0;0.0;0.0;0.0;0.0;3.0;19.3361;406.8481;1.1518;216.4765;0.0;0.0;0.0;0.0
34768;0.0;0.0;0.0;0.0;0.0;0.0;24.0;229.509;9708.7074;44.3429;11410.1631;0.0;3.7355;417.0519;0.0205
323156;0.0;0.0;0.0;1.0633;0.0;0.0;18.0;123.5737;1667.8136;48.374;683.6396;0.0;2.9054;267.2628;0.0275
175408;0.0;0.0;0.0;0.0;0.0;0.0;0.0;492.9362;0.0;1.7276;39.5378;0.0;0.4151;6.4037;0.0073
39177;0.0;0.0;0.0;0.0;0.0;0.0;4.0;303.032;9.4348;5.1829;481.1836;0.0;4.1506;259.9884;0.0151
146045;0.0;0.0;0.0;1.0633;0.0;0.0;103.0;101.5574;1010.1937;0.0;0.0;0.0;0.0;0.0;0.0
233916;0.0;0.0;0.0;2.1266;0.0;0.0;62.0;0.0;11876.6966;6.9106;360.8877;0.0;2.9054;251.7347;0.0279
377245;0.0;0.0;0.0;0.0;0.0;0.0;0.0;992.9573;63.0284;0.0;0.0;0.0;0.0;0.0;0.0058
361238;0.0;0.0;0.0;0.0;0.0;0.0;12.0;25.3908;340.5836;0.5759;208.8454;0.0;1.2452;45.9025;0.0105
289448;0.0;0.0;0.0;0.0;0.0;0.0;37.0;323.5757;33.5982;0.0;0.0;0.0;0.0;48.453;0.0062
4761;0.0;0.0;0.0;0.0;0.0;0.0;93.0;0.0;1455.1565;0.5759;5.6082;0.0;0.8301;57.9815;0.0246
58738;0.0;0.0;0.0;1.0633;0.0;0.0;7.0;900.2659;3870.1002;4.0312;706.3528;0.0;0.8301;64.8857;0.032
57349;0.0;0.0;0.0;0.0;0.0;0.0;9.0;1.3051;32.3768;4.6071;1266.6119;0.0;1.2452;41.4723;0.0145
367476;0.0;0.0;0.0;0.0;0.0;0.0;12.0;377.6684;377.7745;0.5759;112.164;0.0;0.4151;20.3121;0.0149
86665;0.0;0.0;0.0;0.0;0.0;0.0;15.0;1121.7526;6431.924;0.0;76.3283;0.0;0.0;0.0;0.0074
290502;0.0;0.0;0.0;0.0;0.0;0.0;0.0;81.5175;2030.3683;0.0;0.0;0.0;0.0;0.0;0.0047
188060;0.0;0.0;0.0;1.0633;0.0;0.0;56.0;272.1024;4308.1215;4.6071;49.913;0.0;4.1506;368.0522;0.0261
116320;0.0;0.0;0.0;0.0;0.0;0.0;6.0;0.0;14287.7652;5.1829;41.2203;0.0;0.4151;30.272;0.0213
86287;0.0;0.0;0.0;0.0;0.0;0.0;16.0;122.1313;1694.2247;5.1829;764.6781;0.0;0.4151;0.0;0.0
319428;0.0;0.0;0.0;0.0;0.0;0.0;28.0;0.0;0.0;0.0;70.0182;0.0;0.4151;19.5816;0.0395
98141;0.0;0.0;0.0;0.0;0.0;0.0;0.0;186.2252;7032.92;0.5759;123.6608;0.0;1.6602;37.6385;0.0093
290685;0.0;0.0;0.0;0.0;0.0;0.0;12.0;22.9118;388.7042;1.7276;305.9273;0.0;0.4151;56.8945;0.043
275586;0.0;0.0;0.0;0.0;0.0;0.0;0.0;742.7103;0.0;0.0;40.2495;0.0;0.0;12.2509;0.0
367598;0.0;0.0;0.0;0.0;0.0;0.0;15.0;7.9027;108.0742;0.0;61.8485;0.0;1.2452;45.9025;0.0105
369208;0.0;0.0;0.0;0.0;0.0;0.0;49.0;642.6604;186.5225;0.0;0.0;0.0;0.0;41.725;0.0
145810;0.0;0.0;0.0;0.0;0.0;0.0;21.0;120.9292;7489.9233;2.8794;493.2412;0.0;1.2452;42.9647;0.0134
25764;0.0;0.0;0.0;0.0;0.0;0.0;75.0;22.9258;0.0;1.1518;3.6453;0.0;2.4904;84.303;0.0195
304640;0.0;0.0;0.0;0.0;0.0;0.0;0.0;226.4918;42532.6135;4.6071;171.6109;0.0;0.8301;64.2833;0.0213
84688;0.0;0.0;0.0;0.0;0.0;0.0;18.0;85.6677;864.0098;10.9417;362.5701;0.0;0.8301;35.2408;0.0162
145197;0.0;0.0;0.0;0.0;0.0;0.0;43.0;257.0032;3212.3753;17.2764;4578.8148;0.0;2.9054;148.8175;0.0188
79792;0.0;0.0;0.0;0.0;0.0;0.0;0.0;2004.5407;484.4068;17.8523;110.7476;0.0;0.0;73.4539;0.0
362792;0.0;0.0;0.0;0.0;0.0;0.0;35.0;0.0;6698.6773;0.0;68.0215;0.0;0.0;0.0;0.0139
209692;0.0;0.0;0.0;0.0;0.0;0.0;0.0;390.8256;7884.07;0.0;1609.9424;0.0;0.0;0.0;0.0
270144;0.0;0.0;0.0;0.0;0.0;0.0;15.0;44.8922;602.7227;0.5759;141.607;0.0;0.4151;45.0135;0.0404
296782;0.0;0.0;0.0;0.0;0.0;0.0;91.0;147.6572;10152.6249;4.6071;127.867;0.0;0.0;127.4438;0.0
55676;0.0;0.0;0.0;0.0;0.0;0.0;0.0;1008.5759;0.0;1.1518;298.0758;0.0;0.8301;33.5312;0.0164
22943;0.0;0.0;0.0;0.0;0.0;0.0;27.0;125.3615;2134.8204;10.9417;137.1205;0.0;5.3958;376.869;0.0235
5501;0.0;0.0;0.0;0.0;0.0;0.0;32.0;3.2092;1010.1937;14.397;1530.1973;0.0;1.2452;93.5523;0.0208
405095;0.0;0.0;0.0;0.0;0.0;0.0;10.0;37.7132;0.0;0.5759;119.7351;0.0;0.4151;31.9853;0.0175
17335;0.0;0.0;0.0;0.0;0.0;0.0;31.0;678.8427;14233.3124;0.0;0.0;0.0;0.8301;27.6077;0.0174
215974;0.0;0.0;0.0;0.0;0.0;0.0;6.0;18.4196;195.7011;6.3347;1100.3288;0.0;0.8301;17.5067;0.0082
4731;0.0;957.2276;0.0;1.0633;0.0;0.0;18.0;51.7883;1168.5266;37.4323;504.4576;0.0;4.9807;289.5748;0.0147
88319;0.0;0.0;0.0;0.0;0.0;0.0;13.0;22.8818;288.4713;1.1518;285.177;0.0;0.8301;31.4752;0.0177
393856;0.0;0.0;0.0;0.0;0.0;0.0;15.0;77.4946;1189.9679;9.2141;1602.2627;0.0;0.4151;17.2618;0.0116
188946;0.0;0.0;0.0;0.0;0.0;0.0;4.0;0.4808;5.3643;1.1518;0.0;0.0;0.8301;20.6404;0.0098
263538;0.0;0.0;0.0;0.0;0.0;0.0;10.0;31.9564;588.2392;40.3117;1709.6597;0.0;2.9054;251.0842;0.0297
139270;0.0;0.0;0.0;0.0;0.0;0.0;10.0;0.0;7665.404;0.0;0.0;0.0;0.8301;94.7214;0.0427
210984;0.0;0.0;0.0;0.0;0.0;0.0;68.0;365.3874;4985.5968;41.4635;6432.8857;0.0;3.3205;286.1618;0.0269
284138;0.0;0.0;0.0;0.0;0.0;0.0;24.0;1902.0693;441.5999;0.0;0.0;0.0;0.0;11.0702;0.0005
236905;0.0;0.0;0.0;2.1266;0.0;0.0;21.0;49.3994;515.4271;2.3035;48.2305;0.0;0.8301;43.788;0.0195
266038;0.0;0.0;0.0;0.0;0.0;0.0;7.0;9.458;931.8039;0.5759;21.8616;0.0;0.0;4.6327;0.0029
345924;0.0;0.0;0.0;0.0;0.0;0.0;4.0;17.8036;314.0463;2.8794;708.0352;0.0;0.4151;37.2716;0.0279
396028;0.0;0.0;0.0;0.0;0.0;0.0;0.0;381.8994;746.8097;143.3945;0.0;0.0;0.0;0.0;0.0225
335829;0.0;0.0;0.0;0.0;0.0;0.0;10.0;6.3853;96.5884;0.5759;91.6941;0.0;0.4151;60.3234;0.0462
106996;0.0;0.0;0.0;0.0;0.0;0.0;15.0;0.0;0.0;0.5759;0.2804;0.0;1.2452;74.9174;0.0208
280697;0.0;0.0;0.0;0.0;0.0;0.0;0.0;1984.9401;13590.3465;1.1518;226.6488;0.0;0.0;21.2655;0.0
52478;1.0;0.0;0.0;0.0;0.0;0.0;37.0;55.6044;634.8136;5.7588;1029.3851;0.0;3.7355;318.4021;0.0278
21476;0.0;0.0;0.0;0.0;0.0;0.0;25.0;0.0;9853.2951;0.0;0.0;0.0;0.8301;50.4644;0.0277
409993;0.0;0.0;0.0;0.0;0.0;0.0;49.0;142.3792;449.3792;0.0;0.0;0.0;0.0;0.0;0.0
250928;0.0;0.0;0.0;0.0;0.0;0.0;7.0;243.4961;0.0;0.0;200.4651;0.0;0.0;0.0;0.0008
197810;0.0;0.0;0.0;0.0;0.0;0.0;0.0;1.8961;2025.91;0.0;0.0;0.0;0.0;0.0;0.0064
142694;0.0;0.0;0.0;0.0;0.0;0.0;0.0;0.0;0.0;0.0;73.1214;0.0;2.0753;213.4449;0.0363
392063;0.0;0.0;0.0;0.0;0.0;0.0;53.0;0.0;0.0;0.0;0.0;0.0;0.0;48.3375;0.0
44218;0.0;0.0;0.0;0.0;0.0;0.0;0.0;949.0964;20212.0577;0.5759;96.7414;0.0;0.8301;56.5545;0.0242
73492;0.0;0.0;0.0;0.0;0.0;0.0;53.0;0.0;2744.2146;0.5759;146.9348;0.0;0.4151;30.3935;0.031
220101;0.0;0.0;0.0;2.1266;0.0;0.0;77.0;299.1459;4885.6637;25.3388;4606.5754;0.0;2.9054;267.41;0.0274
197545;0.0;0.0;0.0;0.0;0.0;0.0;37.0;124.9709;2156.1039;19.58;3386.7919;0.0;2.0753;246.0906;0.03
298063;0.0;0.0;0.0;0.0;0.0;0.0;57.0;86.4339;986.2047;0.5759;132.0731;0.0;2.0753;141.3064;0.0213
157956;0.0;0.0;0.0;0.0;0.0;0.0;25.0;62.3964;152.8823;2.8794;390.6111;0.0;0.8301;9.9662;0.005
357683;0.0;0.0;0.0;0.0;0.0;0.0;100.0;0.0;15314.8332;0.0;0.0;0.0;0.0;66.1065;0.0
264003;0.0;0.0;0.0;0.0;0.0;0.0;9.0;15.2796;197.8941;5.7588;531.9378;0.0;0.8301;79.8781;0.0307
160879;0.0;0.0;0.0;0.0;0.0;0.0;44.0;208.3266;0.0;0.0;130.5315;0.0;0.0;26.7529;0.0
350717;0.0;0.0;0.0;0.0;0.0;0.0;9.0;9.8709;157.883;1.1518;114.6877;0.0;1.2452;101.7227;0.0292
363390;0.0;0.0;0.0;0.0;0.0;0.0;3.0;9.5854;119.6231;0.5759;509.5383;0.0;0.0;0.0;0.0077
55345;0.0;0.0;0.0;1.0633;0.0;0.0;47.0;47.4613;760.1955;4.0312;789.6345;0.0;4.1506;192.4361;0.0152
99017;0.0;0.0;0.0;0.0;0.0;0.0;74.0;610.3869;12620.129;4.0312;461.5549;0.0;1.6602;37.1147;0.0091
366550;0.0;0.0;0.0;0.0;0.0;0.0;53.0;167.1478;6856.5267;0.0;0.0;0.0;0.0;0.0;0.0101
73830;0.0;0.0;0.0;0.0;0.0;0.0;66.0;3.0586;6856.5267;6.3347;472.4908;0.0;1.6602;61.0146;0.0139
166057;0.0;0.0;0.0;0.0;0.0;0.0;153.0;140.526;6739.6029;1.7276;684.5335;0.0;0.0;1.0804;0.0
278026;0.0;0.0;0.0;0.0;0.0;0.0;15.0;75.3311;687.4466;6.3347;209.4663;0.0;0.8301;105.9069;0.0389
352168;0.0;0.0;0.0;0.0;0.0;0.0;4.0;4.9129;75.9675;1.7276;415.848;0.0;0.0;0.0;0.0
293816;0.0;0.0;0.0;0.0;0.0;0.0;68.0;0.0;0.0;0.0;0.0;0.0;0.0;0.0;0.0051
91164;0.0;0.0;0.0;0.0;0.0;0.0;169.0;1718.6908;0.0;1.1518;200.2127;0.0;0.4151;22.4817;0.0233
274625;0.0;0.0;0.0;0.0;0.0;0.0;100.0;0.0;32.3768;0.0;32.0099;0.0;0.0;5.6;0.0
243471;0.0;0.0;0.0;0.0;0.0;0.0;12.0;91.7074;1283.101;5.1829;1164.5427;0.0;0.8301;19.3615;0.0075
335987;0.0;0.0;0.0;0.0;0.0;0.0;29.0;186.4347;2820.5945;9.2141;2686.3277;0.0;1.6602;124.6205;0.0247
100401;0.0;0.0;0.0;0.0;0.0;0.0;21.0;75.3309;1378.6782;0.0;6.8525;0.0;0.0;0.0;0.0078
172696;0.0;0.0;0.0;2.1266;0.0;0.0;31.0;32.2628;0.0;1.1518;622.946;0.0;0.4151;6.7556;0.0066
351222;0.0;0.0;0.0;0.0;0.0;0.0;18.0;226.4918;1403.3525;0.0;4370.8057;0.0;0.0;0.0;0.0071
251658;0.0;0.0;0.0;0.0;0.0;0.0;18.0;57.4073;728.0257;8.6382;1469.3484;0.0;0.8301;40.8438;0.0174
213352;0.0;0.0;0.0;0.0;0.0;0.0;69.0;44.2733;1815.9274;1.1518;25.1006;0.0;0.0;49.0692;0.0
192364;0.0;0.0;0.0;0.0;0.0;0.0;0.0;349.9032;348.1558;0.0;68.4321;0.0;0.0;6.4557;0.0
145076;0.0;0.0;0.0;0.0;0.0;0.0;6.0;5.4237;56.3248;4.6071;696.8188;0.0;2.0753;51.7478;0.0097
335913;0.0;0.0;0.0;0.0;0.0;0.0;32.0;210.4283;3295.3321;19.0041;4818.5653;0.0;1.6602;205.1141;0.0346
207520;0.0;0.0;0.0;1.0633;1.1176;2.2591;0.0;1707.5233;696.7321;28.7941;3821.9882;0.0;0.0;0.0;0.0
135137;0.0;0.0;0.0;0.0;0.0;0.0;46.0;247.2525;2901.5003;6.3347;722.3361;0.0;3.3205;178.0152;0.0223
209530;0.0;0.0;0.0;0.0;0.0;0.0;0.0;312.6611;0.0;6.9106;1760.9748;0.0;1.2452;30.1992;0.0073
387697;0.0;0.0;0.0;0.0;0.0;0.0;7.0;248.2385;5972.8572;1.7276;25.7977;0.0;0.4151;28.0109;0.0149
279298;0.0;0.0;0.0;0.0;0.0;0.0;121.0;79.0577;0.0;0.0;308.6377;0.0;0.0;29.3266;0.0
157744;0.0;0.0;0.0;1.0633;0.0;0.0;46.0;554.5853;3467.7177;0.5759;0.0;0.0;0.0;0.0;0.0092
13274;0.0;0.0;0.0;1.0633;0.0;2.2591;0.0;95.9622;23690.7423;0.0;83.2696;0.0;0.8301;31.595;0.0154
267457;0.0;0.0;0.0;0.0;0.0;0.0;0.0;0.0;912.4532;5.1829;214.2332;0.0;0.4151;14.3283;0.0116
288389;0.0;0.0;0.0;0.0;0.0;0.0;3.0;11.0878;126.644;0.0;1246.1217;0.0;0.0;27.2778;0.0049
227208;0.0;0.0;0.0;0.0;0.0;0.0;29.0;278.8032;3086.2835;7.4865;1043.686;0.0;0.8301;44.08;0.0195
43777;0.0;0.0;0.0;0.0;0.0;0.0;38.0;93.2249;1578.2619;12.6694;1679.6559;0.0;3.3205;218.6059;0.0221
161787;0.0;0.0;0.0;0.0;0.0;0.0;0.0;72.6587;0.0;0.0;0.0;0.0;0.0;0.0;0.0081
331722;0.0;0.0;0.0;1.0633;0.0;0.0;18.0;8.3534;122.3368;0.0;133.1381;0.0;0.8301;79.1133;0.0316
139541;0.0;0.0;0.0;0.0;0.0;0.0;84.0;1893.7617;0.0;1.1518;92.8157;0.0;1.2452;19.8878;0.0078
265873;0.0;0.0;0.0;0.0;0.0;0.0;7.0;5.9045;73.0014;4.6071;0.0;0.0;2.0753;264.668;0.0364
186735;0.0;0.0;0.0;0.0;0.0;0.0;13.0;0.0;1257.8594;1.1518;255.0472;0.0;0.4151;9.1803;0.0079
338405;0.0;0.0;0.0;0.0;0.0;0.0;7.0;40.0394;725.028;3.4553;233.8619;0.0;0.4151;71.031;0.0462
119903;0.0;0.0;0.0;1.0633;0.0;0.0;9.0;408.2481;3216.743;24.187;4146.1422;0.0;2.4904;67.7701;0.0117
176781;0.0;0.0;0.0;0.0;0.0;0.0;15.0;0.0;2134.9859;0.0;0.0;0.0;0.0;0.0;0.0
1242;0.0;0.0;0.0;0.0;0.0;0.0;29.0;1052.5213;7412.0246;56.4364;3797.3121;0.0;1.2452;70.1468;0.0177
134148;0.0;0.0;0.0;0.0;0.0;0.0;24.0;269.3591;24.2173;31.0976;54.7039;0.0;0.4151;20.0702;0.0256
283564;0.0;0.0;0.0;0.0;0.0;0.0;53.0;198.5892;3226.4802;10.3659;2112.6089;0.0;1.6602;196.1019;0.0353
208016;0.0;0.0;0.0;0.0;0.0;0.0;0.0;0.0;12603.7123;0.0;0.0;0.0;0.8301;20.6404;0.0098
123676;0.0;0.0;0.0;1.0633;0.0;0.0;7.0;143.3268;118.2999;7.4865;1268.2944;0.0;1.2452;58.7405;0.0124
79611;0.0;0.0;0.0;0.0;0.0;0.0;108.0;33.0901;625.2979;0.0;0.0;0.0;0.0;0.0;0.0
352960;0.0;0.0;0.0;0.0;0.0;0.0;15.0;7.583;0.0;0.0;115.5566;0.0;0.0;0.0;0.0084
53078;0.0;0.0;0.0;0.0;0.0;0.0;0.0;2051.5888;3495.1338;1.7276;0.0;0.0;0.0;0.0;0.0
252402;0.0;0.0;0.0;0.0;0.0;0.0;0.0;544.422;0.0;5.7588;1556.0173;0.0;0.0;0.0;0.0062
258925;0.0;0.0;0.0;0.0;0.0;0.0;150.0;918.4201;16899.1627;2.8794;79.6364;0.0;0.4151;20.6981;0.0175
270819;0.0;0.0;0.0;1.0633;0.0;0.0;15.0;35.6373;603.5431;29.9458;1839.2092;0.0;1.6602;159.1764;0.0245
392200;0.0;0.0;0.0;0.0;0.0;0.0;6.0;2.9297;59.0227;0.5759;131.7927;0.0;0.4151;30.7761;0.0155
22388;0.0;0.0;0.0;0.0;0.0;0.0;44.0;109.333;5451.3958;8.6382;256.5751;0.0;2.0753;51.8292;0.0123
215867;0.0;0.0;0.0;0.0;0.0;0.0;68.0;37.9921;2568.8445;8.0623;164.39;0.0;0.4151;0.0;0.0
246621;0.0;0.0;0.0;0.0;0.0;0.0;9.0;6.1148;83.8246;9.79;17.1587;0.0;0.8301;90.5055;0.0376
306531;0.0;0.0;0.0;0.0;0.0;0.0;0.0;0.0;142.7913;1.7276;479.5011;0.0;1.2452;17.3795;0.0077
348047;0.0;0.0;0.0;0.0;0.0;0.0;40.0;86.1184;1362.3817;1.1518;234.9836;0.0;1.2452;26.6953;0.006
225825;0.0;0.0;0.0;0.0;0.0;0.0;9.0;22.2808;658.59;9.2141;1168.4684;0.0;3.7355;379.2701;0.0265
342082;0.0;0.0;0.0;0.0;0.0;0.0;109.0;2898.0541;3545.4751;0.0;180.7039;0.0;0.0;0.0;0.0
210549;0.0;0.0;0.0;0.0;0.0;0.0;96.0;165.1521;3168.9305;3.4553;0.0;0.0;1.2452;138.9854;0.0332
227432;0.0;0.0;0.0;0.0;0.0;0.0;12.0;142.1795;660.8124;0.0;1009.8012;0.0;0.0;0.0;0.0084
359818;0.0;0.0;0.0;0.0;0.0;0.0;13.0;53.2561;13422.547;2.3035;21.8616;0.0;0.0;64.2545;0.0
64877;0.0;0.0;0.0;0.0;0.0;0.0;81.0;862.5366;12898.4897;109.4175;19409.6994;0.0;4.9807;364.3316;0.0226
101449;0.0;0.0;0.0;0.0;0.0;0.0;13.0;481.7309;0.0;12.0935;40.2495;0.0;2.0753;53.8246;0.0104
281000;0.0;0.0;0.0;0.0;0.0;0.0;44.0;34.0224;31.6122;0.0;119.3081;0.0;0.0;4.3232;0.0084
217475;0.0;0.0;0.0;0.0;0.0;0.0;0.0;413.6699;0.0;0.0;0.0;0.0;0.0;0.0;0.0042
198311;0.0;0.0;0.0;1.0633;0.0;0.0;9.0;43.1794;470.4935;33.4011;307.6098;0.0;4.5656;114.4746;0.0103
244478;0.0;0.0;0.0;0.0;0.0;0.0;31.0;1030.6225;1122.363;1.1518;41.2203;0.0;0.4151;8.5365;0.0078
112057;0.0;0.0;0.0;0.0;0.0;0.0;66.0;257.9347;3238.7707;19.58;3059.8339;0.0;1.6602;83.6415;0.0181
119590;0.0;0.0;0.0;0.0;0.0;0.0;0.0;431.6465;11455.1693;0.0;1959.7176;0.0;0.0;22.6336;0.0054
207425;0.0;0.0;0.0;0.0;0.0;0.0;3.0;24.0386;352.0694;0.0;194.486;0.0;0.4151;15.1197;0.0136
228282;0.0;0.0;0.0;0.0;0.0;0.0;298.0;211.8479;139.8022;1.7276;14.8617;0.0;1.2452;14.9957;0.005
170939;0.0;0.0;0.0;0.0;0.0;0.0;32.0;40.8356;667.4252;2.3035;415.848;0.0;1.6602;120.2502;0.0255
315401;0.0;0.0;0.0;0.0;0.0;0.0;162.0;0.0;11045.1001;0.0;40.2495;0.0;0.0;48.0766;0.0111
246897;0.0;0.0;0.0;0.0;0.0;0.0;34.0;265.7172;3541.8202;19.0041;2542.4774;0.0;0.8301;59.0376;0.0259
128454;0.0;0.0;0.0;0.0;0.0;0.0;0.0;183.6753;1463.3053;0.0;0.0;0.0;0.0;0.0;0.0066
257919;0.0;0.0;0.0;0.0;0.0;0.0;19.0;127.9847;0.0;0.5759;117.7722;0.0;0.4151;11.3363;0.0095
216225;0.0;0.0;0.0;0.0;0.0;0.0;15.0;44.9673;1006.1471;3.4553;136.2793;0.0;1.2452;197.4998;0.0312
388189;0.0;0.0;0.0;0.0;0.0;0.0;7.0;85.0668;1518.9079;8.6382;639.6152;0.0;0.0;0.0;0.0118
20620;0.0;0.0;0.0;0.0;0.0;0.0;100.0;1066.157;757.3757;2.8794;235.8248;0.0;2.4904;120.4918;0.0203
208697;0.0;0.0;0.0;1.0633;0.0;0.0;83.0;429.4954;7417.7238;24.187;4416.7378;0.0;4.1506;404.992;0.0256
157719;0.0;0.0;0.0;0.0;0.0;0.0;0.0;0.0;13524.7956;0.5759;0.0;0.0;0.0;21.4761;0.0033
391650;0.0;0.0;0.0;0.0;0.0;0.0;47.0;195.7199;2134.9859;0.0;68.542;0.0;0.0;48.8191;0.0
185167;0.0;0.0;0.0;0.0;0.0;0.0;0.0;103.3394;0.0;0.0;83.9623;0.0;0.0;67.1397;0.0
40722;0.0;0.0;0.0;0.0;0.0;0.0;25.0;1030.6225;0.0;5.1829;411.3615;0.0;2.9054;264.9365;0.0339
268695;0.0;0.0;0.0;1.0633;0.0;0.0;19.0;44.5767;794.4163;6.9106;1377.9347;0.0;0.8301;92.0664;0.0389
143782;0.0;0.0;0.0;0.0;0.0;0.0;4.0;12.9809;216.9215;1.7276;425.1016;0.0;0.4151;12.428;0.011
109283;0.0;0.0;0.0;0.0;0.0;0.0;21.0;302.9822;0.0;52.9811;12393.5609;0.0;2.4904;73.4959;0.0121
277539;0.0;0.0;0.0;2.1266;0.0;0.0;46.0;73.0474;771.1291;6.3347;1675.7301;0.0;1.2452;109.8508;0.0285
26798;0.0;0.0;0.0;0.0;0.0;0.0;112.0;459.597;0.0;1.1518;0.0;0.0;4.1506;178.1069;0.0179
325930;0.0;0.0;0.0;0.0;0.0;0.0;3.0;2.1034;26.9318;1.1518;204.6993;0.0;0.4151;33.8866;0.0251
150326;0.0;0.0;0.0;0.0;0.0;0.0;9.0;55.0635;1279.4407;59.3158;10160.0953;0.0;1.6602;69.9537;0.0117
7143;0.0;0.0;0.0;0.0;0.0;0.0;25.0;190.1607;3347.1289;1.7276;419.4934;0.0;4.5656;396.3173;0.0232
389040;0.0;0.0;0.0;0.0;0.0;0.0;0.0;131.8556;904.216;0.0;0.0;0.0;0.0;6.8296;0.004
263640;0.0;0.0;0.0;0.0;0.0;0.0;7.0;1886.0833;7376.6117;14.397;346.5868;0.0;1.6602;291.5733;0.0598
159189;0.0;0.0;0.0;0.0;0.0;0.0;0.0;143.4187;0.0;2.8794;174.0649;0.0;0.4151;4.4624;0.0083
258650;0.0;0.0;0.0;0.0;0.0;0.0;52.0;0.0;38381.1191;1.7276;106.2754;0.0;1.2452;49.6405;0.0133
311090;0.0;0.0;0.0;0.0;0.0;0.0;9.0;0.0;0.0;6.3347;746.7318;0.0;2.4904;114.0055;0.0152
327363;0.0;0.0;0.0;0.0;0.0;0.0;0.0;0.0;1358.1139;0.0;74.2646;0.0;0.0;0.0;0.003
253521;0.0;0.0;0.0;0.0;0.0;0.0;0.0;863.1697;219.5158;0.0;92.8371;0.0;0.0;0.0;0.0052
333259;0.0;0.0;0.0;0.0;0.0;0.0;44.0;124.2197;1898.6822;1.7276;367.6175;0.0;0.8301;61.6884;0.0206
49509;0.0;0.0;0.0;0.0;0.0;0.0;37.0;0.0;891.4245;6.9106;2507.8441;0.0;0.0;0.0;0.0
227740;0.0;0.0;0.0;1.0633;0.0;0.0;18.0;35.8176;627.0512;13.8212;2462.841;0.0;2.0753;278.3226;0.0388
359811;0.0;0.0;0.0;0.0;0.0;0.0;38.0;200.6175;3471.3274;10.3659;2301.0444;0.0;0.8301;125.2044;0.0357
52519;0.0;0.0;0.0;1.0633;0.0;0.0;18.0;918.4201;5449.0446;0.0;64.6907;0.0;0.8301;51.3744;0.0272
300071;0.0;0.0;0.0;0.0;0.0;0.0;37.0;95.2982;1899.0608;1.1518;52.7171;0.0;1.2452;121.141;0.0258
228023;0.0;0.0;0.0;0.0;0.0;0.0;12.0;0.0;0.0;0.0;0.0;0.0;0.0;20.8199;0.0038
359428;0.0;0.0;0.0;0.0;0.0;0.0;7.0;31.13;484.3775;3.4553;715.6063;0.0;0.0;0.0;0.0
156211;0.0;0.0;0.0;0.0;0.0;0.0;0.0;5.3579;27660.8734;0.0;32.7115;0.0;0.0;0.0;0.0
150839;0.0;0.0;0.0;0.0;0.0;0.0;0.0;310.4834;0.0;0.5759;132.9143;0.0;0.8301;51.4239;0.0238
31795;0.0;0.0;0.0;0.0;0.0;0.0;15.0;0.0;7578.3709;0.0;64.4429;0.0;1.2452;112.9534;0.0185
148565;0.0;0.0;0.0;1.0633;0.0;0.0;19.0;34.7194;1303.2469;32.8252;5523.7965;0.0;3.3205;243.843;0.0239
149667;0.0;0.0;0.0;0.0;0.0;0.0;7.0;0.0;0.0;0.0;0.0;0.0;0.0;0.0;0.0095
344574;0.0;0.0;0.0;0.0;0.0;0.0;43.0;234.4219;5141.8074;1.7276;5.8886;0.0;0.8301;98.2104;0.0299
177275;0.0;0.0;0.0;0.0;0.0;0.0;7.0;0.0;17819.3182;0.0;63.8356;0.0;0.0;21.7115;0.0
107457;0.0;0.0;0.0;0.0;0.0;0.0;38.0;82.074;11526.6049;0.0;407.6182;0.0;0.0;0.0;0.0
393855;0.0;0.0;0.0;0.0;0.0;0.0;4.0;6.8059;98.5132;0.5759;63.3727;0.0;0.4151;17.2618;0.0116
237427;0.0;0.0;0.0;1.0633;0.0;0.0;28.0;160.8786;2273.6287;13.8212;3240.9787;0.0;1.6602;135.1003;0.0279
62208;0.0;0.0;0.0;1.0633;0.0;0.0;52.0;149.7908;2170.7452;11.5176;2065.5;0.0;4.5656;408.2133;0.0306
9662;0.0;0.0;0.0;0.0;0.0;0.0;7.0;728.0618;72663.5561;3.4553;0.0;0.0;4.9807;191.971;0.0164
240477;0.0;0.0;0.0;0.0;0.0;0.0;7.0;55.4391;658.3533;5.1829;945.8229;0.0;0.8301;20.606;0.0089
42153;0.0;0.0;0.0;0.0;0.0;0.0;0.0;0.0;0.0;0.0;180.5386;0.0;0.8301;34.3085;0.0154
201357;0.0;0.0;0.0;0.0;0.0;0.0;7.0;37.7132;1288.4936;0.0;0.0;0.0;0.0;8.4662;0.0074
138837;0.0;0.0;0.0;0.0;0.0;0.0;0.0;8.6755;7884.07;0.5759;2.8041;0.0;1.6602;137.6051;0.0283
258756;0.0;0.0;0.0;1.0633;0.0;0.0;21.0;0.0;2217.0362;0.0;157.9592;0.0;0.0;0.0;0.007
166832;0.0;0.0;0.0;0.0;0.0;0.0;19.0;0.0;0.0;8.0623;336.2116;0.0;2.0753;77.4516;0.0152
304603;0.0;0.0;0.0;0.0;0.0;0.0;13.0;222.6011;3154.2177;16.1247;632.8664;0.0;0.0;0.0;0.0
285449;0.0;0.0;0.0;0.0;0.0;0.0;103.0;0.0;568.2764;0.5759;96.461;0.0;0.4151;11.3363;0.0095
78108;0.0;0.0;0.0;0.0;0.0;0.0;62.0;105.0488;54352.3815;0.0;591.3385;0.0;0.4151;30.3935;0.031
19427;0.0;0.0;0.0;0.0;0.0;0.0;52.0;0.0;17700.0688;0.5759;19.6287;0.0;1.2452;83.0699;0.0305
389293;0.0;0.0;0.0;0.0;0.0;0.0;0.0;0.0;6836.6033;0.0;0.5571;0.0;0.4151;4.1569;0.0038
255180;0.0;0.0;0.0;0.0;0.0;0.0;37.0;0.0;1077.9351;0.0;0.0;0.0;0.0;0.0;0.0105
358896;0.0;0.0;0.0;0.0;0.0;0.0;22.0;73.994;1441.126;4.0312;998.2596;0.0;1.2452;154.2978;0.0292
274022;0.0;0.0;0.0;0.0;0.0;0.0;50.0;911.5153;14727.9255;128.9974;13957.4075;0.0;1.6602;358.4028;0.0648
17615;0.0;0.0;0.0;0.0;0.0;0.0;0.0;0.0;5286.0283;1.7276;130.9515;0.0;0.4151;17.5907;0.0185
330098;0.0;0.0;0.0;0.0;0.0;0.0;16.0;43.8705;1071.2125;4.6071;817.3951;0.0;0.8301;134.7227;0.0336
278038;0.0;0.0;0.0;1.0633;0.0;0.0;18.0;86.4339;1032.0849;8.6382;596.4321;0.0;0.4151;35.4874;0.0294
368456;0.0;0.0;0.0;0.0;0.0;0.0;10.0;96.6713;0.0;0.0;0.0;0.0;0.0;0.0;0.005
387218;0.0;0.0;0.0;1.0633;0.0;0.0;12.0;111.2538;1688.0401;46.0705;2149.623;0.0;0.0;0.0;0.0033
20839;0.0;0.0;0.0;1.0633;0.0;0.0;71.0;0.0;288.3891;0.5759;80.4777;0.0;1.2452;102.6888;0.041
336992;0.0;0.0;0.0;0.0;0.0;0.0;24.0;18.5722;120.3314;0.0;59.8717;0.0;0.8301;91.8615;0.0289
65658;0.0;0.0;0.0;1.0633;0.0;0.0;37.0;22.9258;0.0;1.7276;68.9809;0.0;0.0;0.0;0.0
310078;0.0;0.0;0.0;0.0;0.0;0.0;3.0;40.8957;580.1454;3.4553;858.8958;0.0;0.0;6.9517;0.0089
364678;0.0;0.0;0.0;0.0;0.0;0.0;28.0;342.4148;3956.7416;13.2453;0.0;0.0;0.0;11.2174;0.0035
73462;0.0;0.0;0.0;0.0;0.0;0.0;52.0;3.1943;0.0;0.5759;152.2626;0.0;0.4151;29.1192;0.031
321185;0.0;0.0;0.0;1.0633;0.0;0.0;29.0;55.6044;642.576;2.3035;626.7163;0.0;0.8301;58.227;0.0213
176623;0.0;0.0;0.0;0.0;0.0;0.0;35.0;292.5353;3152.4218;16.1247;1864.1656;0.0;1.6602;72.4999;0.0165
361173;0.0;0.0;0.0;0.0;0.0;0.0;0.0;297.3054;0.0;0.0;175.128;0.0;0.0;0.0;0.0
23411;0.0;0.0;0.0;0.0;0.0;0.0;63.0;1487.2534;0.0;0.5759;0.0;0.0;0.0;0.0;0.0036
362941;0.0;0.0;0.0;1.0633;0.0;0.0;24.0;0.0;2845.5009;0.0;527.0145;0.0;0.0;0.0;0.0005
357980;0.0;0.0;0.0;0.0;0.0;0.0;18.0;91.7525;1459.4119;26.4905;2581.7348;0.0;0.8301;31.7889;0.0115
245967;0.0;0.0;0.0;0.0;0.0;0.0;9.0;36.2383;398.1864;0.5759;91.6941;0.0;0.4151;10.8077;0.0091
5891;0.0;0.0;0.0;1.0633;1.1176;16.9429;56.0;91.0371;13792.293;12.6694;212.5508;0.0;3.3205;170.0011;0.0169
178732;0.0;0.0;0.0;0.0;0.0;0.0;38.0;107.2003;33481.5043;0.5759;158.1512;0.0;0.8301;62.9997;0.036
89573;0.0;0.0;0.0;0.0;0.0;0.0;0.0;1071.9975;0.0;17.2764;3330.4295;0.0;4.1506;158.4834;0.0144
170706;0.0;0.0;0.0;0.0;0.0;0.0;0.0;1889.7077;33425.626;0.0;0.0;0.0;0.8301;18.7328;0.0194
381103;0.0;0.0;0.0;0.0;0.0;0.0;16.0;44.6518;768.2734;0.0;268.6971;0.0;0.8301;107.9054;0.033
199752;0.0;0.0;0.0;0.0;0.0;0.0;47.0;0.0;25473.3974;0.0;61.8485;0.0;0.0;0.0;0.0
336503;0.0;0.0;0.0;0.0;0.0;0.0;25.0;109.9768;2068.8083;16.7006;2427.5093;0.0;2.0753;265.3424;0.0418
33746;0.0;0.0;0.0;1.0633;0.0;0.0;15.0;38.4919;901.1021;11.5176;125.9041;0.0;4.1506;252.691;0.0152
59464;0.0;0.0;0.0;0.0;0.0;0.0;68.0;376.8737;47.8891;2.8794;494.6432;0.0;1.2452;43.1278;0.0133
115149;0.0;0.0;0.0;0.0;0.0;0.0;21.0;164.3943;3952.1235;54.7087;5790.186;0.0;2.4904;244.1495;0.0278
343640;0.0;0.0;0.0;0.0;0.0;0.0;40.0;149.2499;2316.9846;12.6694;2689.4123;0.0;0.8301;97.9211;0.0303
397657;0.0;0.0;0.0;0.0;0.0;0.0;6.0;54.6428;702.3718;6.9106;115.5289;0.0;0.4151;5.8308;0.0044
58134;0.0;0.0;0.0;0.0;0.0;0.0;29.0;121.0647;0.0;0.5759;136.5597;0.0;0.0;68.3007;0.0031
145518;0.0;0.0;0.0;0.0;0.0;0.0;6.0;0.3005;2.4139;2.8794;33.4518;0.0;1.2452;28.5647;0.0086
406544;0.0;0.0;0.0;0.0;0.0;0.0;13.0;41.1211;921.9281;0.0;1091.0517;0.0;0.0;0.0;0.0
89982;0.0;0.0;0.0;0.0;0.0;0.0;18.0;0.0;4533.6056;0.0;0.0;0.0;0.0;55.7488;0.0
216558;0.0;0.0;0.0;1.0633;0.0;0.0;53.0;237.0511;2991.5411;9.2141;1861.642;0.0;1.6602;132.2296;0.0264
287929;0.0;0.0;0.0;1.0633;0.0;0.0;44.0;66.9176;703.8391;2.8794;529.1337;0.0;1.2452;109.8508;0.0285
352176;0.0;0.0;0.0;0.0;0.0;0.0;7.0;33.4438;577.3371;2.3035;209.4663;0.0;0.0;25.3987;0.0035
51980;0.0;0.0;0.0;1.0633;1.1176;30.4973;4.0;0.3005;4.5754;0.0;897.1079;0.0;3.7355;235.5981;0.0191
297695;0.0;0.0;0.0;0.0;0.0;0.0;6.0;4.5673;56.5772;0.5759;93.6569;0.0;0.0;0.0;0.0059
251125;0.0;0.0;0.0;0.0;0.0;0.0;18.0;45.2527;477.6564;4.6071;453.7034;0.0;0.4151;20.1936;0.0185
316720;0.0;0.0;0.0;0.0;0.0;0.0;105.0;481.7309;0.0;1.1518;480.8123;0.0;0.0;0.0;0.0
372607;0.0;0.0;0.0;0.0;0.0;0.0;21.0;52.9451;1082.4617;5.7588;1186.4147;0.0;0.0;27.6371;0.0
173147;0.0;0.0;0.0;1.0633;0.0;0.0;77.0;611.2657;32.3768;42.6152;1032.1892;0.0;1.6602;200.4881;0.0493
195738;0.0;0.0;0.0;0.0;0.0;0.0;65.0;326.2194;4914.4098;25.9147;6268.285;0.0;3.7355;216.9985;0.0182
88950;0.0;0.0;0.0;0.0;0.0;0.0;49.0;101.6684;1501.7422;22.4594;1653.8581;0.0;4.9807;218.2078;0.0141
296112;0.0;0.0;0.0;0.0;0.0;0.0;18.0;2961.1627;9330.4049;2.8794;30.8451;0.0;0.4151;47.0844;0.0294
5563;0.0;0.0;0.0;0.0;0.0;0.0;37.0;0.0;0.0;8.0623;433.6442;0.0;0.0;22.6336;0.0034
345747;0.0;0.0;0.0;0.0;0.0;0.0;22.0;128.4866;2830.0924;0.0;312.1628;0.0;0.8301;83.8442;0.0227
123253;0.0;0.0;0.0;0.0;0.0;0.0;7.0;1195.3142;0.0;0.0;83.2696;0.0;0.4151;21.907;0.0233
336699;0.0;0.0;0.0;0.0;0.0;0.0;35.0;104.0873;1561.4907;3.4553;711.4002;0.0;0.8301;85.2298;0.0316
234796;0.0;0.0;0.0;0.0;0.0;0.0;7.0;3.2624;97.3513;0.0;0.0;0.0;0.0;0.0;0.0055
228929;0.0;0.0;0.0;0.0;0.0;0.0;7.0;0.0;0.0;0.0;105.0747;0.0;0.0;6.1562;0.0061
7370;0.0;0.0;0.0;0.0;0.0;0.0;100.0;0.0;13449.9118;1.1518;30.2843;0.0;1.2452;130.6867;0.0418
279607;0.0;0.0;0.0;0.0;0.0;0.0;0.0;934.5574;86.7406;1.7276;0.0;0.0;0.0;12.7869;0.0
239028;0.0;0.0;0.0;0.0;0.0;0.0;10.0;160.4139;3074.0825;2.8794;0.0;0.0;0.0;0.0;0.0
81890;0.0;0.0;0.0;1.0633;0.0;0.0;13.0;95.7039;830.5463;6.9106;1647.9695;0.0;1.6602;81.3044;0.0164
122395;0.0;0.0;0.0;0.0;0.0;0.0;0.0;45.8795;0.0;0.0;347.2045;0.0;0.0;0.0;0.0
396959;0.0;0.0;0.0;0.0;0.0;0.0;7.0;22.2508;421.2369;26.4905;606.5268;0.0;0.8301;147.4041;0.0469
385358;0.0;0.0;0.0;0.0;0.0;0.0;9.0;5.7843;82.2626;0.0;200.4651;0.0;0.4151;21.7344;0.0161
402735;0.0;0.0;0.0;0.0;0.0;0.0;6.0;179.5987;3778.8103;51.2534;1552.3497;0.0;0.0;55.9804;0.01
218157;0.0;0.0;0.0;1.0633;0.0;0.0;24.0;0.0;3958.4826;0.0;0.0;0.0;0.4151;8.5365;0.0078
366703;0.0;0.0;0.0;0.0;0.0;0.0;12.0;21.785;430.7348;1.7276;40.0986;0.0;0.4151;23.0821;0.0116
108144;0.0;0.0;0.0;0.0;0.0;0.0;35.0;1368.62;19256.1958;0.0;0.0;0.0;0.4151;29.1192;0.031
19433;0.0;0.0;0.0;0.0;0.0;0.0;0.0;0.0;2145.8941;0.0;0.0;0.0;0.0;0.0;0.0
135085;0.0;0.0;0.0;0.0;0.0;0.0;0.0;286.9202;29093.2284;22.4594;1101.6333;0.0;0.0;11.4993;0.0046
148796;0.0;0.0;0.0;0.0;0.0;0.0;0.0;0.0;9704.9529;0.0;0.0;0.0;0.0;12.5683;0.004
145511;0.0;0.0;0.0;1.0633;0.0;0.0;34.0;0.0;24.2173;0.0;0.0;0.0;0.0;0.0;0.0055
174982;0.0;0.0;0.0;0.0;0.0;0.0;108.0;1487.7017;6459.3706;1.1518;101.3204;0.0;0.4151;6.7556;0.0066
247336;0.0;0.0;0.0;0.0;0.0;0.0;52.0;142.1795;0.0;0.0;0.0;0.0;0.0;18.4099;0.0
31434;0.0;0.0;0.0;0.0;0.0;0.0;44.0;91.0831;2611.7927;0.5759;213.6724;0.0;0.8301;72.3202;0.0319
349613;0.0;0.0;0.0;0.0;0.0;0.0;136.0;425.1413;0.0;0.5759;123.9412;0.0;0.4151;25.1529;0.018
36527;0.0;0.0;0.0;1.0633;0.0;0.0;7.0;37.2982;34756.9564;6.3347;1362.5122;0.0;2.4904;113.6598;0.013
401598;1.0;0.0;0.0;0.0;0.0;0.0;38.0;56.7166;6080.3643;0.0;612.4725;0.0;0.0;0.0;0.0
179689;0.0;0.0;0.0;0.0;0.0;0.0;41.0;0.0;34.5672;0.5759;58.0162;0.0;0.0;0.0;0.0
275819;0.0;0.0;0.0;0.0;0.0;0.0;0.0;2.4573;0.0;1.1518;562.5358;0.0;0.0;0.0;0.0133
315068;0.0;0.0;0.0;0.0;0.0;0.0;96.0;165.2724;3803.0363;6.9106;0.0;0.0;0.0;0.0;0.0009
260089;0.0;0.0;0.0;1.0633;0.0;0.0;16.0;23.2724;273.4829;1.7276;88.3291;0.0;0.8301;43.788;0.0195
358721;0.0;0.0;0.0;0.0;0.0;0.0;32.0;171.5608;3120.9935;39.1599;3028.9888;0.0;0.8301;221.8384;0.0667
194597;0.0;0.0;0.0;0.0;0.0;0.0;72.0;574.9142;10201.4311;38.0082;9466.6414;0.0;3.7355;468.83;0.0328
77635;0.0;0.0;0.0;0.0;0.0;0.0;21.0;248.3077;118.2999;2.3035;564.1849;0.0;1.6602;57.9539;0.015
83979;0.0;0.0;0.0;0.0;0.0;0.0;53.0;188.8836;2271.1201;14.9729;2240.4759;0.0;1.6602;271.0427;0.0462
165652;0.0;0.0;0.0;0.0;0.0;0.0;3.0;4.8378;48.2626;2.3035;585.2157;0.0;0.8301;17.505;0.0086
303965;0.0;0.0;0.0;0.0;0.0;0.0;25.0;90.5956;2498.707;4.6071;1170.7117;0.0;1.2452;176.2488;0.028
281038;0.0;0.0;0.0;0.0;0.0;0.0;16.0;43.9607;648.3032;4.6071;736.3566;0.0;0.4151;35.9004;0.0294
332460;0.0;0.0;0.0;0.0;0.0;0.0;3.0;0.4057;4.4807;2.8794;559.3625;0.0;0.4151;59.1936;0.0484
52076;0.0;0.0;0.0;0.0;0.0;0.0;53.0;29.1619;736.498;4.6071;776.7357;0.0;3.7355;273.1219;0.0191
395096;0.0;0.0;0.0;0.0;0.0;0.0;0.0;13.8168;63.2226;0.5759;9.8143;0.0;0.0;0.0;0.0096
150947;0.0;0.0;0.0;0.0;0.0;0.0;43.0;67.987;0.0;0.5759;93.9373;0.0;0.8301;121.3324;0.0653
290220;0.0;0.0;0.0;0.0;0.0;0.0;44.0;129.5683;2279.9869;15.5488;3545.504;0.0;1.6602;118.1721;0.0232
187862;0.0;0.0;0.0;0.0;0.0;0.0;0.0;298.5068;12542.4325;0.0;0.0;0.0;0.0;76.2387;0.0041
144544;0.0;0.0;0.0;0.0;0.0;0.0;0.0;0.0;18996.3986;0.0;31.8922;0.0;0.0;5.7491;0.0084
86518;0.0;0.0;0.0;0.0;0.0;0.0;34.0;9.3717;0.0;0.0;0.0;0.0;0.0;23.6807;0.0057
359654;0.0;0.0;0.0;0.0;0.0;0.0;55.0;318.5792;1622.6828;1.1518;1009.0848;0.0;0.0;0.0;0.0029
153748;0.0;0.0;0.0;0.0;0.0;0.0;140.0;0.0;764.2188;1.7276;28.3214;0.0;0.0;0.0;0.0
137627;0.0;0.0;0.0;0.0;0.0;0.0;0.0;8.8898;9903.8144;3.4553;444.1694;0.0;1.6602;71.5658;0.0142
225746;0.0;0.0;0.0;1.0633;0.0;0.0;12.0;0.0;3384.8114;97.324;2677.635;0.0;0.8301;71.7265;0.0186
102829;0.0;0.0;0.0;0.0;0.0;0.0;44.0;381.8994;0.0;0.0;88.9758;0.0;0.4151;0.0;0.0
141755;0.0;0.0;0.0;0.0;0.0;0.0;81.0;0.0;3.4485;2.3035;138.8071;0.0;0.0;6.1153;0.0
222035;0.0;0.0;0.0;0.0;0.0;0.0;7.0;27.6216;6336.119;1.7276;0.0;0.0;0.0;85.5041;0.0044
48349;0.0;0.0;0.0;0.0;0.0;0.0;0.0;248.8886;1228.4249;0.5759;73.7478;0.0;0.8301;47.865;0.026
47133;0.0;0.0;0.0;0.0;0.0;0.0;87.0;284.4523;4343.1154;50.1017;8028.4186;0.0;4.1506;300.8556;0.0205
89190;0.0;0.0;0.0;1.0633;0.0;0.0;0.0;0.0;3831.8688;6.3347;174.9758;0.0;0.0;0.0;0.0
200610;0.0;0.0;0.0;0.0;0.0;0.0;0.0;32.6929;1736.0745;8.6382;87.717;0.0;0.0;0.0;0.0
259244;0.0;0.0;0.0;0.0;0.0;0.0;9.0;60.0215;890.5472;43.1911;1553.7518;0.0;2.0753;192.6324;0.0298
54842;0.0;0.0;0.0;1.0633;0.0;0.0;12.0;17.5332;225.6621;14.397;2393.0189;0.0;2.0753;88.2461;0.0151
284569;0.0;0.0;0.0;0.0;0.0;0.0;15.0;24.1889;527.5756;2.3035;259.3792;0.0;1.2452;137.0538;0.0317
98282;0.0;0.0;0.0;0.0;0.0;0.0;15.0;1130.848;1858.6393;0.0;0.0;0.0;0.4151;2.3028;0.0023
350217;0.0;0.0;0.0;0.0;0.0;0.0;18.0;1233.2012;462.8434;0.0;30.7145;0.0;0.4151;39.7524;0.0332
331624;0.0;0.0;0.0;0.0;0.0;0.0;37.0;107.4828;1750.376;6.3347;1246.9832;0.0;1.2452;130.1093;0.0363
294897;0.0;0.0;0.0;1.0633;0.0;0.0;24.0;0.0;0.0;0.0;54.7999;0.0;0.0;0.0;0.0
191425;0.0;0.0;0.0;0.0;0.0;0.0;41.0;279.7497;2879.0966;8.0623;1421.3983;0.0;2.4904;63.3364;0.01
262420;0.0;0.0;0.0;0.0;0.0;0.0;0.0;0.0;11987.0648;0.0;0.0;0.0;0.0;0.0;0.0069
166608;0.0;0.0;0.0;0.0;0.0;0.0;56.0;1303.8243;0.0;0.0;0.0;0.0;0.0;0.0;0.0004
185243;0.0;0.0;0.0;0.0;0.0;0.0;27.0;0.0;0.0;0.0;150.714;0.0;0.4151;21.2339;0.0155
53206;0.0;0.0;0.0;0.0;0.0;0.0;22.0;12.44;180.9809;7.4865;1430.091;0.0;3.3205;208.8277;0.0222
33468;0.0;0.0;0.0;0.0;0.0;0.0;12.0;0.0;5095.2496;0.5759;155.0667;0.0;4.5656;323.3476;0.0207
316169;0.0;0.0;0.0;0.0;0.0;0.0;7.0;15.1293;206.3034;2.3035;496.0453;0.0;0.4151;70.5755;0.0484
373303;0.0;0.0;0.0;0.0;0.0;0.0;7.0;38.1914;655.1821;24.187;931.8024;0.0;0.8301;90.2011;0.0293
351601;0.0;0.0;0.0;0.0;0.0;0.0;38.0;0.0;0.0;0.5759;139.1803;0.0;0.4151;0.0;0.0049
166930;0.0;0.0;0.0;0.0;0.0;0.0;49.0;33.6198;6924.257;0.5759;3.9257;0.0;0.8301;57.5677;0.0275
354725;0.0;0.0;0.0;0.0;0.0;0.0;21.0;56.2504;1071.2756;4.6071;869.271;0.0;0.8301;73.8645;0.0224
212327;0.0;0.0;0.0;0.0;0.0;0.0;18.0;2.1716;3035.2023;1.1518;232.4599;0.0;0.4151;22.2365;0.0197
178293;0.0;0.0;0.0;0.0;0.0;0.0;41.0;89.6792;1369.939;4.6071;649.71;0.0;1.6602;180.0147;0.0313
137444;0.0;0.0;0.0;0.0;0.0;0.0;18.0;122.1313;3064.2427;33.4011;3684.0265;0.0;7.056;687.3987;0.0244
112642;0.0;0.0;0.0;0.0;0.0;0.0;112.0;39.4977;19984.1537;11.5176;0.0;0.0;0.0;0.0;0.0069
87225;0.0;0.0;0.0;0.0;0.0;0.0;13.0;15.3397;293.662;0.0;0.0;0.0;0.4151;77.2816;0.0371
181195;0.0;0.0;0.0;0.0;0.0;0.0;3.0;0.0751;0.8046;1.7276;399.5842;0.0;0.4151;22.4075;0.0197
121736;0.0;0.0;0.0;1.0633;0.0;0.0;0.0;0.0;0.0;0.0;296.3051;0.0;0.4151;28.5223;0.031
378609;0.0;0.0;0.0;0.0;0.0;0.0;35.0;312.6611;3356.3102;0.0;54.6949;0.0;0.0;7.9177;0.0132
79916;0.0;0.0;0.0;0.0;0.0;0.0;57.0;0.0;0.0;1.7276;137.4566;0.0;0.0;84.847;0.0044
150854;0.0;0.0;0.0;1.0633;0.0;0.0;0.0;2051.5888;2167.4086;4.6071;194.486;0.0;0.0;4.3374;0.0071
117587;0.0;0.0;0.0;0.0;0.0;0.0;0.0;1096.4344;1501.0683;0.0;581.1166;0.0;0.4151;9.9712;0.0251
253213;0.0;0.0;0.0;0.0;0.0;0.0;183.0;47.7217;5451.3549;2.3035;551.5665;0.0;0.4151;10.8517;0.0091
246922;0.0;0.0;0.0;0.0;0.0;0.0;6.0;12.2898;221.7335;9.2141;1628.3408;0.0;1.6602;212.4699;0.0326
394689;0.0;0.0;0.0;0.0;0.0;0.0;119.0;682.6831;22550.2633;0.0;0.0;0.0;0.0;0.0;0.0
112630;0.0;0.0;0.0;0.0;0.0;0.0;12.0;61.9956;225.8029;2.3035;489.8763;0.0;1.2452;56.6205;0.0176
27220;0.0;0.0;0.0;0.0;0.0;0.0;6.0;318.4078;30926.6343;0.5759;8.1319;0.0;0.8301;33.2058;0.0181
303635;0.0;0.0;0.0;0.0;0.0;0.0;29.0;1005.8798;4294.3758;1.7276;266.6699;0.0;0.0;0.0;0.0072
203905;0.0;0.0;0.0;0.0;0.0;0.0;38.0;809.4715;26425.7139;3.4553;32.0681;0.0;0.0;7.7519;0.008
413585;0.0;0.0;0.0;0.0;0.0;0.0;165.0;16.1019;4279.6832;0.0;182.1589;0.0;0.0;0.0;0.0062
348527;0.0;0.0;0.0;0.0;0.0;0.0;0.0;110.0392;78.3041;32.8252;1584.0361;0.0;0.0;3.327;0.0069
183454;0.0;0.0;0.0;1.0633;0.0;0.0;43.0;299.4915;3879.1063;17.2764;2617.0665;0.0;2.0753;163.78;0.0281
293921;0.0;0.0;0.0;0.0;0.0;0.0;32.0;1116.607;0.0;0.0;0.0;0.0;0.4151;33.2652;0.0294
88656;0.0;0.0;0.0;1.0633;0.0;0.0;15.0;79.0871;988.7763;8.6382;1868.9326;0.0;1.2452;90.5059;0.0299
276379;0.0;0.0;0.0;1.0633;0.0;0.0;9.0;95.7039;1146.7067;14.397;3032.0733;0.0;0.8301;72.3302;0.0307
197451;0.0;0.0;0.0;0.0;0.0;0.0;46.0;969.3286;4085.1653;0.0;0.0;0.0;0.0;6.6953;0.0
75252;0.0;0.0;0.0;0.0;0.0;0.0;24.0;15.6401;245.2259;2.3035;506.4205;0.0;4.1506;337.7192;0.0249
29155;0.0;0.0;0.0;1.0633;1.1176;7.9067;121.0;63.8126;3697.1606;6.3347;0.0;0.0;1.6602;92.0252;0.0135
87026;0.0;0.0;0.0;0.0;0.0;0.0;0.0;343.3528;336.1695;0.0;1091.0517;0.0;0.0;76.6489;0.0
161865;0.0;0.0;0.0;0.0;0.0;0.0;40.0;0.0;1014.8099;0.0;0.0522;0.0;0.0;0.0;0.0
130099;0.0;0.0;0.0;0.0;0.0;0.0;124.0;160.4139;0.0;0.0;0.0;0.0;1.2452;191.8288;0.0679
355751;0.0;0.0;0.0;0.0;0.0;0.0;13.0;79.9135;1251.8621;10.9417;1818.1784;0.0;0.8301;43.3153;0.0137
46314;0.0;0.0;0.0;0.0;0.0;0.0;35.0;492.0296;8549.5064;0.0;0.0;0.0;0.4151;31.7608;0.031
340305;0.0;0.0;0.0;0.0;0.0;0.0;44.0;296.4115;6405.3762;1.7276;20.1895;0.0;0.8301;98.2104;0.0299
114083;0.0;0.0;0.0;0.0;0.0;0.0;93.0;914.3849;2410.063;5.1829;86.9271;0.0;2.4904;318.8366;0.0368
151798;0.0;0.0;0.0;1.0633;0.0;0.0;0.0;15.4912;1378.6782;0.5759;140.4854;0.0;1.2452;53.9348;0.0148
298934;0.0;0.0;0.0;0.0;0.0;0.0;3.0;5.6641;76.8983;0.5759;0.8412;0.0;0.8301;78.8983;0.0312
228228;0.0;0.0;0.0;0.0;0.0;0.0;52.0;115.891;5353.666;8.6382;80.5013;0.0;0.8301;1.586;0.0016
319005;0.0;0.0;0.0;1.0633;0.0;0.0;3.0;6.2651;80.2116;2.8794;386.9658;0.0;0.8301;68.9517;0.024
226046;0.0;0.0;0.0;0.0;0.0;0.0;46.0;213.5533;6023.5035;1.1518;270.5956;0.0;0.8301;137.492;0.0284
369364;0.0;0.0;0.0;0.0;0.0;0.0;0.0;0.0;0.0;0.0;0.0;0.0;0.4151;10.588;0.0
89472;0.0;0.0;0.0;1.0633;0.0;0.0;53.0;121.2479;3565.8191;0.5759;65.0551;0.0;0.0;0.0;0.004
203794;0.0;0.0;0.0;0.0;0.0;0.0;7.0;61.9956;8125.6651;4.6071;994.0534;0.0;1.2452;69.4099;0.0195
359262;0.0;0.0;0.0;0.0;0.0;0.0;12.0;19.5164;416.3775;1.1518;8.1319;0.0;0.0;0.0;0.0067
115645;0.0;0.0;0.0;0.0;0.0;0.0;150.0;124.5126;3319.3589;0.5759;141.3266;0.0;0.0;18.4684;0.0
64350;0.0;0.0;0.0;0.0;0.0;0.0;7.0;29.3081;19861.8063;4.0312;769.1646;0.0;0.8301;35.7527;0.0173
358135;0.0;0.0;0.0;0.0;0.0;0.0;0.0;20.2147;0.0;0.0;0.0;0.0;0.4151;68.0702;0.1338
143371;0.0;0.0;0.0;0.0;0.0;0.0;10.0;388.2284;4908.2016;0.0;154.2338;0.0;0.8301;19.2033;0.0094
278996;0.0;0.0;0.0;0.0;0.0;0.0;18.0;0.0;0.0;1.1518;246.2;0.0;0.0;7.0313;0.0
179303;0.0;0.0;0.0;0.0;0.0;0.0;75.0;328.8487;6385.4495;22.4594;4776.2234;0.0;3.3205;329.5084;0.0284
336327;0.0;0.0;0.0;0.0;0.0;0.0;22.0;102.9605;1824.1978;8.0623;1871.1759;0.0;0.8301;92.039;0.0312
207379;0.0;0.0;0.0;0.0;0.0;0.0;34.0;248.7399;3407.2718;10.9417;2089.8957;0.0;0.8301;32.5123;0.0143
225422;0.0;0.0;0.0;0.0;0.0;0.0;47.0;56.6185;0.0;0.0;0.0;0.0;0.0;71.449;0.0
252021;0.0;0.0;0.0;0.0;0.0;0.0;0.0;959.3345;2067.3021;0.0;58.396;0.0;0.0;21.9465;0.0
96819;0.0;0.0;0.0;1.0633;1.1176;105.0462;0.0;105.6331;20074.1729;3.4553;710.8393;0.0;1.6602;69.5849;0.0146
182379;0.0;0.0;0.0;0.0;0.0;0.0;65.0;67.5863;309.7855;0.0;175.7294;0.0;0.0;0.0;0.0
213501;0.0;0.0;0.0;0.0;0.0;0.0;44.0;400.0331;5945.1221;70.8334;3573.8254;0.0;1.6602;169.6254;0.0307
422495;0.0;0.0;0.0;1.0633;0.0;0.0;0.0;48.8018;0.0;0.0;5.0279;0.0;0.0;9.1815;0.006
278961;0.0;0.0;0.0;0.0;0.0;0.0;43.0;149.2842;610.7294;0.0;0.0;0.0;0.0;31.0537;0.0
1943;0.0;0.0;111717.5669;0.0;0.0;0.0;18.0;0.0;3831.8688;0.0;0.0;0.0;1.2452;60.0452;0.0194
202557;0.0;0.0;0.0;0.0;0.0;0.0;32.0;130.004;2008.4919;8.0623;2000.1645;0.0;2.0753;115.5197;0.0181
38590;0.0;0.0;0.0;0.0;0.0;0.0;7.0;420.8958;1682.9049;1.1518;145.8132;0.0;0.8301;61.2139;0.0232
155694;0.0;0.0;0.0;0.0;0.0;0.0;21.0;16.9322;271.8579;2.8794;618.5844;0.0;2.4904;110.0728;0.0144
163057;0.0;0.0;0.0;0.0;0.0;0.0;15.0;0.0;1010.7493;0.5759;124.7824;0.0;0.4151;8.5764;0.0081
96548;0.0;0.0;0.0;0.0;0.0;0.0;7.0;160.1432;0.0;0.0;0.1059;0.0;0.0;0.0;0.01
95788;0.0;0.0;0.0;0.0;0.0;0.0;0.0;195.7199;7014.2094;0.0;35.7581;0.0;0.0;7.2099;0.0058
153523;0.0;0.0;0.0;0.0;0.0;0.0;19.0;31.9113;414.8787;12.0935;2737.6428;0.0;2.9054;211.6473;0.0402
118331;0.0;0.0;0.0;0.0;0.0;0.0;35.0;127.9847;0.0;0.5759;158.9925;0.0;2.4904;168.1768;0.0249
392183;0.0;0.0;0.0;0.0;0.0;0.0;6.0;97.8824;1496.3464;73.7128;2690.2535;0.0;0.0;37.2551;0.0065
81612;0.0;0.0;0.0;0.0;0.0;0.0;6.0;5.7693;62.9355;2.3035;503.8968;0.0;1.6602;90.5621;0.0139
355174;0.0;0.0;0.0;0.0;0.0;0.0;171.0;1716.4821;0.0;0.0;24.2923;0.0;0.0;0.0;0.0
387556;0.0;0.0;0.0;0.0;0.0;0.0;12.0;0.0;5307.9624;0.0;1431.323;0.0;0.4151;10.4816;0.0129
50038;0.0;0.0;0.0;0.0;0.0;0.0;7.0;1186.5527;0.0;1.1518;0.0;0.0;1.2452;52.2599;0.0155
93353;0.0;0.0;0.0;0.0;0.0;0.0;112.0;45.7431;6678.3692;0.0;17.8302;0.0;0.4151;23.6302;0.0233
125377;0.0;0.0;0.0;1.0633;0.0;0.0;75.0;65.2535;0.0;12.0935;1858.8379;0.0;3.7355;201.771;0.0202
289118;0.0;0.0;0.0;0.0;0.0;0.0;0.0;259.7;2157.6022;0.0;0.0;0.0;0.0;17.2353;0.0026
54473;0.0;0.0;0.0;0.0;0.0;0.0;94.0;760.5226;11614.726;32.2494;7582.5667;0.0;3.7355;257.1062;0.0197
220664;0.0;0.0;0.0;0.0;0.0;0.0;3.0;0.4808;4.5912;21.3076;0.0;0.0;0.4151;9.0345;0.0099
333180;0.0;0.0;0.0;0.0;0.0;0.0;3.0;1.6527;19.8951;0.0;4.054;0.0;0.0;0.0;0.0
196320;0.0;0.0;0.0;1.0633;0.0;0.0;174.0;914.3849;3702.0026;0.0;96.1283;0.0;2.4904;154.0691;0.0164
178488;0.0;0.0;0.0;0.0;0.0;0.0;0.0;0.0;857.2812;0.0;125.8872;0.0;0.0;0.0;0.0
128130;0.0;0.0;0.0;0.0;0.0;0.0;22.0;112.7849;314.6143;0.0;0.0;0.0;0.8301;24.3374;0.0121
151280;0.0;0.0;0.0;1.0633;0.0;0.0;19.0;314.8819;20795.0535;2.8794;179.7428;0.0;0.8301;47.881;0.0225
377402;0.0;0.0;0.0;1.0633;0.0;0.0;3.0;0.4057;8.6933;0.5759;211.1765;0.0;0.8301;96.4587;0.0281
376702;0.0;0.0;0.0;0.0;0.0;0.0;4.0;12.2447;195.6064;0.0;44.1724;0.0;0.0;0.0;0.0057
132908;0.0;0.0;0.0;0.0;0.0;0.0;7.0;36.1481;592.5306;14.9729;1022.0944;0.0;2.9054;179.0085;0.018
120478;0.0;0.0;0.0;0.0;0.0;0.0;37.0;0.0;0.0;4.0312;338.7216;0.0;0.8301;22.337;0.0133
59761;0.0;0.0;0.0;0.0;0.0;0.0;63.0;293.0912;3728.1022;19.0041;3490.824;0.0;4.5656;278.6936;0.0203
284153;0.0;0.0;0.0;0.0;0.0;0.0;9.0;18.2543;217.8523;0.0;416.7088;0.0;0.8301;75.3389;0.0302
105234;0.0;0.0;0.0;0.0;0.0;0.0;94.0;150.9178;19631.3673;3.4553;603.1619;0.0;1.6602;60.8716;0.0149
363098;0.0;0.0;0.0;0.0;0.0;0.0;40.0;0.2133;0.0;0.0;0.6786;0.0;0.0;25.7013;0.0045
191904;0.0;0.0;0.0;0.0;0.0;0.0;19.0;544.422;0.0;0.0;1302.9121;0.0;0.8301;19.229;0.0096
410895;0.0;0.0;0.0;0.0;0.0;0.0;24.0;797.4184;0.0;1.1518;0.0;0.0;0.0;0.0;0.0
187343;0.0;0.0;0.0;0.0;0.0;0.0;49.0;13.8624;886.6824;0.0;839.7295;0.0;0.0;17.3457;0.0
250534;0.0;0.0;0.0;0.0;0.0;0.0;12.0;19.5614;242.0704;0.5759;132.6339;0.0;0.4151;9.4209;0.008
167445;0.0;0.0;0.0;0.0;0.0;0.0;0.0;633.8731;26769.6494;0.0;25.8229;0.0;1.6602;174.4839;0.04
303030;0.0;0.0;0.0;0.0;0.0;0.0;12.0;23.1071;320.0574;2.3035;43.4635;0.0;1.2452;106.1688;0.0266
228318;0.0;0.0;0.0;0.0;0.0;0.0;46.0;0.0;0.0;4.0312;664.2913;0.0;1.2452;105.8749;0.0345
218249;0.0;0.0;0.0;0.0;0.0;0.0;9.0;10.7465;1444.6889;0.5759;155.2334;0.0;0.0;96.3981;0.0057
392014;0.0;0.0;0.0;0.0;0.0;0.0;7.0;2288.3977;0.0;0.0;0.0;0.0;0.0;6.3815;0.0
225089;0.0;0.0;0.0;0.0;0.0;0.0;40.0;255.507;7706.4248;4.0312;187.0335;0.0;0.4151;8.5365;0.0078
196556;0.0;0.0;0.0;1.0633;0.0;0.0;32.0;581.5399;12326.7693;168.1574;11704.3132;0.0;2.4904;251.5611;0.0225
294495;0.0;0.0;0.0;0.0;0.0;0.0;3.0;0.03;0.2682;1.7276;0.6786;0.0;0.4151;17.8015;0.0395
97127;0.0;0.0;0.0;0.0;0.0;0.0;130.0;462.8434;1087.7819;0.0;363.3253;0.0;0.4151;2.3028;0.0023
193160;0.0;0.0;0.0;0.0;0.0;0.0;4.0;8.714;204.347;1.1518;134.036;0.0;3.3205;452.9001;0.0416
284858;0.0;0.0;0.0;0.0;0.0;0.0;21.0;90.2952;6652.8634;0.0;129.4252;0.0;0.0;0.0;0.0044
222273;0.0;0.0;0.0;0.0;0.0;0.0;47.0;105.5118;978.5356;7.4865;1709.4859;0.0;0.0;7.7378;0.0043
138045;0.0;0.0;0.0;1.0633;0.0;0.0;34.0;110.8332;2129.9452;11.5176;2397.5055;0.0;3.3205;281.8883;0.023
327562;0.0;0.0;0.0;0.0;0.0;0.0;25.0;284.6927;5817.9574;119.7833;4200.5417;0.0;1.2452;119.7361;0.0207
328210;0.0;0.0;0.0;0.0;0.0;0.0;43.0;0.0;246.6017;2.8794;0.0;0.0;0.4151;0.0;0.0
274198;0.0;0.0;0.0;0.0;0.0;0.0;50.0;297.1327;4548.1724;21.8835;3496.1518;0.0;1.6602;144.6277;0.0255
83466;0.0;0.0;0.0;0.0;0.0;0.0;15.0;68.1646;672.6633;12.0935;106.8362;0.0;0.0;24.4612;0.0
275085;0.0;0.0;0.0;0.0;0.0;0.0;13.0;0.0;0.0;31.6735;286.5698;0.0;0.0;0.3749;0.0
187371;0.0;0.0;0.0;0.0;0.0;0.0;103.0;0.0;1094.809;24.7629;1888.0005;0.0;0.8301;23.3426;0.0102
156125;0.0;0.0;0.0;0.0;0.0;0.0;22.0;73.5432;789.7147;2.3035;343.5022;0.0;2.4904;77.6943;0.0138
6528;0.0;0.0;0.0;0.0;0.0;0.0;0.0;0.0;0.0;0.5759;45.9872;0.0;0.0;12.6078;0.0057
25088;0.0;0.0;0.0;1.0633;0.0;0.0;27.0;16.4364;192.2616;1.7276;161.7966;0.0;3.7355;131.3943;0.0141
336726;0.0;0.0;0.0;0.0;0.0;0.0;0.0;2485.7088;3267.6609;0.0;29.9366;0.0;0.4151;23.0163;0.0411
16584;0.0;0.0;0.0;0.0;0.0;0.0;15.0;682.6831;5314.75;2.8794;0.0;0.0;0.4151;28.2919;0.0349
412589;0.0;0.0;0.0;0.0;0.0;0.0;4.0;3.1851;44.1132;0.5759;1.1216;0.0;0.0;8.3523;0.01
380356;0.0;0.0;0.0;0.0;0.0;0.0;0.0;100.5884;6967.139;0.0;394.8369;0.0;0.0;14.661;0.0056
121115;0.0;0.0;0.0;0.0;0.0;0.0;34.0;120.9444;2407.1673;24.7629;4797.2542;0.0;2.4904;177.1163;0.0197
373022;0.0;0.0;0.0;0.0;0.0;0.0;7.0;758.7191;2357.0561;0.0;265.8057;0.0;0.0;0.0;0.0
3567;0.0;0.0;0.0;0.0;0.0;0.0;9.0;39.814;1025.1271;34.5529;4266.1577;0.0;4.1506;277.416;0.0167
392517;0.0;0.0;0.0;0.0;0.0;0.0;38.0;82.7343;0.0;0.0;25.847;0.0;0.0;0.0;0.0
330980;0.0;0.0;0.0;1.0633;0.0;0.0;3.0;15.5049;202.7377;0.5759;35.6121;0.0;0.8301;86.9304;0.0345
324966;0.0;0.0;0.0;0.0;0.0;0.0;13.0;37.4853;488.0536;1.7276;257.9772;0.0;1.2452;127.1312;0.0356
136569;0.0;0.0;0.0;0.0;0.0;0.0;7.0;557.2123;931.8039;0.0;253.4733;0.0;0.0;10.2028;0.0
353755;0.0;0.0;0.0;1.0633;0.0;0.0;4.0;18.9755;278.7841;0.5759;143.5699;0.0;0.0;3.8119;0.0085
209879;0.0;0.0;0.0;0.0;0.0;0.0;0.0;2.9286;0.0;6.3347;0.0;0.0;0.0;0.0;0.0
239804;0.0;0.0;0.0;0.0;0.0;0.0;0.0;775.6292;29540.3759;0.0;708.3867;0.0;0.0;0.0;0.0
195579;0.0;0.0;0.0;0.0;0.0;0.0;13.0;79.0577;912.4532;0.0;102.7333;0.0;0.4151;22.2365;0.0197
158174;0.0;0.0;0.0;0.0;0.0;0.0;18.0;548.9818;568.2764;0.0;0.0;0.0;0.0;0.0;0.0
246107;0.0;0.0;0.0;0.0;0.0;0.0;12.0;31.0099;419.3121;3.4553;596.9929;0.0;0.8301;9.757;0.004
385717;0.0;0.0;0.0;0.0;0.0;0.0;3.0;0.7212;11.4543;0.0;148.9291;0.0;0.0;0.0;0.0
133142;0.0;0.0;0.0;0.0;0.0;0.0;0.0;2.5524;226.2557;0.0;74.0691;0.0;0.4151;7.3543;0.0075
44505;0.0;0.0;0.0;1.0633;0.0;0.0;7.0;0.0;0.0;6.3347;1234.9256;0.0;1.6602;96.905;0.0182
149169;0.0;0.0;0.0;0.0;0.0;0.0;22.0;809.4715;0.0;0.0;225.66;0.0;0.4151;16.6749;0.015
191831;0.0;0.0;0.0;0.0;0.0;0.0;21.0;115.6109;2084.6329;0.0;0.0;0.0;1.6602;112.8147;0.0241
376986;0.0;0.0;0.0;0.0;0.0;0.0;0.0;387.6838;2485.5026;1.7276;405.4729;0.0;0.0;39.5448;0.0
374286;0.0;0.0;0.0;0.0;0.0;0.0;7.0;1.3078;0.0;0.0;0.0;0.0;0.0;3.5318;0.0074
94355;0.0;0.0;0.0;1.0633;0.0;0.0;24.0;99.9256;2341.0133;16.7006;4171.6595;0.0;3.7355;270.3699;0.0191
351234;0.0;0.0;0.0;0.0;0.0;0.0;44.0;0.0;5353.666;0.0;1056.2639;0.0;0.0;0.0;0.0
267483;0.0;0.0;0.0;0.0;0.0;0.0;47.0;0.0;0.0;0.0;78.7283;0.0;0.4151;29.8013;0.0294
224628;0.0;0.0;0.0;0.0;0.0;0.0;7.0;304.7397;10249.2345;6.3347;1059.389;0.0;1.2452;108.3134;0.0289
211027;0.0;0.0;0.0;0.0;0.0;0.0;3.0;11.4634;175.0644;1.1518;254.0515;0.0;0.4151;22.6301;0.0197
361459;0.0;0.0;0.0;0.0;0.0;0.0;21.0;137.7414;2450.6021;4.0312;1100.6092;0.0;1.2452;137.3054;0.0291
129982;0.0;0.0;0.0;0.0;0.0;0.0;44.0;43.8432;4994.3364;0.0;0.0;0.0;0.4151;21.907;0.0233
395055;0.0;0.0;0.0;0.0;0.0;0.0;10.0;18.69;450.1566;2.3035;532.4986;0.0;0.4151;36.3543;0.0213
148204;0.0;0.0;0.0;0.0;0.0;0.0;3.0;0.2704;5.1592;1.7276;203.8581;0.0;0.4151;29.4611;0.0155
232080;0.0;0.0;0.0;0.0;0.0;0.0;59.0;2.7467;4772.9405;0.0;283.4316;0.0;0.4151;10.2595;0.008
408603;0.0;0.0;0.0;0.0;0.0;0.0;13.0;32.6939;1864.639;0.5759;0.0;0.0;0.0;0.0;0.0159
155018;0.0;0.0;0.0;1.0633;1.1176;2.2591;7.0;728.0618;0.0;0.0;294.2566;0.0;0.0;0.0;0.0257
376564;0.0;0.0;0.0;0.0;0.0;0.0;3.0;0.9014;12.2116;0.0;0.0;0.0;0.0;0.0;0.0071
276610;0.0;0.0;0.0;0.0;0.0;0.0;15.0;95.163;1365.7265;8.0623;1502.1563;0.0;1.2452;59.8711;0.0171
8574;0.0;0.0;0.0;0.0;0.0;0.0;9.0;113.7797;0.0;0.0;74.6737;0.0;0.4151;47.3274;0.0437
411165;0.0;0.0;0.0;0.0;0.0;0.0;0.0;593.7259;2752.9274;0.0;0.1059;0.0;0.0;0.0;0.0
374338;0.0;0.0;0.0;0.0;0.0;0.0;15.0;84.8564;1453.8898;6.3347;1031.9088;0.0;0.4151;52.5605;0.0346
44179;0.0;0.0;0.0;0.0;0.0;0.0;66.0;2.8298;1864.639;0.0;609.9262;0.0;0.0;47.6704;0.0
156668;0.0;0.0;0.0;0.0;0.0;0.0;40.0;43.6754;1247.2162;0.5759;47.9501;0.0;2.0753;93.602;0.0158
145345;0.0;0.0;0.0;1.0633;0.0;0.0;9.0;7.6623;106.244;4.6071;854.1288;0.0;2.0753;51.7478;0.0097
191510;0.0;0.0;0.0;1.0633;0.0;0.0;6.0;1810.5327;32414.3734;0.0;51.8464;0.0;0.8301;39.719;0.0181
49210;0.0;0.0;0.0;0.0;0.0;0.0;0.0;26.5423;87.9002;2.8794;437.4396;0.0;0.8301;45.7771;0.0242
318141;0.0;0.0;0.0;0.0;0.0;0.0;7.0;147.6572;2777.5846;0.5759;0.0;0.0;0.0;7.6572;0.0102
399223;0.0;0.0;0.0;0.0;0.0;0.0;0.0;0.0;1539.2134;0.0;0.0;0.0;0.0;24.7643;0.0
403419;0.0;0.0;0.0;0.0;0.0;0.0;3.0;6.0097;95.4051;0.0;0.0;0.0;0.0;0.0;0.0088
315096;0.0;0.0;0.0;0.0;0.0;0.0;24.0;137.8616;2649.6164;12.0935;1653.2973;0.0;1.2452;160.5652;0.032
332102;0.0;0.0;0.0;0.0;0.0;0.0;19.0;21.6799;290.6801;0.5759;125.0629;0.0;1.6602;106.7309;0.02
353173;0.0;0.0;0.0;0.0;0.0;0.0;15.0;133.1891;2252.3609;1.1518;0.8412;0.0;0.8301;88.5233;0.0251
347519;0.0;0.0;0.0;0.0;0.0;0.0;122.0;2052.5525;7032.92;0.0;20.7824;0.0;0.0;24.8725;0.0032
305325;0.0;0.0;0.0;1.0633;0.0;0.0;0.0;308.4618;942.1849;0.0;760.7442;0.0;1.2452;81.9953;0.0213
392842;0.0;0.0;0.0;0.0;0.0;0.0;9.0;29.0567;534.6281;2.8794;541.1913;0.0;0.0;0.0;0.0062
153593;0.0;0.0;0.0;0.0;0.0;0.0;50.0;258.776;5324.9971;33.4011;5572.3074;0.0;2.9054;322.2493;0.0398
316965;0.0;0.0;0.0;0.0;0.0;0.0;57.0;311.9765;4959.7694;4.0312;916.6603;0.0;1.6602;194.2531;0.0326
345758;0.0;0.0;0.0;0.0;0.0;0.0;27.0;87.3955;1400.8625;6.3347;1516.7377;0.0;0.4151;24.3794;0.0149
186058;0.0;0.0;0.0;0.0;0.0;0.0;18.0;155.8696;33.1222;0.0;1.0113;0.0;0.0;0.0;0.0
165308;0.0;0.0;0.0;0.0;0.0;0.0;0.0;0.0;3420.2358;0.0;0.0;0.0;0.0;0.0;0.0046
98626;0.0;0.0;0.0;0.0;0.0;0.0;12.0;0.0;100.4038;3.4553;667.6562;0.0;1.6602;44.4494;0.011
321283;0.0;0.0;0.0;0.0;0.0;0.0;0.0;694.7129;21592.8525;0.0;66.852;0.0;0.0;0.0;0.0051
304362;0.0;0.0;0.0;0.0;0.0;0.0;35.0;44.2733;14287.7652;10.9417;10.2283;0.0;0.0;0.0;0.0
396193;0.0;0.0;0.0;1.0633;0.0;0.0;0.0;166.8255;1864.1776;0.5759;147.2152;0.0;0.8301;77.9392;0.0281
190410;0.0;0.0;0.0;1.0633;0.0;0.0;0.0;803.697;70482.9881;0.0;0.0;0.0;0.0;0.0;0.0046
102088;0.0;0.0;0.0;0.0;0.0;0.0;18.0;16.0473;0.0;0.5759;111.3228;0.0;2.0753;55.2244;0.0115
204300;0.0;0.0;0.0;0.0;0.0;0.0;9.0;0.0;0.0;0.0;267.7318;0.0;0.0;55.4857;0.0
346666;0.0;0.0;0.0;0.0;0.0;0.0;7.0;0.0;1509.2457;0.0;0.0;0.0;0.0;4.3684;0.0
351481;0.0;0.0;0.0;0.0;0.0;0.0;131.0;46.3744;356.8043;0.0;23.1918;0.0;0.0;0.0;0.0
327879;0.0;0.0;0.0;0.0;0.0;0.0;41.0;113.2821;1572.8188;0.5759;116.3701;0.0;1.6602;203.5192;0.0336
267777;0.0;0.0;0.0;0.0;0.0;0.0;134.0;1.616;0.0;1.1518;4.4866;0.0;0.8301;10.6846;0.0053
306953;0.0;0.0;0.0;0.0;0.0;0.0;40.0;354.6;6252.889;35.7046;2023.4385;0.0;1.6602;262.0182;0.0503
127246;0.0;0.0;0.0;0.0;0.0;0.0;9.0;18.9004;226.7349;0.5759;1.402;0.0;0.8301;35.2408;0.0162
330139;0.0;0.0;0.0;0.0;0.0;0.0;9.0;38.6121;491.9348;0.5759;2.8041;0.0;0.4151;60.7756;0.0462
197889;0.0;0.0;0.0;0.0;0.0;0.0;0.0;149.2842;7578.3709;3.4553;0.0;0.0;0.4151;8.5998;0.0078
228596;0.0;0.0;0.0;0.0;0.0;0.0;0.0;544.422;0.0;0.0;24.2012;0.0;0.0;23.1078;0.0082
181440;0.0;0.0;0.0;0.0;0.0;0.0;174.0;379.339;1895.475;28.2182;4610.7815;0.0;1.6602;80.7247;0.0172
204457;0.0;0.0;0.0;0.0;0.0;0.0;3.0;24.9852;16.9448;2.8794;192.3613;0.0;1.6602;195.381;0.0428
130608;0.0;0.0;0.0;1.0633;0.0;0.0;0.0;67.5863;0.0;0.0;207.5522;0.0;0.4151;23.197;0.0155
97246;0.0;0.0;0.0;3.1899;0.0;0.0;21.0;96.3048;1277.3739;6.9106;1224.5504;0.0;3.3205;153.1111;0.017
80900;0.0;0.0;0.0;0.0;0.0;0.0;47.0;198.3709;546.4528;4.0312;474.7341;0.0;0.4151;30.5831;0.033
241414;0.0;0.0;0.0;1.0633;0.0;0.0;38.0;136.3362;1052.0169;2.3035;538.6676;0.0;0.4151;11.9996;0.0095
385600;0.0;0.0;0.0;0.0;0.0;0.0;68.0;0.0;1052.0169;0.5759;0.0;0.0;0.0;0.0;0.0
205043;0.0;0.0;0.0;1.0633;0.0;0.0;34.0;241.7987;2980.8283;11.5176;2742.6902;0.0;1.6602;96.1859;0.0206
182339;0.0;0.0;0.0;0.0;0.0;0.0;50.0;62.4214;17.0926;0.0;0.0;0.0;0.0;26.6524;0.0
251802;0.0;0.0;0.0;0.0;0.0;0.0;15.0;125.4366;1399.0481;6.3347;509.2246;0.0;0.8301;44.08;0.0195
83822;0.0;0.0;0.0;0.0;0.0;0.0;7.0;15.3126;20713.3423;0.0;710.8125;0.0;4.9807;218.2078;0.0141
80258;0.0;0.0;0.0;0.0;0.0;0.0;19.0;20.553;347.1469;14.9729;2877.5674;0.0;2.0753;93.6524;0.0144
286394;0.0;0.0;0.0;0.0;0.0;0.0;49.0;1.8961;13208.4001;0.5759;139.3638;0.0;0.4151;74.0738;0.0419
361684;0.0;0.0;0.0;0.0;0.0;0.0;4.0;9.8709;160.36;0.5759;91.6941;0.0;0.0;0.0;0.0
336689;0.0;0.0;0.0;0.0;0.0;0.0;0.0;166.6046;2854.8369;0.0;0.0;0.0;0.0;0.0;0.0
15016;0.0;0.0;0.0;1.0633;0.0;0.0;15.0;15.2044;378.4332;23.0353;4625.9237;0.0;6.6409;602.7535;0.0265
361492;0.0;0.0;0.0;1.0633;0.0;0.0;24.0;222.2934;24352.0825;4.0312;50.923;0.0;0.0;30.3057;0.0
60448;0.0;0.0;0.0;0.0;0.0;0.0;9.0;26.142;404.4815;7.4865;997.6988;0.0;2.4904;165.5778;0.0245
368242;0.0;0.0;0.0;0.0;0.0;0.0;6.0;53.0353;718.8748;4.6071;1076.2136;0.0;0.8301;0.0;0.0
331158;0.0;0.0;0.0;2.1266;0.0;0.0;47.0;36.2082;0.0;0.5759;43.3158;0.0;0.0;0.0;0.0
306522;0.0;0.0;0.0;0.0;0.0;0.0;3.0;41.3915;590.9529;1.7276;438.0004;0.0;0.4151;54.289;0.0418
197168;0.0;0.0;0.0;0.0;0.0;0.0;10.0;43.6754;912.4532;0.0;148.5201;0.0;0.0;59.764;0.0
54566;0.0;0.0;0.0;0.0;0.0;0.0;59.0;261.1047;3025.7304;9.79;2011.9417;0.0;3.7355;219.1047;0.0197
150632;0.0;0.0;0.0;3.1899;0.0;0.0;65.0;9.458;0.0;3.4553;516.2348;0.0;1.6602;58.6072;0.0135
211589;0.0;0.0;0.0;0.0;0.0;0.0;181.0;7.0912;1864.5903;0.5759;0.0;0.0;0.0;30.8204;0.0
166494;0.0;0.0;0.0;0.0;0.0;0.0;16.0;42.7738;643.6804;5.7588;1816.7764;0.0;1.2452;71.926;0.0187
59817;0.0;0.0;0.0;1.0633;0.0;0.0;84.0;0.0;3214.7488;0.0;0.0;0.0;0.4151;28.6828;0.0889
276905;1.0;0.0;0.0;0.0;0.0;0.0;9.0;10.0361;153.4811;0.5759;115.4875;0.0;0.4151;72.9051;0.0602
84871;0.0;0.0;0.0;1.0633;0.0;0.0;63.0;167.6545;2534.9789;9.2141;2313.9433;0.0;2.9054;75.3166;0.0094
327504;0.0;0.0;0.0;0.0;0.0;0.0;69.0;0.0;5851.2877;0.0;0.0;0.0;0.0;0.0;0.0
329048;0.0;0.0;0.0;0.0;0.0;0.0;0.0;761.5116;25487.7263;0.0;110.4846;0.0;0.0;0.0;0.0111
258546;0.0;0.0;0.0;0.0;0.0;0.0;3.0;6.6106;86.1123;0.0;46.3432;0.0;1.6602;221.2944;0.0459
164555;0.0;0.0;0.0;0.0;0.0;0.0;40.0;373.5284;19984.1537;69.6816;7059.8824;0.0;2.9054;358.1141;0.0405
296708;0.0;0.0;0.0;0.0;0.0;0.0;0.0;0.0;0.0;0.0;0.0;0.0;0.0;5.6515;0.0
223568;0.0;0.0;0.0;0.0;0.0;0.0;3.0;0.7061;7.5415;12.0935;133.1381;0.0;0.4151;62.8691;0.0683
52172;0.0;0.0;0.0;0.0;0.0;0.0;18.0;0.0;1066.8187;0.5759;56.1949;0.0;0.0;0.0;0.0
127604;0.0;0.0;0.0;0.0;0.0;0.0;55.0;251.309;3146.5211;7.4865;496.6061;0.0;2.9054;215.0709;0.0301
319746;0.0;0.0;0.0;0.0;0.0;0.0;112.0;0.0;22999.9205;1.1518;0.0;0.0;0.0;0.0;0.0062
101740;0.0;0.0;0.0;0.0;0.0;0.0;0.0;0.0;0.0;0.0;78.7867;0.0;0.0;0.0;0.0
286434;0.0;0.0;0.0;0.0;0.0;0.0;15.0;37.2982;246.6017;2.8794;0.0;0.0;0.0;0.0;0.0
343102;0.0;0.0;0.0;0.0;0.0;0.0;32.0;75.6466;992.9731;6.9106;1710.7814;0.0;0.8301;58.227;0.0213
17023;0.0;0.0;0.0;0.0;0.0;0.0;83.0;1226.3593;18612.0384;0.0;0.0;0.0;2.9054;77.7381;0.0124
343864;0.0;0.0;0.0;0.0;0.0;0.0;35.0;2.9579;0.0;0.0;0.0;0.0;0.0;0.0;0.0152
316936;0.0;0.0;0.0;0.0;0.0;0.0;21.0;41.4036;10023.6438;0.0;0.0;0.0;0.0;0.0;0.0056
219128;0.0;0.0;0.0;0.0;0.0;0.0;143.0;1949.5839;0.0;1.1518;192.9221;0.0;0.4151;10.7315;0.0078
415513;0.0;0.0;0.0;0.0;0.0;0.0;13.0;452.4338;38381.1191;0.0;0.0;0.0;0.0;0.0;0.0
150484;0.0;0.0;0.0;0.0;0.0;0.0;35.0;168.9766;2517.1506;8.0623;1919.9672;0.0;1.6602;54.3156;0.0111
268997;0.0;0.0;0.0;0.0;0.0;0.0;3.0;0.4057;4.465;0.5759;115.2485;0.0;0.4151;19.7591;0.0185
146722;0.0;0.0;0.0;0.0;0.0;0.0;60.0;816.1832;3489.2102;1.1518;24.438;0.0;2.0753;78.3958;0.0171
61453;0.0;0.0;0.0;0.0;0.0;0.0;49.0;2467.4064;3154.2177;15.5488;2940.3792;0.0;2.0753;112.6936;0.0229
172519;0.0;0.0;0.0;2.1266;1.1176;2.2591;84.0;673.4622;100.4038;9.2141;365.3742;0.0;2.4904;257.7226;0.0407
248714;0.0;0.0;0.0;0.0;0.0;0.0;9.0;4.7476;83.2881;6.3347;687.0045;0.0;2.0753;167.744;0.0267
421482;0.0;0.0;0.0;0.0;0.0;0.0;0.0;0.0;0.0;0.0;1887.169;0.0;0.0;0.0;0.0
236809;0.0;0.0;0.0;0.0;0.0;0.0;24.0;211.4499;3145.0065;34.5529;8129.927;0.0;3.3205;346.3963;0.0301
178491;0.0;0.0;0.0;0.0;0.0;0.0;0.0;401.5528;12814.3085;0.0;125.7942;0.0;0.0;0.0;0.0
72370;0.0;0.0;0.0;1.0633;0.0;0.0;18.0;856.3989;0.0;0.5759;110.4815;0.0;1.2452;56.4023;0.0186
210830;0.0;0.0;0.0;0.0;0.0;0.0;0.0;420.8958;26425.7139;0.5759;77.0367;0.0;0.0;0.0;0.0082
296;0.0;0.0;0.0;2.1266;0.0;0.0;0.0;238.7806;27660.8734;30.5217;2911.7774;0.0;0.4151;35.2848;0.0279
39646;0.0;0.0;0.0;0.0;0.0;0.0;0.0;0.0;0.0;0.0;0.0;0.0;1.2452;67.2636;0.0235
131789;0.0;0.0;0.0;0.0;0.0;0.0;4.0;0.2704;2.9503;4.0312;707.194;0.0;2.0753;51.7478;0.0097
151432;0.0;0.0;0.0;0.0;0.0;0.0;47.0;896.798;0.0;0.0;0.0;0.0;0.0;4.0559;0.0
17989;0.0;0.0;0.0;0.0;0.0;0.0;47.0;13.8624;0.0;10.3659;1325.2176;0.0;5.3958;202.2172;0.0155
160446;0.0;0.0;0.0;0.0;0.0;0.0;228.0;0.0;8893.7816;0.5759;0.0;0.0;0.0;49.5157;0.0
69306;0.0;0.0;0.0;1.0633;1.1176;5.6476;25.0;81.1781;6559.3786;4.0312;316.8633;0.0;2.4904;89.3549;0.0137
187131;0.0;0.0;0.0;0.0;0.0;0.0;15.0;0.0;246.6017;44.9187;10162.3386;0.0;1.6602;162.0174;0.0323
91865;0.0;0.0;0.0;1.0633;0.0;0.0;0.0;476.8059;63.2226;2.8794;578.2054;0.0;1.2452;37.0815;0.0128
167060;0.0;0.0;0.0;0.0;0.0;0.0;24.0;68.42;1138.5498;46.0705;377.7123;0.0;3.3205;199.7721;0.021
271058;0.0;0.0;0.0;0.0;0.0;0.0;72.0;98.5663;174.7816;7.4865;57.2036;0.0;0.8301;21.8499;0.0105
8727;0.0;0.0;0.0;0.0;0.0;0.0;16.0;1440.1316;7767.8269;0.0;0.0;0.0;0.4151;30.5997;0.031
103207;0.0;0.0;0.0;0.0;0.0;0.0;29.0;212.4716;2242.0426;6.3347;1575.6238;0.0;2.0753;97.6079;0.017
174168;0.0;0.0;0.0;0.0;0.0;0.0;35.0;0.0;924.2713;0.5759;144.4111;0.0;0.4151;8.3973;0.0074
97149;0.0;0.0;0.0;1.0633;0.0;0.0;55.0;506.4942;7549.0694;17.8523;4659.0121;0.0;3.7355;231.9202;0.0191
22336;0.0;0.0;0.0;0.0;0.0;0.0;75.0;38.4822;1039.7031;2.8794;386.1246;0.0;4.1506;232.1087;0.0219
407028;0.0;0.0;0.0;0.0;0.0;0.0;102.0;0.0;416.5779;1.1518;84.9973;0.0;0.0;0.0;0.0
176801;0.0;0.0;0.0;0.0;0.0;0.0;0.0;226.4918;0.0;1.1518;247.8824;0.0;0.0;20.9713;0.0
254583;0.0;0.0;0.0;0.0;0.0;0.0;0.0;264.8603;9614.5961;0.5759;137.4009;0.0;0.8301;20.9858;0.0095
406478;0.0;0.0;0.0;0.0;0.0;0.0;7.0;66.6922;1020.3624;4.0312;951.9919;0.0;0.0;9.6723;0.0076
298755;0.0;0.0;0.0;0.0;0.0;0.0;18.0;103.3211;1364.1015;3.4553;984.7999;0.0;0.8301;44.1488;0.0205
198795;0.0;0.0;0.0;0.0;0.0;0.0;7.0;800.3693;8377.6188;2.8794;186.4726;0.0;0.4151;21.5018;0.0197
190173;0.0;0.0;0.0;0.0;0.0;0.0;50.0;1543.8558;20907.561;1.7276;260.7813;0.0;0.4151;8.5998;0.0078
279654;0.0;0.0;0.0;0.0;0.0;0.0;6.0;387.6838;9003.4468;0.0;0.0;0.0;0.0;18.036;0.0
72450;0.0;0.0;0.0;0.0;0.0;0.0;12.0;47.7217;32.9991;1.1518;0.0;0.0;0.0;51.1438;0.0
127281;0.0;0.0;0.0;1.0633;0.0;0.0;3.0;0.8714;10.6812;0.5759;123.6608;0.0;0.4151;22.8128;0.0213
237561;0.0;0.0;0.0;0.0;0.0;0.0;9.0;4.217;0.0;0.0;45.7638;0.0;0.0;0.0;0.0
328117;0.0;0.0;0.0;0.0;0.0;0.0;66.0;0.0;0.0;0.0;105.159;0.0;0.0;11.4993;0.0
368551;0.0;0.0;0.0;0.0;0.0;0.0;206.0;110.0392;12603.7123;1.1518;80.5013;0.0;0.0;24.2288;0.0
287396;0.0;0.0;0.0;0.0;0.0;0.0;0.0;0.0;10581.9379;1.7276;228.8043;0.0;0.0;0.0;0.0
255287;0.0;0.0;0.0;0.0;0.0;0.0;0.0;1892.5095;365.0624;0.0;0.0;0.0;0.0;29.493;0.0107
40210;0.0;0.0;0.0;1.0633;0.0;0.0;205.0;370.4196;0.0;1.1518;164.6007;0.0;1.2452;142.2776;0.0468
16900;0.0;0.0;0.0;1.0633;0.0;0.0;19.0;0.0;54352.3815;2.8794;0.0;0.0;0.4151;25.5478;0.031
129686;0.0;0.0;0.0;0.0;0.0;0.0;57.0;0.0;4571.7458;0.0;22.6187;0.0;0.0;4.0614;0.0
284369;0.0;0.0;0.0;1.0633;0.0;0.0;18.0;129.7786;1650.648;12.0935;2815.0359;0.0;1.6602;165.2805;0.0329
26400;0.0;0.0;0.0;0.0;0.0;0.0;22.0;0.0;34756.9564;0.5759;0.5608;0.0;0.4151;6.6545;0.0086
124588;0.0;0.0;0.0;0.0;0.0;0.0;0.0;959.3345;29.9779;2.8794;646.345;0.0;0.4151;41.1428;0.031
391556;0.0;0.0;0.0;0.0;0.0;0.0;6.0;86.6443;1638.8781;48.9499;1255.676;0.0;0.4151;154.8034;0.1077
405691;0.0;0.0;0.0;0.0;0.0;0.0;6.0;59.2703;848.5481;21.3076;209.1859;0.0;0.0;49.6315;0.0041
310640;0.0;0.0;0.0;0.0;0.0;0.0;0.0;0.0;7884.07;0.0;471.5783;0.0;0.0;101.214;0.0062
53726;0.0;0.0;0.0;0.0;0.0;0.0;7.0;55.1529;4099.6955;25.3388;0.0;0.0;0.8301;89.0942;0.0368
417950;0.0;0.0;0.0;0.0;0.0;0.0;165.0;0.0;0.0;0.0;0.0;0.0;0.0;50.2514;0.0
384835;0.0;0.0;0.0;0.0;0.0;0.0;16.0;34.2701;531.9933;0.5759;153.9451;0.0;0.8301;25.7717;0.0082
184123;0.0;0.0;0.0;0.0;0.0;0.0;112.0;923.2619;2485.5026;35.7046;0.0;0.0;0.4151;8.5998;0.0078
247427;0.0;0.0;0.0;0.0;0.0;0.0;16.0;0.0;0.0;4.0312;297.515;0.0;0.0;15.536;0.0076
181914;0.0;0.0;0.0;0.0;0.0;0.0;7.0;187.7819;22.8383;6.3347;417.2501;0.0;1.2452;209.7923;0.0313
222745;0.0;0.0;0.0;0.0;0.0;0.0;44.0;230.771;3080.4617;7.4865;1552.3497;0.0;1.6602;142.9428;0.0287
32113;0.0;0.0;0.0;0.0;0.0;0.0;47.0;1.2505;0.0;0.5759;1.1216;0.0;0.8301;46.5592;0.0173
293298;0.0;0.0;0.0;0.0;0.0;0.0;62.0;506.9098;474.4731;1.1518;0.0;0.0;0.8301;22.533;0.0109
162085;0.0;0.0;0.0;0.0;0.0;0.0;28.0;0.0;897.0946;0.0;0.0;0.0;0.4151;7.1745;0.0078
65741;0.0;0.0;0.0;0.0;0.0;0.0;0.0;33.0901;1114.8535;5.1829;304.5253;0.0;0.4151;60.207;0.0337
32420;0.0;0.0;0.0;0.0;0.0;0.0;0.0;33.8587;21111.5031;0.0;0.0;0.0;0.0;8.3495;0.0033
246594;0.0;0.0;0.0;0.0;0.0;0.0;65.0;1487.2534;34.2553;0.0;1302.9121;0.0;0.0;38.0815;0.0
90751;0.0;0.0;0.0;1.0633;1.1176;0.0;35.0;0.0;4046.9855;1.1518;294.1501;0.0;1.2452;50.0546;0.0143
147792;0.0;0.0;0.0;0.0;0.0;0.0;0.0;0.0;1493.8437;2.3035;394.8369;0.0;0.4151;0.0;0.0067
160283;0.0;0.0;0.0;0.0;0.0;0.0;34.0;50.6644;0.0;0.0;0.0;0.0;0.0;0.0;0.0
306036;0.0;0.0;0.0;0.0;0.0;0.0;7.0;5.1533;48.0733;0.5759;160.3945;0.0;0.8301;74.9131;0.0302
64619;0.0;0.0;0.0;0.0;0.0;0.0;66.0;406.9742;6074.9374;43.1911;11105.077;0.0;5.3958;390.5907;0.0206
398419;0.0;0.0;0.0;0.0;0.0;0.0;22.0;934.5574;2030.3683;2.8794;0.0;0.0;0.0;66.2081;0.0131
89935;0.0;0.0;0.0;1.0633;0.0;0.0;174.0;0.0;1714.65;2.3035;77.8506;0.0;0.0;0.0;0.0055
174617;0.0;0.0;0.0;0.0;0.0;0.0;0.0;2898.0541;0.0;5.1829;824.4054;0.0;1.2452;42.1727;0.0123
306107;0.0;0.0;0.0;0.0;0.0;0.0;7.0;44.3363;639.5784;5.7588;921.9881;0.0;0.4151;41.4285;0.0345
135251;0.0;0.0;0.0;0.0;0.0;0.0;22.0;102.8854;2067.8933;9.2141;2396.3838;0.0;3.7355;291.7651;0.0211
374395;0.0;0.0;0.0;0.0;0.0;0.0;0.0;839.9684;1030.4252;0.0;109.1105;0.0;0.0;0.0;0.0
398796;0.0;0.0;0.0;0.0;0.0;0.0;24.0;355.6832;9902.0828;3.4553;32.6254;0.0;0.0;0.0;0.0
22333;0.0;0.0;0.0;0.0;0.0;0.0;71.0;140.526;10152.6249;0.5759;166.8439;0.0;0.0;26.0758;0.0153
143405;0.0;0.0;0.0;0.0;0.0;0.0;0.0;0.0;3303.1399;0.0;57.9479;0.0;0.0;18.036;0.0
247660;0.0;0.0;0.0;0.0;0.0;0.0;6.0;1667.2793;629.1242;1.1518;7.5711;0.0;0.0;0.0;0.0042
178507;0.0;0.0;0.0;1.0633;0.0;0.0;0.0;0.0;2960.7118;3.4553;0.0;0.0;0.0;0.0;0.0
418858;0.0;0.0;0.0;0.0;0.0;0.0;102.0;11.7658;758.7135;0.0;0.0;0.0;0.0;0.0;0.012
317531;0.0;0.0;0.0;0.0;0.0;0.0;24.0;83.2639;1265.1939;9.2141;2212.1544;0.0;0.8301;136.9124;0.0471
164361;0.0;0.0;0.0;0.0;0.0;0.0;0.0;758.7191;718.4017;0.0;0.0;0.0;0.0;0.0;0.0055
283887;0.0;0.0;0.0;0.0;0.0;0.0;7.0;44.0809;638.0637;1.7276;443.6086;0.0;0.4151;56.8945;0.043
219539;0.0;0.0;0.0;0.0;0.0;0.0;57.0;313.3137;3978.9133;7.4865;1772.752;0.0;3.3205;152.136;0.0166
119192;0.0;0.0;0.0;0.0;0.0;0.0;35.0;147.417;1933.755;13.2453;2238.513;0.0;3.3205;105.5861;0.0126
347175;0.0;0.0;0.0;0.0;0.0;0.0;15.0;91.1816;1385.811;26.4905;5180.0138;0.0;1.2452;173.5756;0.036
168717;0.0;0.0;0.0;0.0;0.0;0.0;57.0;3190.1017;3469.2561;14.397;596.5532;0.0;0.0;0.0;0.0
148447;0.0;0.0;0.0;1.0633;0.0;0.0;19.0;1227.0004;0.0;1.1518;282.3729;0.0;1.2452;142.3588;0.0428
