id_pessoa;abs_eventos;abs_qtd_total;horas_previstas_total;acidentes_eventos;acidentes_com_afastamento;acidentes_dias_perdidos;he_eventos;he_referencia_total;he_valor_total;hi_eventos;hi_minutos_irregulares;hi_minutos_extras;mov_sal_eventos;mov_sal_valor_total;mov_sal_perc_medio
88546;0.0;0.0;0.0;0.0;0.0;0.0;0.0;0.0;0.0;2.5072;679.4879;0.0;0.0;0.0;0.0
114853;0.0;0.0;0.0;0.0;0.0;0.0;0.0;0.0;0.0;2.5072;621.733;0.0;2.4739;96.4134;0.0171
344084;0.0;0.0;0.0;0.0;0.0;0.0;0.0;0.0;0.0;14.0777;0.0;0.0;0.0;0.0;0.0079
280793;0.0;0.0;0.0;0.9549;0.0;0.0;0.0;0.0;0.0;8.1485;1437.5603;0.0;0.4123;41.6472;0.036
11660;0.0;0.0;0.0;0.0;0.0;0.0;0.0;0.0;0.0;1.8048;0.0;0.0;7.834;200.4855;0.0111
137026;0.0;0.0;0.0;0.0;0.0;0.0;0.0;0.0;0.0;0.6268;144.545;0.0;0.4123;29.742;0.0283
211475;0.0;0.0;0.0;0.0;0.0;0.0;0.0;0.0;0.0;1.8048;0.0;0.0;0.4123;7.8242;0.009
160421;0.0;0.0;0.0;0.0;0.0;0.0;0.0;0.0;0.0;18.8042;1203.3847;0.0;0.8246;25.7522;0.0113
8440;0.0;0.0;0.0;0.0;0.0;0.0;0.0;0.0;0.0;68.5837;0.0;0.0;1.2369;90.9451;0.0245
286436;0.0;0.0;0.0;2.0307;0.0;0.0;0.0;0.0;0.0;0.361;0.0;0.0;0.0;9.771;0.0
186594;0.0;0.0;0.0;0.0;0.0;0.0;0.0;0.0;0.0;1.2536;317.1785;0.0;0.4123;21.429;0.0162
254266;0.0;0.0;0.0;0.0;0.0;0.0;0.0;0.0;0.0;0.6268;135.077;0.0;0.0;0.0;0.0
22555;0.0;0.0;0.0;0.0;0.0;0.0;0.0;0.0;0.0;1.2536;6.9432;0.0;2.8862;86.1489;0.015
113091;0.0;0.0;0.0;0.9549;0.0;0.0;0.0;0.0;0.0;8.1485;291.2993;0.0;4.1232;363.0679;0.0297
182763;0.0;0.0;0.0;0.0;0.0;0.0;0.0;0.0;0.0;5.0145;1124.8002;0.0;2.8862;231.3407;0.0266
19685;0.0;0.0;0.0;0.0;0.0;0.0;0.0;0.0;0.0;2.1658;233.8105;0.0;0.0;0.0;0.0
43953;0.0;0.0;0.0;0.0;0.0;0.0;0.0;0.0;0.0;0.361;0.0;0.0;0.0;15.5015;0.0083
357075;0.0;0.0;0.0;0.0;0.0;0.0;0.0;0.0;0.0;0.361;0.0;0.0;0.0;12.4758;0.0
41510;0.0;0.0;0.0;0.0;0.0;0.0;0.0;0.0;0.0;5.0145;53.3365;0.0;1.2369;83.1478;0.0276
178304;0.0;0.0;0.0;0.0;0.0;0.0;0.0;0.0;0.0;4.3877;1016.5492;0.0;0.0;20.2393;0.0
258477;0.0;0.0;0.0;1.0154;0.0;0.0;0.0;0.0;0.0;3.9706;0.0;0.0;0.0;0.0;0.0076
351103;0.0;0.0;0.0;0.0;0.0;0.0;0.0;0.0;0.0;0.0;1953.1406;0.0;0.0;146.6249;0.0
214332;0.0;0.0;0.0;0.0;0.0;0.0;0.0;0.0;0.0;0.0;4.1638;0.0;0.0;7.7019;0.004
194395;0.0;0.0;0.0;0.0;0.0;0.0;0.0;0.0;0.0;0.0;334.3437;0.0;0.0;60.5902;0.0
331871;0.0;0.0;0.0;0.0;0.0;0.0;0.0;0.0;0.0;23.4629;0.0;0.0;0.0;0.0;0.0095
127128;0.0;0.0;0.0;0.0;0.0;0.0;0.0;0.0;0.0;0.0;29.5582;0.0;0.0;0.0;0.0
89585;0.0;0.0;0.0;0.0;0.0;0.0;0.0;0.0;0.0;0.361;53.4179;0.0;0.4123;27.1418;0.0243
270799;0.0;0.0;0.0;0.0;0.0;0.0;0.0;0.0;0.0;0.0;0.0;0.0;0.0;0.0;0.0059
402902;0.0;0.0;0.0;0.0;0.0;0.0;0.0;0.0;0.0;1.8804;383.4546;0.0;0.8246;110.2635;0.0327
96453;0.0;0.0;0.0;0.0;0.0;0.0;0.0;0.0;0.0;25.6991;4240.4083;0.0;2.8862;133.0527;0.0178
394952;0.0;0.0;0.0;0.0;0.0;0.0;0.0;0.0;0.0;6.2681;1578.0025;0.0;0.8246;30.5134;0.0091
119330;0.0;0.0;0.0;0.0;0.0;0.0;0.0;0.0;0.0;0.0;0.0;0.0;0.0;0.0;0.0
338901;0.0;0.0;0.0;0.0;0.0;0.0;0.0;0.0;0.0;0.0;430.0095;0.0;0.0;0.0;0.0
248602;0.0;0.0;0.0;0.0;0.0;0.0;0.0;0.0;0.0;0.361;0.0;0.0;0.0;0.0;0.0032
160936;0.0;0.0;0.0;0.0;0.0;0.0;0.0;0.0;0.0;0.0;0.0;0.0;0.0;15.1978;0.0074
110378;0.0;0.0;0.0;0.0;0.0;0.0;0.0;0.0;0.0;2.5072;499.9112;0.0;1.6493;137.1559;0.0388
320622;0.0;0.0;0.0;0.0;0.0;0.0;0.0;0.0;0.0;1.8048;0.0;0.0;0.0;0.0;0.0
128590;0.0;0.0;0.0;0.0;0.0;0.0;0.0;0.0;0.0;1.8804;198.8283;0.0;2.0616;134.2599;0.0268
354834;0.0;0.0;0.0;0.0;0.0;0.0;0.0;0.0;0.0;2.5072;395.4474;0.0;0.0;0.0;0.0
307390;0.0;0.0;0.0;0.0;0.0;0.0;0.0;0.0;0.0;0.0;0.0;0.0;0.1712;14.2489;0.0
178733;0.0;0.0;0.0;0.0;0.0;0.0;0.0;0.0;0.0;0.6268;172.0023;0.0;0.8246;63.3322;0.0376
193682;0.0;0.0;0.0;0.0;0.0;0.0;0.0;0.0;0.0;0.0;651.0764;0.0;0.0;0.0;0.0033
345388;0.0;0.0;0.0;0.0;0.0;0.0;0.0;0.0;0.0;0.0;2533.7729;0.0;0.0;0.0;0.0094
198391;0.0;0.0;0.0;0.0;0.0;0.0;0.0;0.0;0.0;1.2536;138.5486;0.0;2.8862;164.3788;0.0207
311520;0.0;0.0;0.0;0.0;0.0;0.0;0.0;0.0;0.0;0.0;0.0;0.0;0.0;21.8221;0.0
75838;0.0;0.0;0.0;0.0;0.0;0.0;0.0;0.0;0.0;0.0;314.8742;0.0;2.8862;211.9379;0.0222
317550;0.0;0.0;0.0;0.0;0.0;0.0;0.0;0.0;0.0;13.163;2798.7452;0.0;1.6493;238.4616;0.0408
264113;0.0;0.0;0.0;0.9549;0.0;0.0;0.0;0.0;0.0;6.8949;1372.8622;0.0;0.8246;72.712;0.0321
35955;0.0;0.0;0.0;0.0;0.0;0.0;0.0;0.0;0.0;5.6413;96.8894;0.0;1.6493;82.9375;0.0202
194518;0.0;0.0;0.0;0.0;0.0;0.0;0.0;0.0;0.0;8.7753;699.3707;0.0;2.4739;144.2994;0.0212
27956;0.0;0.0;0.0;0.0;0.0;0.0;0.0;0.0;0.0;0.0;0.0;0.0;1.2369;67.5599;0.0161
168650;0.0;0.0;0.0;0.0;0.0;0.0;0.0;0.0;0.0;0.0;22.0978;0.0;0.0;0.0;0.0073
120816;0.0;0.0;0.0;0.0;0.0;0.0;0.0;0.0;0.0;0.0;590.5441;0.0;0.0;0.0;0.0196
281668;0.0;0.0;0.0;0.0;0.0;0.0;0.0;0.0;0.0;13.7898;366.7278;0.0;0.0;0.0;0.0056
135949;0.0;0.0;0.0;0.0;0.0;0.0;0.0;0.0;0.0;9.4021;1862.3586;0.0;0.8246;25.2701;0.0119
103793;0.0;0.0;0.0;0.0;0.0;0.0;0.0;0.0;0.0;0.0;0.0;0.0;0.0;36.2933;0.0015
362310;0.0;0.0;0.0;0.0;0.0;0.0;0.0;0.0;0.0;0.0;0.0;0.0;0.4123;81.9803;0.0486
196654;0.0;0.0;0.0;1.0154;0.0;0.0;0.0;0.0;0.0;4.3877;802.8877;0.0;0.8246;27.4306;0.0126
194508;0.0;0.0;0.0;0.0;0.0;0.0;0.0;0.0;0.0;0.0;114.4273;0.0;0.0;0.0;0.0
155492;0.0;0.0;0.0;0.0;0.0;0.0;0.0;0.0;0.0;1.8804;327.5933;0.0;2.0616;98.7259;0.0191
111470;0.0;0.0;0.0;0.9549;0.0;0.0;0.0;0.0;0.0;11.2825;1920.7446;0.0;2.8862;95.2787;0.0136
204601;0.0;0.0;0.0;0.0;0.0;0.0;0.0;0.0;0.0;0.0;45.9302;0.0;0.8246;72.83;0.0353
6606;0.0;0.0;0.0;0.0;0.0;0.0;0.0;0.0;0.0;28.8332;953.1135;0.0;4.5355;339.0796;0.0248
128531;0.0;0.0;0.0;2.8647;0.0;0.0;0.0;0.0;0.0;0.0;0.0;0.0;0.8246;24.926;0.013
136563;0.0;0.0;0.0;0.0;0.0;0.0;0.0;0.0;0.0;0.722;0.0;0.0;0.0;0.0;0.003
229739;0.0;0.0;0.0;0.9549;0.0;0.0;0.0;0.0;0.0;28.8332;3183.1467;0.0;1.2369;136.4683;0.0325
392808;0.0;0.0;0.0;0.0;0.0;0.0;0.0;0.0;0.0;2.5072;631.201;0.0;0.0;0.0;0.0
104535;0.0;0.0;0.0;0.9549;0.0;0.0;0.0;0.0;0.0;46.3838;9377.7533;0.0;5.3601;377.6073;0.021
384603;0.0;0.0;0.0;0.0;0.0;0.0;0.0;0.0;0.0;0.0;24.8467;0.0;0.0;0.0;0.0
414746;0.0;0.0;0.0;0.0;0.0;0.0;0.0;0.0;0.0;1.8804;356.313;0.0;0.4123;28.2831;0.0168
208037;0.0;0.0;0.0;0.0;0.0;0.0;0.0;0.0;0.0;0.0;50.6206;0.0;0.8246;20.7494;0.0103
384729;0.0;0.0;0.0;0.0;0.0;0.0;0.0;0.0;0.0;3.9706;0.0;0.0;0.0;13.0486;0.008
240246;0.0;0.0;0.0;0.0;0.0;0.0;0.0;0.0;0.0;8.1485;1457.4431;0.0;0.4123;23.5017;0.0193
186587;0.0;0.0;0.0;0.0;0.0;0.0;0.0;0.0;0.0;0.0;726.2108;0.0;0.0;0.0;0.0035
338639;0.0;0.0;0.0;1.0154;0.0;0.0;0.0;0.0;0.0;0.0;0.0;0.0;0.0;0.0;0.0
81493;0.0;0.0;0.0;0.0;0.0;0.0;0.0;0.0;0.0;1.2536;7.2588;0.0;1.2369;60.1699;0.014
217861;0.0;0.0;0.0;2.0307;0.0;0.0;0.0;0.0;0.0;29.46;1002.9784;0.0;2.0616;182.1889;0.0263
10401;0.0;0.0;0.0;0.0;0.0;0.0;0.0;0.0;0.0;27.5795;1771.7812;0.0;2.8862;224.5838;0.0244
157350;0.0;0.0;0.0;0.0;0.0;0.0;0.0;0.0;0.0;0.0;23.0772;0.0;1.6493;43.4366;0.0098
306793;0.0;0.0;0.0;0.0;0.0;0.0;0.0;0.0;0.0;2.5072;21.7764;0.0;0.8246;81.9786;0.0329
400863;0.0;0.0;0.0;0.0;0.0;0.0;0.0;0.0;0.0;6.4974;0.0;0.0;0.0;0.0;0.0043
149763;0.0;0.0;0.0;0.0;0.0;0.0;0.0;0.0;0.0;0.0;0.0;0.0;0.4123;56.1521;0.1012
285942;0.0;0.0;0.0;0.0;0.0;0.0;0.0;0.0;0.0;1.2536;94.0489;0.0;0.8246;89.0293;0.0356
362722;0.0;0.0;0.0;0.0;0.0;0.0;0.0;0.0;0.0;1.4439;0.0;0.0;0.4123;21.998;0.0155
235920;0.0;0.0;0.0;0.0;0.0;0.0;0.0;0.0;0.0;8.1485;102.2546;0.0;1.2369;162.044;0.0538
89249;0.0;0.0;0.0;0.0;0.0;0.0;0.0;0.0;0.0;6.8949;1378.543;0.0;2.4739;107.0486;0.0146
326163;0.0;0.0;0.0;0.0;0.0;0.0;0.0;0.0;0.0;5.6413;935.7555;0.0;1.2369;84.252;0.0215
329331;0.0;0.0;0.0;0.0;0.0;0.0;0.0;0.0;0.0;0.0;93.8959;0.0;0.0;22.1032;0.0
102988;0.0;0.0;0.0;1.0154;0.0;0.0;0.0;0.0;0.0;0.0;1118.9628;0.0;0.4123;3.4559;0.0044
272414;0.0;0.0;0.0;0.0;0.0;0.0;0.0;0.0;0.0;0.0;0.0;0.0;0.0;76.7163;0.0
45706;0.0;0.0;0.0;0.0;0.0;0.0;0.0;0.0;0.0;16.297;3870.8401;0.0;0.4123;37.7064;0.0289
152901;0.0;0.0;0.0;0.0;0.0;0.0;0.0;0.0;0.0;3.134;927.8655;0.0;0.8246;6.7671;0.0039
197741;0.0;0.0;0.0;0.0;0.0;0.0;0.0;0.0;0.0;1.4439;0.0;0.0;1.2369;51.9783;0.0153
334932;0.0;0.0;0.0;0.0;0.0;0.0;0.0;0.0;0.0;1.8804;378.405;0.0;0.8246;50.4734;0.018
30419;0.0;0.0;0.0;0.0;0.0;0.0;0.0;0.0;0.0;11.9093;631.5166;0.0;3.2985;138.7487;0.0131
339033;0.0;0.0;0.0;0.0;0.0;0.0;0.0;0.0;0.0;2.5072;667.8107;0.0;1.2369;150.7492;0.0346
380237;0.0;0.0;0.0;0.0;0.0;0.0;0.0;0.0;0.0;0.0;756.6539;0.0;0.0;8.5939;0.0
146644;0.0;0.0;0.0;0.0;0.0;0.0;0.0;0.0;0.0;3.134;5.0496;0.0;0.4123;7.0928;0.0068
246521;0.0;0.0;0.0;0.0;0.0;0.0;0.0;0.0;0.0;40.7425;6683.4718;0.0;2.0616;332.5176;0.0366
60871;0.0;0.0;0.0;0.0;0.0;0.0;0.0;0.0;0.0;0.0;274.3424;0.0;0.4123;34.8663;0.0324
389151;0.0;0.0;0.0;0.0;0.0;0.0;0.0;0.0;0.0;0.0;653.1118;0.0;0.0;5.9913;0.0
271871;0.0;0.0;0.0;0.0;0.0;0.0;0.0;0.0;0.0;0.6268;6.6276;0.0;0.4123;2.4245;0.0017
408012;0.0;0.0;0.0;0.0;0.0;0.0;0.0;0.0;0.0;2.5072;538.7301;0.0;0.4123;29.231;0.0183
146852;0.0;0.0;0.0;0.0;0.0;0.0;0.0;0.0;0.0;2.1658;18.3099;0.0;0.4123;3.5159;0.0073
279642;0.0;0.0;0.0;0.0;0.0;0.0;0.0;0.0;0.0;0.361;132.5693;0.0;0.0;2.3283;0.0084
113615;0.0;0.0;0.0;0.0;0.0;0.0;0.0;0.0;0.0;1.4439;0.0;0.0;1.2369;56.2747;0.0218
230695;0.0;0.0;0.0;0.0;0.0;0.0;0.0;0.0;0.0;18.8042;4244.1955;0.0;1.6493;145.2498;0.0272
115908;0.0;0.0;0.0;0.0;0.0;0.0;0.0;0.0;0.0;0.0;0.0;0.0;3.2985;451.6672;0.042
386781;0.0;0.0;0.0;0.0;0.0;0.0;0.0;0.0;0.0;0.0;0.0;0.0;0.0;49.5058;0.0
108317;0.0;0.0;0.0;1.0154;0.0;0.0;0.0;0.0;0.0;0.0;94.6924;0.0;0.8246;46.0188;0.0253
169743;0.0;0.0;0.0;0.0;0.0;0.0;0.0;0.0;0.0;1.8804;182.1015;0.0;2.0616;116.4984;0.017
229957;0.0;0.0;0.0;0.0;0.0;0.0;0.0;0.0;0.0;3.134;472.4539;0.0;1.2369;111.2949;0.0305
133926;0.0;0.0;0.0;0.0;0.0;0.0;0.0;0.0;0.0;0.0;6.5589;0.0;0.0;0.0;0.0103
216887;0.0;0.0;0.0;0.0;0.0;0.0;0.0;0.0;0.0;0.0;325.7594;0.0;0.0;0.0;0.0
138801;0.0;0.0;0.0;0.0;0.0;0.0;0.0;0.0;0.0;2.5072;372.4086;0.0;0.4123;15.8438;0.0121
204151;0.0;0.0;0.0;0.0;0.0;0.0;0.0;0.0;0.0;0.6268;116.4566;0.0;0.8246;14.3435;0.0076
320147;0.0;0.0;0.0;0.0;0.0;0.0;0.0;0.0;0.0;1.8048;38.4964;0.0;0.8246;84.2963;0.0317
123241;0.0;0.0;0.0;0.0;0.0;0.0;0.0;0.0;0.0;42.6229;9954.671;0.0;4.1232;295.1006;0.0223
319133;0.0;0.0;0.0;0.0;0.0;0.0;0.0;0.0;0.0;25.6991;327.5933;0.0;3.2985;460.9632;0.0451
87348;0.0;0.0;0.0;0.0;0.0;0.0;0.0;0.0;0.0;0.0;271.593;0.0;0.4123;52.5572;0.032
284635;0.0;0.0;0.0;0.0;0.0;0.0;0.0;0.0;0.0;2.5072;714.2039;0.0;0.0;0.0;0.0
167789;0.0;0.0;0.0;0.0;0.0;0.0;0.0;0.0;0.0;1.2536;2.8404;0.0;1.6493;141.7556;0.0315
304207;0.0;0.0;0.0;0.9549;0.0;0.0;0.0;0.0;0.0;3.134;233.5444;0.0;1.2369;91.7195;0.0216
108646;0.0;0.0;0.0;0.9549;0.0;0.0;0.0;0.0;0.0;95.2748;15785.0746;0.0;3.7108;431.1568;0.0268
270712;0.0;0.0;0.0;0.0;0.0;0.0;0.0;0.0;0.0;0.722;0.0;0.0;0.0;0.0;0.0028
376934;0.0;0.0;0.0;0.0;0.0;0.0;0.0;0.0;0.0;28.8332;4553.1684;0.0;0.4123;33.2238;0.0202
270021;0.0;0.0;0.0;0.0;0.0;0.0;0.0;0.0;0.0;0.6268;146.123;0.0;2.0616;206.1664;0.0308
9357;0.0;0.0;0.0;0.0;0.0;0.0;0.0;0.0;0.0;51.3982;797.5225;0.0;4.9478;409.969;0.0238
279398;0.0;0.0;0.0;0.0;0.0;0.0;0.0;0.0;0.0;0.0;0.0;0.0;0.0;0.0;0.0
291794;0.0;0.0;0.0;0.0;0.0;0.0;0.0;0.0;0.0;6.8949;2099.0589;0.0;1.6493;172.5353;0.026
89390;0.0;0.0;0.0;0.0;0.0;0.0;0.0;0.0;0.0;0.0;0.0;0.0;0.4123;31.7764;0.0243
261488;0.0;0.0;0.0;0.0;0.0;0.0;0.0;0.0;0.0;3.7608;617.3146;0.0;0.4123;20.7499;0.0188
6971;0.0;0.0;0.0;0.0;0.0;0.0;0.0;0.0;0.0;239.4405;6776.574;0.0;4.1232;282.5762;0.0209
122687;0.0;0.0;0.0;0.9549;0.0;0.0;0.0;0.0;0.0;3.7608;1032.3292;0.0;0.8246;35.9091;0.0154
355716;0.0;0.0;0.0;0.0;0.0;0.0;0.0;0.0;0.0;15.6702;752.076;0.0;1.2369;140.4432;0.0293
247742;0.0;0.0;0.0;0.0;0.0;0.0;0.0;0.0;0.0;0.6268;105.4106;0.0;0.4123;8.5815;0.0081
39104;0.0;0.0;0.0;0.0;0.0;0.0;0.0;0.0;0.0;5.0145;25.248;0.0;1.2369;50.9826;0.0126
305227;0.0;0.0;0.0;0.0;0.0;0.0;0.0;0.0;0.0;0.0;0.0;0.0;0.0;0.0;0.0066
314413;0.0;0.0;0.0;0.0;0.0;0.0;0.0;0.0;0.0;0.0;586.6502;0.0;0.0;0.0;0.0
231644;0.0;0.0;0.0;1.0154;0.0;0.0;0.0;0.0;0.0;11.9093;813.3025;0.0;0.4123;11.0196;0.01
316963;0.0;0.0;0.0;0.0;0.0;0.0;0.0;0.0;0.0;10.1071;1570.1233;0.0;0.0;0.0;0.0
208243;0.0;0.0;0.0;0.0;0.0;0.0;0.0;0.0;0.0;0.0;39.0274;0.0;0.0;0.0;0.0047
357609;0.0;0.0;0.0;0.0;0.0;0.0;0.0;0.0;0.0;5.0145;936.3867;0.0;0.0;0.0;0.003
80655;0.0;0.0;0.0;0.9549;0.0;0.0;0.0;0.0;0.0;34.4744;8734.2439;0.0;4.1232;170.6552;0.0183
341401;0.0;0.0;0.0;0.0;0.0;0.0;0.0;0.0;0.0;142.9122;3932.0666;0.0;0.8246;77.6644;0.033
184008;0.0;0.0;0.0;0.0;0.0;0.0;0.0;0.0;0.0;4.3877;1165.5126;0.0;0.8246;30.0717;0.0138
167496;0.0;0.0;0.0;0.0;0.0;0.0;0.0;0.0;0.0;0.0;3.0974;0.0;0.0;0.0;0.0032
84957;0.0;0.0;0.0;0.0;0.0;0.0;0.0;0.0;0.0;20.6847;4005.286;0.0;3.7108;156.4106;0.0148
410734;0.0;0.0;0.0;0.0;0.0;0.0;0.0;0.0;0.0;0.6268;15.4644;0.0;0.0;11.0651;0.0
397839;0.0;0.0;0.0;0.0;0.0;0.0;0.0;0.0;0.0;0.0;27.6997;0.0;0.0;20.811;0.0076
228969;0.0;0.0;0.0;0.0;0.0;0.0;0.0;0.0;0.0;3.134;695.8991;0.0;0.8246;59.3492;0.027
41164;0.0;0.0;0.0;0.0;0.0;0.0;0.0;0.0;0.0;3.134;166.6371;0.0;5.7724;388.7273;0.02
234466;0.0;0.0;0.0;0.0;0.0;0.0;0.0;0.0;0.0;33.8476;5054.9732;0.0;2.4739;246.3887;0.03
143895;0.0;0.0;0.0;0.9549;0.0;0.0;0.0;0.0;0.0;57.6663;9282.7575;0.0;2.4739;272.3552;0.0296
80232;0.0;0.0;0.0;0.0;0.0;0.0;0.0;0.0;0.0;0.0;0.0;0.0;0.0;11.1663;0.0
279090;0.0;0.0;0.0;0.0;0.0;0.0;0.0;0.0;0.0;63.9344;7699.3898;0.0;2.8862;300.4693;0.0389
183889;0.0;0.0;0.0;0.0;0.0;0.0;0.0;0.0;0.0;11.9093;2569.9349;0.0;2.4739;258.3028;0.0289
413600;0.0;0.0;0.0;0.0;0.0;0.0;0.0;0.0;0.0;0.0;0.0;0.0;0.0;23.8523;0.0134
89720;0.0;0.0;0.0;0.0;0.0;0.0;0.0;0.0;0.0;11.2825;2141.0338;0.0;1.2369;59.3923;0.0184
95393;0.0;0.0;0.0;0.0;0.0;0.0;0.0;0.0;0.0;2.5072;114.563;0.0;0.4123;28.5842;0.0243
331232;0.0;0.0;0.0;0.0;0.0;0.0;0.0;0.0;0.0;0.0;0.0;0.0;0.0;15.1626;0.0
307185;0.0;0.0;0.0;0.0;0.0;0.0;0.0;0.0;0.0;4.3877;1030.4356;0.0;0.4123;43.6284;0.0373
128852;0.0;0.0;0.0;0.0;0.0;0.0;0.0;0.0;0.0;7.5803;26.2799;0.0;0.0;0.0;0.0
396398;0.0;0.0;0.0;0.0;0.0;0.0;0.0;0.0;0.0;5.4145;347.2643;0.0;0.0;0.0;0.0025
91897;0.0;0.0;0.0;0.0;0.0;0.0;0.0;0.0;0.0;13.163;3005.4636;0.0;0.4123;22.0226;0.0243
140749;0.0;0.0;0.0;0.0;0.0;0.0;0.0;0.0;0.0;31.3404;6368.5025;0.0;2.8862;329.6488;0.037
267258;0.0;0.0;0.0;0.0;0.0;0.0;0.0;0.0;0.0;13.163;550.7229;0.0;0.0;0.0;0.0
373412;0.0;0.0;0.0;0.0;0.0;0.0;0.0;0.0;0.0;20.2142;0.0;0.0;0.0;0.0;0.0086
179442;0.0;0.0;0.0;0.0;0.0;0.0;0.0;0.0;0.0;1.2536;276.466;0.0;0.0;20.3848;0.0
57758;0.0;0.0;0.0;0.0;0.0;0.0;0.0;0.0;0.0;5.0145;1303.1145;0.0;1.2369;35.4589;0.0127
400775;0.0;0.0;0.0;0.0;0.0;0.0;0.0;0.0;0.0;7.9413;0.0;0.0;0.0;0.0;0.0276
381768;0.0;0.0;0.0;0.0;0.0;0.0;0.0;0.0;0.0;8.7753;1604.5129;0.0;0.4123;21.9983;0.0155
190660;0.0;0.0;0.0;0.0;0.0;0.0;0.0;0.0;0.0;0.0;55.6288;0.0;0.4123;22.0553;0.0205
252348;0.0;0.0;0.0;0.0;0.0;0.0;0.0;0.0;0.0;19.8532;0.0;0.0;0.0;0.0;0.0038
249385;0.0;0.0;0.0;0.0;0.0;0.0;0.0;0.0;0.0;15.6702;3097.6189;0.0;1.6493;119.7863;0.0253
120972;0.0;0.0;0.0;0.0;0.0;0.0;0.0;0.0;0.0;0.0;0.0;0.0;0.0;8.2147;0.006
79855;0.0;0.0;0.0;0.0;0.0;0.0;0.0;0.0;0.0;2.5072;634.357;0.0;0.4123;30.7974;0.0324
139914;0.0;0.0;0.0;2.0307;0.0;0.0;0.0;0.0;0.0;0.0;0.0;0.0;0.0;4.0429;0.0093
140014;0.0;0.0;0.0;0.0;0.0;0.0;0.0;0.0;0.0;0.0;1809.9516;0.0;0.4123;17.295;0.0182
47967;0.0;0.0;0.0;0.0;0.0;0.0;0.0;0.0;0.0;0.6268;132.8678;0.0;0.0;0.0;0.0
353543;0.0;0.0;0.0;0.0;0.0;0.0;0.0;0.0;0.0;0.6268;151.4882;0.0;0.0;0.0;0.0128
261535;0.0;0.0;0.0;0.0;0.0;0.0;0.0;0.0;0.0;5.6413;768.1716;0.0;2.0616;165.4422;0.0273
102680;0.0;0.0;0.0;0.0;0.0;0.0;0.0;0.0;0.0;0.0;0.0;0.0;0.0;1.9869;0.0
128791;0.0;0.0;0.0;0.0;0.0;0.0;0.0;0.0;0.0;5.0535;0.0;0.0;1.6493;62.6502;0.0176
327503;0.0;0.0;0.0;0.9549;1.0875;0.0;0.0;0.0;0.0;0.0;0.0;0.0;0.8246;57.8876;0.0253
299547;0.0;0.0;0.0;0.0;0.0;0.0;0.0;0.0;0.0;8.1485;656.1334;0.0;0.8246;87.5932;0.039
77558;0.0;0.0;0.0;2.0307;0.0;0.0;0.0;0.0;0.0;5.6413;1464.3863;0.0;4.1232;246.0984;0.0183
328098;0.0;0.0;0.0;0.0;0.0;0.0;0.0;0.0;0.0;0.0;80.1788;0.0;0.0;13.4871;0.0
117521;0.0;0.0;0.0;0.0;0.0;0.0;0.0;0.0;0.0;0.0;6.3499;0.0;0.0;0.0;0.0125
56230;0.0;0.0;0.0;0.0;0.0;0.0;0.0;0.0;0.0;8.1485;1655.6402;0.0;0.8246;37.3864;0.0169
128100;0.0;0.0;0.0;0.0;0.0;0.0;0.0;0.0;0.0;1.0829;23.966;0.0;0.8246;93.6127;0.0479
165086;0.0;0.0;0.0;0.0;0.0;0.0;0.0;0.0;0.0;17.5506;350.6322;0.0;4.1232;132.8079;0.0126
43105;0.0;0.0;0.0;0.0;0.0;0.0;0.0;0.0;0.0;0.0;108.6659;0.0;0.0;113.2947;0.0
146342;0.0;0.0;0.0;0.0;0.0;0.0;0.0;0.0;0.0;0.0;0.0;0.0;0.4123;14.8241;0.0182
381008;0.0;0.0;0.0;0.0;0.0;0.0;0.0;0.0;0.0;3.7608;639.4066;0.0;0.8246;93.9836;0.032
5448;0.0;0.0;0.0;0.0;0.0;0.0;0.0;0.0;0.0;8.7753;2372.369;0.0;1.6493;99.4878;0.0187
261140;0.0;0.0;0.0;0.0;0.0;0.0;0.0;0.0;0.0;6.8949;1723.4943;0.0;1.2369;101.6992;0.0301
357193;0.0;0.0;0.0;0.0;0.0;0.0;0.0;0.0;0.0;0.0;0.0;0.0;0.0;0.0;0.0053
171656;0.0;0.0;0.0;0.0;0.0;0.0;0.0;0.0;0.0;1.8804;256.8988;0.0;0.8246;85.4295;0.0428
119895;0.0;0.0;0.0;0.0;0.0;0.0;0.0;0.0;0.0;0.0;0.0;0.0;0.0;41.4898;0.0027
406821;0.0;0.0;0.0;0.0;0.0;0.0;0.0;0.0;0.0;3.2487;0.0;0.0;0.0;94.9153;0.0022
39717;0.0;0.0;0.0;0.9549;0.0;0.0;0.0;0.0;0.0;0.0;0.0;0.0;4.5355;221.5865;0.0193
259935;0.0;0.0;0.0;0.0;0.0;0.0;0.0;0.0;0.0;0.0;0.0;0.0;0.4123;10.5783;0.01
140963;0.0;0.0;0.0;0.0;0.0;0.0;0.0;0.0;0.0;4.3877;726.828;0.0;1.2369;30.8169;0.0099
25005;0.0;0.0;0.0;0.9549;0.0;0.0;0.0;0.0;0.0;0.0;0.0;0.0;2.0616;98.783;0.024
371951;0.0;0.0;0.0;0.0;0.0;0.0;0.0;0.0;0.0;0.722;0.0;0.0;0.0;0.0;0.003
259024;0.0;0.0;0.0;0.0;0.0;0.0;0.0;0.0;0.0;0.0;0.0;0.0;0.8246;56.2153;0.0207
341121;0.0;0.0;0.0;0.0;0.0;0.0;0.0;0.0;0.0;1.4439;530.1002;0.0;0.0;31.639;0.0024
249011;0.0;0.0;0.0;0.0;0.0;0.0;0.0;0.0;0.0;1.8804;263.5264;0.0;0.0;0.0;0.0
224471;0.0;0.0;0.0;0.0;0.0;0.0;0.0;0.0;0.0;1.2536;212.0835;0.0;0.0;117.3183;0.0242
93547;0.0;0.0;0.0;0.0;0.0;0.0;0.0;0.0;0.0;5.4145;589.8361;0.0;0.4123;22.0226;0.0243
88703;0.0;0.0;0.0;0.0;0.0;0.0;0.0;0.0;0.0;1.2536;294.7709;0.0;0.8246;52.1657;0.0296
222064;0.0;0.0;0.0;0.0;0.0;0.0;0.0;0.0;0.0;0.0;848.7799;0.0;0.0;0.0;0.0038
46688;0.0;0.0;0.0;0.0;0.0;0.0;0.0;0.0;0.0;25.6991;1590.6265;0.0;1.2369;81.372;0.0209
307960;0.0;0.0;0.0;1.0154;0.0;0.0;0.0;0.0;0.0;2.5072;581.9673;0.0;0.8246;100.7516;0.0302
372523;0.0;0.0;0.0;0.0;0.0;0.0;0.0;0.0;0.0;6.8949;1467.5423;0.0;0.4123;35.8912;0.0183
4267;0.0;0.0;0.0;0.0;0.0;0.0;0.0;0.0;0.0;0.0;17.611;0.0;4.9478;317.6124;0.0156
101694;0.0;0.0;0.0;2.0307;0.0;0.0;0.0;0.0;0.0;0.0;0.0;0.0;1.2369;59.6825;0.0214
69583;0.0;0.0;0.0;0.0;0.0;0.0;0.0;0.0;0.0;22.5651;4974.1795;0.0;6.1847;225.0449;0.0149
293258;0.0;0.0;0.0;0.0;0.0;0.0;0.0;0.0;0.0;53.2787;1557.4885;0.0;2.4739;195.7254;0.0274
181490;0.0;0.0;0.0;0.0;0.0;0.0;0.0;0.0;0.0;0.722;112.4844;0.0;0.0;8.5492;0.0
222811;0.0;0.0;0.0;0.0;0.0;0.0;0.0;0.0;0.0;5.6413;243.9592;0.0;2.0616;121.0389;0.0189
352751;0.0;0.0;0.0;0.0;0.0;0.0;0.0;0.0;0.0;1.0829;42.0185;0.0;0.0;18.1946;0.0
334161;0.0;0.0;0.0;0.0;0.0;0.0;0.0;0.0;0.0;0.0;706.4758;0.0;0.0;0.0;0.0
408737;0.0;0.0;0.0;0.0;0.0;0.0;0.0;0.0;0.0;0.6268;138.8642;0.0;0.0;0.0;0.0022
285997;0.0;0.0;0.0;0.0;0.0;0.0;0.0;0.0;0.0;0.0;1634.8149;0.0;0.0;21.1242;0.0014
341734;0.0;0.0;0.0;0.0;0.0;0.0;0.0;0.0;0.0;0.0;177.0582;0.0;0.0;9.9467;0.0121
97000;0.0;0.0;0.0;0.0;0.0;0.0;0.0;0.0;0.0;0.0;58.8742;0.0;0.8246;40.3168;0.0182
93873;0.0;0.0;0.0;0.0;0.0;0.0;0.0;0.0;0.0;0.0;193.2966;0.0;0.0;0.0;0.0436
115055;0.0;0.0;0.0;0.0;0.0;0.0;0.0;0.0;0.0;2.5072;643.825;0.0;0.4123;43.2145;0.0324
304138;0.0;0.0;0.0;0.9549;0.0;0.0;0.0;0.0;0.0;0.0;17.7351;0.0;1.2369;89.9999;0.0277
35142;0.0;0.0;0.0;0.0;0.0;0.0;0.0;0.0;0.0;2.5072;13.8864;0.0;1.2369;76.5583;0.0193
172193;0.0;0.0;0.0;0.0;0.0;0.0;0.0;0.0;0.0;2.1658;102.1261;0.0;0.0;0.0;0.0013
206078;0.0;0.0;0.0;0.0;0.0;0.0;0.0;0.0;0.0;3.134;543.7797;0.0;0.4123;20.4016;0.0193
5742;0.0;0.0;0.0;0.0;0.0;0.0;0.0;0.0;0.0;0.0;65.9117;0.0;0.0;0.0;0.0
13204;0.0;0.0;0.0;0.0;0.0;0.0;0.0;0.0;0.0;1.2536;94.0489;0.0;2.4739;273.1141;0.0424
20666;0.0;0.0;0.0;1.0154;0.0;0.0;0.0;0.0;0.0;0.361;695.9446;0.0;0.4123;29.1939;0.0344
25895;0.0;0.0;0.0;0.0;0.0;0.0;0.0;0.0;0.0;9.0242;0.0;0.0;1.2369;66.9525;0.0242
30613;0.0;0.0;0.0;1.9098;1.0875;7.432;0.0;0.0;0.0;12.5362;2105.6865;0.0;2.4739;301.5456;0.0253
232243;0.0;0.0;0.0;0.0;0.0;0.0;0.0;0.0;0.0;0.0;564.9683;0.0;0.4123;10.5783;0.01
61275;0.0;0.0;0.0;0.0;0.0;0.0;0.0;0.0;0.0;0.0;44.1603;0.0;0.4123;26.7309;-0.1862
226328;0.0;0.0;0.0;0.0;0.0;0.0;0.0;0.0;0.0;35.1012;5700.0606;0.0;2.0616;128.6813;0.0213
422092;0.0;0.0;0.0;1.0154;0.0;0.0;0.0;0.0;0.0;2.5268;213.8986;0.0;0.0;45.7888;0.0
152984;0.0;0.0;0.0;0.0;0.0;0.0;0.0;0.0;0.0;0.0;66.9774;0.0;0.0;6.586;0.0
390804;0.0;0.0;0.0;0.0;0.0;0.0;0.0;0.0;0.0;1.4439;2.0129;0.0;0.0;0.0;0.0
291585;0.0;0.0;0.0;0.0;0.0;0.0;0.0;0.0;0.0;1.8804;373.9866;0.0;0.4123;45.2511;0.0422
223570;0.0;0.0;0.0;0.0;0.0;0.0;0.0;0.0;0.0;0.0;19.8237;0.0;0.0;19.6813;0.0031
171465;0.0;0.0;0.0;0.0;0.0;0.0;0.0;0.0;0.0;0.6268;99.0986;0.0;1.6493;68.8599;0.0272
293202;0.0;0.0;0.0;0.0;0.0;0.0;0.0;0.0;0.0;0.0;22.9209;0.0;0.0;18.0619;0.0
375917;0.0;0.0;0.0;0.0;0.0;0.0;0.0;0.0;0.0;0.6268;141.7046;0.0;0.8246;86.0534;0.0279
227238;0.0;0.0;0.0;0.0;0.0;0.0;0.0;0.0;0.0;0.0;564.9683;0.0;0.0;0.0;0.0
202689;0.0;0.0;0.0;0.0;0.0;0.0;0.0;0.0;0.0;0.0;55.6288;0.0;2.8862;355.149;0.0375
102698;0.0;0.0;0.0;0.0;0.0;0.0;0.0;0.0;0.0;0.6268;0.6312;0.0;1.2369;38.5481;0.0163
399630;0.0;0.0;0.0;0.0;0.0;0.0;0.0;0.0;0.0;3.7608;882.419;0.0;0.0;22.9888;0.0
190816;0.0;0.0;0.0;1.0154;0.0;0.0;0.0;0.0;0.0;23.4629;16.0713;0.0;0.4123;19.0463;0.0205
71636;0.0;0.0;0.0;0.9549;0.0;0.0;0.0;0.0;0.0;0.0;154.6052;0.0;0.0;0.0;0.0
104664;0.0;0.0;0.0;0.0;0.0;0.0;0.0;0.0;0.0;5.7755;224.5183;0.0;0.0;114.8849;0.0
240487;0.0;0.0;0.0;0.0;0.0;0.0;0.0;0.0;0.0;7.5217;1393.3762;0.0;1.2369;131.9384;0.0375
169779;0.0;0.0;0.0;0.0;0.0;0.0;0.0;0.0;0.0;0.0;0.0;0.0;0.0;8.9167;0.004
295260;0.0;0.0;0.0;0.9549;0.0;0.0;0.0;0.0;0.0;16.297;4024.8532;0.0;1.2369;152.3133;0.0341
232710;0.0;0.0;0.0;1.0154;0.0;0.0;0.0;0.0;0.0;23.8187;5402.4494;0.0;2.4739;173.5682;0.0241
89420;0.0;0.0;0.0;0.0;0.0;0.0;0.0;0.0;0.0;1.2536;243.9592;0.0;0.0;0.0;0.0063
296022;0.0;0.0;0.0;0.0;0.0;0.0;0.0;0.0;0.0;0.6268;49.8649;0.0;1.2369;142.8886;0.031
165015;0.0;0.0;0.0;0.0;0.0;0.0;0.0;0.0;0.0;0.6268;149.279;0.0;0.4123;7.3911;0.0073
200190;0.0;0.0;0.0;0.0;0.0;0.0;0.0;0.0;0.0;0.6268;168.8463;0.0;1.2369;41.1164;0.0126
145162;0.0;0.0;0.0;1.0154;0.0;0.0;0.0;0.0;0.0;2.5268;0.0;0.0;0.8246;28.9684;0.0118
361962;0.0;0.0;0.0;0.0;0.0;0.0;0.0;0.0;0.0;0.6268;110.7758;0.0;0.4123;35.3886;0.0221
369217;0.0;0.0;0.0;0.0;0.0;0.0;0.0;0.0;0.0;0.0;44.6027;0.0;0.0;25.1197;0.0
165813;0.0;0.0;0.0;0.0;0.0;0.0;0.0;0.0;0.0;0.0;197.792;0.0;0.0;7.9574;0.0052
378580;0.0;0.0;0.0;0.0;0.0;0.0;0.0;0.0;0.0;0.722;295.9357;0.0;0.0;77.8015;0.0
208511;0.0;0.0;0.0;0.0;0.0;0.0;0.0;0.0;0.0;0.0;429.6555;0.0;0.0;0.0;0.0127
231175;0.0;0.0;0.0;0.0;0.0;0.0;0.0;0.0;0.0;3.2487;0.0;0.0;1.6493;122.1991;0.0266
178821;0.0;0.0;0.0;0.0;0.0;0.0;0.0;0.0;0.0;0.0;0.0;0.0;0.0;27.8142;0.0
192618;0.0;0.0;0.0;0.0;0.0;0.0;0.0;0.0;0.0;3.134;771.9588;0.0;0.4123;15.2256;0.0162
398241;0.0;0.0;0.0;0.0;0.0;0.0;0.0;0.0;0.0;0.6268;138.5486;0.0;0.4123;26.2314;0.0188
131577;0.0;0.0;0.0;1.9098;0.0;0.0;0.0;0.0;0.0;6.8949;1167.0907;0.0;3.2985;187.1132;0.0203
85456;0.0;0.0;0.0;0.0;0.0;0.0;0.0;0.0;0.0;8.7753;989.7232;0.0;0.4123;22.9332;0.0223
177516;0.0;0.0;0.0;0.9549;0.0;0.0;0.0;0.0;0.0;0.6268;2.2092;0.0;1.2369;58.0877;0.0157
208460;0.0;0.0;0.0;0.0;0.0;0.0;0.0;0.0;0.0;0.0;0.0;0.0;0.0;0.0;0.0049
173628;0.0;0.0;0.0;0.9549;0.0;0.0;0.0;0.0;0.0;21.9383;2826.5181;0.0;2.0616;185.7206;0.0334
208170;0.0;0.0;0.0;0.0;0.0;0.0;0.0;0.0;0.0;0.0;823.3811;0.0;0.4123;68.5441;0.0628
270430;0.0;0.0;0.0;0.0;0.0;0.0;0.0;0.0;0.0;4.3877;1265.2424;0.0;0.0;0.0;0.0
33714;0.0;0.0;0.0;0.0;0.0;0.0;0.0;0.0;0.0;0.0;0.0;0.0;0.0;17.6856;0.0104
386684;0.0;0.0;0.0;0.0;0.0;0.0;0.0;0.0;0.0;0.0;0.0;0.0;0.0;32.8906;0.0075
419752;0.0;0.0;0.0;0.0;0.0;0.0;0.0;0.0;0.0;0.0;0.0;0.0;0.0;0.0;0.0
395935;0.0;0.0;0.0;0.0;0.0;0.0;0.0;0.0;0.0;0.361;478.6832;0.0;0.0;0.0;0.0018
255590;0.0;0.0;0.0;0.0;0.0;0.0;0.0;0.0;0.0;0.6268;173.5803;0.0;0.8246;97.6897;0.0511
227024;0.0;0.0;0.0;0.0;0.0;0.0;0.0;0.0;0.0;4.3877;398.919;0.0;1.2369;41.1164;0.0126
320616;0.0;0.0;0.0;0.0;0.0;0.0;0.0;0.0;0.0;0.0;149.8263;0.0;0.0;74.4098;0.0
258445;0.0;0.0;0.0;0.0;0.0;0.0;0.0;0.0;0.0;14.4166;1043.3753;0.0;0.8246;19.3473;0.0105
153816;0.0;0.0;0.0;0.0;0.0;0.0;0.0;0.0;0.0;3.7608;825.6109;0.0;0.8246;38.9968;0.0137
208336;0.0;0.0;0.0;0.0;0.0;0.0;0.0;0.0;0.0;0.0;0.0;0.0;0.0;37.2318;0.0095
106448;0.0;0.0;0.0;0.0;0.0;0.0;0.0;0.0;0.0;2.5072;233.2288;0.0;1.2369;41.4042;0.0164
336883;0.0;0.0;0.0;0.0;0.0;0.0;0.0;0.0;0.0;6.1364;148.4104;0.0;0.0;0.0;0.0
34298;0.0;0.0;0.0;0.0;0.0;0.0;0.0;0.0;0.0;0.0;477.0902;0.0;0.0;23.7528;0.0
70407;0.0;0.0;0.0;0.0;0.0;0.0;0.0;0.0;0.0;0.0;0.0;0.0;1.2369;67.6414;0.0191
7791;0.0;0.0;0.0;0.0;0.0;0.0;0.0;0.0;0.0;2.1658;0.0;0.0;3.2985;242.7084;0.0263
360378;0.0;0.0;0.0;0.0;0.0;0.0;0.0;0.0;0.0;1.8804;130.0274;0.0;0.8246;43.7389;0.0123
201810;0.0;0.0;0.0;0.0;0.0;0.0;0.0;0.0;0.0;0.6268;119.9282;0.0;0.4123;10.3547;0.0103
145825;0.0;0.0;0.0;0.0;0.0;0.0;0.0;0.0;0.0;0.0;124.6107;0.0;1.6493;58.9457;0.014
138298;0.0;0.0;0.0;0.0;0.0;0.0;0.0;0.0;0.0;0.0;97.0818;0.0;1.2369;76.654;0.0123
372476;0.0;0.0;0.0;0.0;0.0;0.0;0.0;0.0;0.0;0.0;0.0;0.0;0.0;2.4581;0.003
109553;0.0;0.0;0.0;0.0;0.0;0.0;0.0;0.0;0.0;36.3548;4008.442;0.0;1.2369;70.517;0.0185
224553;0.0;0.0;0.0;0.9549;0.0;0.0;0.0;0.0;0.0;18.1774;4399.1554;0.0;1.2369;69.7762;0.0204
90149;0.0;0.0;0.0;0.0;0.0;0.0;0.0;0.0;0.0;23.1919;4514.9808;0.0;2.4739;120.8359;0.0148
199491;0.0;0.0;0.0;0.0;0.0;0.0;0.0;0.0;0.0;6.2681;382.8234;0.0;1.6493;143.4785;0.034
328397;0.0;0.0;0.0;0.0;0.0;0.0;0.0;0.0;0.0;0.0;0.0;0.0;1.6493;82.2638;0.0164
359775;0.0;0.0;0.0;1.0154;0.0;0.0;0.0;0.0;0.0;0.0;0.0;0.0;0.0;6.807;0.0058
113286;0.0;0.0;0.0;0.0;0.0;0.0;0.0;0.0;0.0;5.0145;231.6508;0.0;1.2369;28.9232;0.0118
187434;0.0;0.0;0.0;0.0;0.0;0.0;0.0;0.0;0.0;0.0;0.0;0.0;0.0;0.0;0.0
380364;0.0;0.0;0.0;0.0;0.0;0.0;0.0;0.0;0.0;0.6268;175.1583;0.0;0.5134;11.1663;0.0
220601;0.0;0.0;0.0;0.0;0.0;0.0;0.0;0.0;0.0;0.0;0.0;0.0;0.0;0.0;0.0
342617;0.0;0.0;0.0;0.0;0.0;0.0;0.0;0.0;0.0;3.7608;926.6031;0.0;0.0;115.8468;0.0132
273494;0.0;0.0;0.0;0.0;0.0;0.0;0.0;0.0;0.0;11.2825;2377.4186;0.0;2.0616;420.8387;0.0464
320968;0.0;0.0;0.0;0.0;0.0;0.0;0.0;0.0;0.0;10.0289;1626.9206;0.0;0.4123;31.9955;0.0262
346937;0.0;0.0;0.0;0.0;0.0;0.0;0.0;0.0;0.0;1.2536;336.7457;0.0;0.0;0.0;0.0
318330;0.0;0.0;0.0;0.0;0.0;0.0;0.0;0.0;0.0;2.5072;520.7408;0.0;0.8246;101.2986;0.033
341248;0.0;0.0;0.0;0.0;0.0;0.0;0.0;0.0;0.0;0.0;6.8995;0.0;0.0;0.0;0.005
173110;0.0;0.0;0.0;1.0154;0.0;0.0;0.0;0.0;0.0;0.0;36.284;0.0;0.4123;6.6402;0.0076
9264;0.0;0.0;0.0;0.0;0.0;0.0;0.0;0.0;0.0;0.0;0.0;0.0;1.6493;56.0762;0.0162
223366;0.0;0.0;0.0;0.0;0.0;0.0;0.0;0.0;0.0;0.0;1103.3873;0.0;0.0;5.3157;0.0063
330592;0.0;0.0;0.0;0.0;0.0;0.0;0.0;0.0;0.0;0.0;0.0;0.0;0.0;0.8157;0.0
235876;0.0;0.0;0.0;1.0154;0.0;0.0;0.0;0.0;0.0;0.0;177.5366;0.0;2.0616;56.9476;0.01
142523;0.0;0.0;0.0;0.0;0.0;0.0;0.0;0.0;0.0;5.0145;199.1439;0.0;0.8246;119.3039;0.0605
215587;0.0;0.0;0.0;0.0;0.0;0.0;0.0;0.0;0.0;0.0;0.0;0.0;0.0;16.1818;0.006
251145;0.0;0.0;0.0;0.0;0.0;0.0;0.0;0.0;0.0;0.6268;172.6335;0.0;0.4123;10.8648;0.0095
257946;0.0;0.0;0.0;0.0;0.0;0.0;0.0;0.0;0.0;10.0289;1856.0465;0.0;1.2369;140.5187;0.0382
229998;0.0;0.0;0.0;1.0154;0.0;0.0;0.0;0.0;0.0;7.5217;1916.6418;0.0;1.6493;116.0743;0.0236
49976;0.0;0.0;0.0;0.0;0.0;0.0;0.0;0.0;0.0;4.3877;1228.3171;0.0;1.6493;59.7668;0.0179
281271;0.0;0.0;0.0;0.0;0.0;0.0;0.0;0.0;0.0;0.0;0.0;0.0;0.4123;36.0899;0.0307
16462;0.0;0.0;0.0;0.0;0.0;0.0;0.0;0.0;0.0;0.0;126.8888;0.0;0.0;0.0;0.0
96875;0.0;0.0;0.0;0.0;0.0;0.0;0.0;0.0;0.0;1.8804;498.3332;0.0;0.8246;72.2074;0.0302
12814;0.0;0.0;0.0;0.0;0.0;0.0;0.0;0.0;0.0;14.4387;48.1426;0.0;0.0;0.0;0.0
324924;0.0;0.0;0.0;0.0;0.0;0.0;0.0;0.0;0.0;0.0;2605.8099;0.0;0.0;1.7535;0.0113
165739;0.0;0.0;0.0;1.0154;0.0;0.0;0.0;0.0;0.0;1.8804;431.7415;0.0;0.8246;26.2618;0.0128
211474;0.0;0.0;0.0;1.0154;0.0;0.0;0.0;0.0;0.0;7.5217;804.7813;0.0;0.8246;71.0252;0.0402
252274;0.0;0.0;0.0;0.0;0.0;0.0;0.0;0.0;0.0;3.134;771.9588;0.0;0.4123;26.3019;0.0193
248876;0.0;0.0;0.0;0.0;0.0;0.0;0.0;0.0;0.0;8.7753;1635.1262;0.0;0.4123;20.6373;0.0157
151656;0.0;0.0;0.0;0.0;0.0;0.0;0.0;0.0;0.0;4.3877;18.936;0.0;1.6493;84.7331;0.022
77859;0.0;0.0;0.0;0.0;0.0;0.0;0.0;0.0;0.0;17.5506;1819.1213;0.0;2.8862;151.8203;0.0136
36611;0.0;0.0;0.0;0.0;0.0;0.0;0.0;0.0;0.0;24.4455;1541.7084;0.0;6.1847;498.0023;0.0245
64040;0.0;0.0;0.0;0.0;0.0;0.0;0.0;0.0;0.0;19.431;2413.397;0.0;3.7108;255.895;0.0252
308351;0.0;0.0;0.0;0.0;0.0;0.0;0.0;0.0;0.0;0.6268;134.1302;0.0;0.8246;125.4918;0.0465
318625;0.0;0.0;0.0;0.0;0.0;0.0;0.0;0.0;0.0;0.0;0.0;0.0;0.0;0.0;0.0032
385813;0.0;0.0;0.0;0.0;0.0;0.0;0.0;0.0;0.0;0.6268;131.921;0.0;0.0;80.7173;0.0
409391;0.0;0.0;0.0;0.0;0.0;0.0;0.0;0.0;0.0;1.8804;345.5825;0.0;0.4123;73.4122;0.0498
169793;0.0;0.0;0.0;0.0;0.0;0.0;0.0;0.0;0.0;0.0;0.0;0.0;0.4123;6.2433;0.0068
269723;0.0;0.0;0.0;0.0;0.0;0.0;0.0;0.0;0.0;0.0;43.9254;0.0;0.0;59.3877;0.0188
140712;0.0;0.0;0.0;0.0;0.0;0.0;0.0;0.0;0.0;0.0;3601.0532;0.0;0.0;0.0;0.0081
107170;0.0;0.0;0.0;0.0;0.0;0.0;0.0;0.0;0.0;0.0;0.0;0.0;0.0;0.0;0.0022
267052;0.0;0.0;0.0;1.0154;0.0;0.0;0.0;0.0;0.0;0.6268;72.5881;0.0;0.0;0.0;0.0
337919;0.0;0.0;0.0;2.8647;0.0;0.0;0.0;0.0;0.0;148.5534;5612.6393;0.0;1.2369;90.1543;0.0218
294401;0.0;0.0;0.0;0.0;0.0;0.0;0.0;0.0;0.0;0.0;0.0;0.0;0.0;14.6744;0.0
306884;0.0;0.0;0.0;1.0154;0.0;0.0;0.0;0.0;0.0;0.6268;157.8003;0.0;0.4123;45.2511;0.0422
133279;0.0;0.0;0.0;8.1228;0.0;0.0;0.0;0.0;0.0;1.2536;21.1452;0.0;2.0616;107.9032;0.0217
221667;0.0;0.0;0.0;0.0;0.0;0.0;0.0;0.0;0.0;1.8804;78.5845;0.0;1.2369;82.3461;0.0239
158897;0.0;0.0;0.0;0.0;0.0;0.0;0.0;0.0;0.0;7.5217;628.6762;0.0;0.0;42.759;0.0
134379;0.0;0.0;0.0;0.0;0.0;0.0;0.0;0.0;0.0;0.0;41.1958;0.0;0.0;4.1288;0.0032
201613;0.0;0.0;0.0;0.0;0.0;0.0;0.0;0.0;0.0;0.0;0.0;0.0;0.0;0.0;0.004
226848;0.0;0.0;0.0;0.0;0.0;0.0;0.0;0.0;0.0;8.1485;1333.0965;0.0;2.0616;116.0843;0.0189
342064;0.0;0.0;0.0;0.0;0.0;0.0;0.0;0.0;0.0;1.2536;330.1181;0.0;0.0;0.0;0.0104
229807;0.0;0.0;0.0;0.0;0.0;0.0;0.0;0.0;0.0;1.2536;337.3769;0.0;0.0;99.1048;0.0
165958;0.0;0.0;0.0;0.0;0.0;0.0;0.0;0.0;0.0;0.6268;139.811;0.0;1.6493;40.3294;0.0088
18545;0.0;0.0;0.0;0.0;0.0;0.0;0.0;0.0;0.0;0.0;0.0;0.0;1.6493;84.1512;0.0116
59082;0.0;0.0;0.0;0.0;0.0;0.0;0.0;0.0;0.0;1.2536;311.4977;0.0;1.2369;27.3521;0.0101
174138;0.0;0.0;0.0;0.9549;0.0;0.0;0.0;0.0;0.0;5.0145;1052.8433;0.0;0.4123;19.7399;0.0143
407285;0.0;0.0;0.0;0.0;0.0;0.0;0.0;0.0;0.0;1.4439;1389.4113;0.0;0.0;0.0;0.0
317869;0.0;0.0;0.0;0.0;0.0;0.0;0.0;0.0;0.0;2.5072;642.8782;0.0;1.6493;214.0753;0.0372
144375;0.0;0.0;0.0;0.0;0.0;0.0;0.0;0.0;0.0;0.6268;107.6198;0.0;0.8246;20.3762;0.0107
298990;0.0;0.0;0.0;0.0;0.0;75.5519;0.0;0.0;0.0;1.2536;125.9246;0.0;0.8246;142.5918;0.0389
335208;0.0;0.0;0.0;0.0;0.0;0.0;0.0;0.0;0.0;0.6268;125.9246;0.0;0.4123;59.1116;0.0505
285107;0.0;0.0;0.0;0.0;0.0;0.0;0.0;0.0;0.0;2.5072;437.4223;0.0;1.2369;170.4119;0.0437
293171;0.0;0.0;0.0;0.0;0.0;0.0;0.0;0.0;0.0;19.431;1025.7016;0.0;0.0;0.0;0.0
139585;0.0;0.0;0.0;0.0;0.0;0.0;0.0;0.0;0.0;0.0;0.0;0.0;0.0;0.0;0.0
74875;0.0;0.0;0.0;0.0;0.0;0.0;0.0;0.0;0.0;2.5072;483.8156;0.0;0.8246;55.574;0.0254
153958;0.0;0.0;0.0;0.0;0.0;0.0;0.0;0.0;0.0;0.0;3693.8871;0.0;0.0;24.6468;0.0047
336463;0.0;0.0;0.0;0.0;0.0;0.0;0.0;0.0;0.0;0.0;12.4781;0.0;0.0;12.8244;0.0063
316578;0.0;0.0;0.0;0.0;0.0;0.0;0.0;0.0;0.0;3.7608;745.1328;0.0;0.8246;79.5309;0.033
126744;0.0;0.0;0.0;0.0;0.0;0.0;0.0;0.0;0.0;0.6268;152.7506;0.0;1.6493;55.4991;0.0169
72499;0.0;0.0;0.0;0.0;0.0;0.0;0.0;0.0;0.0;0.0;131.2418;0.0;3.2985;261.3571;0.022
156184;0.0;0.0;0.0;0.0;0.0;0.0;0.0;0.0;0.0;0.0;0.0;0.0;0.4123;19.3244;0.0198
311679;0.0;0.0;0.0;1.9098;0.0;0.0;0.0;0.0;0.0;23.8187;4372.3293;0.0;1.6493;259.9918;0.0431
370360;0.0;0.0;0.0;0.0;0.0;0.0;0.0;0.0;0.0;26.3259;5339.6449;0.0;1.2369;208.5902;0.0401
342495;0.0;0.0;0.0;0.0;0.0;0.0;0.0;0.0;0.0;1.8804;469.9291;0.0;0.0;0.0;0.0124
265391;0.0;0.0;0.0;0.9549;0.0;0.0;0.0;0.0;0.0;3.134;581.6517;0.0;2.0616;160.3626;0.0307
400011;0.0;0.0;0.0;0.0;0.0;0.0;0.0;0.0;0.0;0.0;0.0;0.0;0.4123;31.9033;0.0183
165148;0.0;0.0;0.0;0.0;0.0;0.0;0.0;0.0;0.0;17.5506;1322.6817;0.0;4.5355;330.9009;0.0222
326801;0.0;0.0;0.0;0.0;0.0;0.0;0.0;0.0;0.0;1.8048;0.0;0.0;0.0;115.8468;0.0036
127592;0.0;0.0;0.0;0.0;0.0;0.0;0.0;0.0;0.0;0.0;12.4781;0.0;0.0;129.3978;0.0
207291;0.0;0.0;0.0;0.0;0.0;0.0;0.0;0.0;0.0;0.0;0.0;0.0;0.4123;23.9332;0.0189
174854;0.0;0.0;0.0;0.9549;0.0;0.0;0.0;0.0;0.0;0.6268;36.6097;0.0;2.8862;352.6328;0.0344
322244;0.0;0.0;0.0;0.0;0.0;0.0;0.0;0.0;0.0;12.5362;3198.9267;0.0;1.2369;230.2296;0.0628
2841;0.0;0.0;0.0;0.9549;1.0875;4.4592;0.0;0.0;0.0;0.0;0.0;0.0;1.2369;49.4052;0.0166
215381;0.0;0.0;0.0;0.0;0.0;0.0;0.0;0.0;0.0;0.0;0.0;0.0;0.0;2.9765;0.0
373616;0.0;0.0;0.0;0.0;0.0;0.0;0.0;0.0;0.0;0.0;0.0;0.0;0.0;0.0;0.0
146489;0.0;0.0;0.0;0.0;0.0;0.0;0.0;0.0;0.0;0.0;9.7347;0.0;0.0;107.5002;0.0
50834;0.0;0.0;0.0;0.0;0.0;0.0;0.0;0.0;0.0;0.0;0.0;0.0;0.4123;29.8221;0.0324
83039;0.0;0.0;0.0;0.0;0.0;0.0;0.0;0.0;0.0;5.6413;1145.3142;0.0;0.0;0.0;0.0
255952;0.0;0.0;0.0;0.0;0.0;0.0;0.0;0.0;0.0;0.0;4.6904;0.0;0.0;0.0;0.0038
47652;0.0;0.0;0.0;0.0;0.0;0.0;0.0;0.0;0.0;0.6268;89.9461;0.0;0.0;0.0;0.0044
297871;0.0;0.0;0.0;0.0;0.0;0.0;0.0;0.0;0.0;0.0;0.0;0.0;0.8246;132.1296;0.0532
46520;0.0;0.0;0.0;0.0;0.0;0.0;0.0;0.0;0.0;3.2487;1127.9011;0.0;0.0;37.9368;0.0099
200254;0.0;0.0;0.0;0.0;0.0;0.0;0.0;0.0;0.0;3.134;283.4092;0.0;0.4123;21.0754;0.0193
306097;0.0;0.0;0.0;0.0;0.0;0.0;0.0;0.0;0.0;0.0;0.0;0.0;0.8246;42.3533;0.0366
399379;0.0;0.0;0.0;0.0;0.0;0.0;0.0;0.0;0.0;0.722;0.0;0.0;0.0;0.0;0.0049
127735;0.0;0.0;0.0;0.0;0.0;0.0;0.0;0.0;0.0;4.3877;148.6478;0.0;1.6493;58.1328;0.0133
214905;0.0;0.0;0.0;0.9549;0.0;0.0;0.0;0.0;0.0;26.9527;1644.5942;0.0;2.0616;133.8446;0.0198
66076;0.0;0.0;0.0;0.0;0.0;0.0;0.0;0.0;0.0;18.1774;2120.8354;0.0;0.4123;38.6211;0.0324
48436;0.0;0.0;0.0;0.0;0.0;0.0;0.0;0.0;0.0;6.8949;1745.902;0.0;2.0616;94.8157;0.0195
91036;0.0;0.0;0.0;0.0;0.0;0.0;0.0;0.0;0.0;1.8804;332.6429;0.0;0.0;0.0;0.0
65020;0.0;0.0;0.0;0.0;0.0;0.0;0.0;0.0;0.0;0.0;58.5854;0.0;0.4123;14.7077;0.0473
410560;0.0;0.0;0.0;0.0;0.0;0.0;0.0;0.0;0.0;3.134;55.2301;0.0;0.4123;14.178;0.0119
269021;0.0;0.0;0.0;0.0;0.0;0.0;0.0;0.0;0.0;0.0;5.6272;0.0;0.0;0.0;0.0047
305972;0.0;0.0;0.0;0.0;0.0;0.0;0.0;0.0;0.0;1.8804;281.2;0.0;0.8246;112.7381;0.0462
371690;0.0;0.0;0.0;0.0;0.0;0.0;0.0;0.0;0.0;3.134;525.4748;0.0;0.0;0.0;0.0
288155;0.0;0.0;0.0;0.0;0.0;0.0;0.0;0.0;0.0;6.8949;1332.4653;0.0;1.2369;166.1777;0.0311
368216;0.0;0.0;0.0;0.9549;0.0;0.0;0.0;0.0;0.0;19.431;3742.3907;0.0;0.8246;80.4831;0.0278
1318;0.0;0.0;0.0;0.0;0.0;0.0;0.0;0.0;0.0;15.0434;823.0861;0.0;0.8246;51.3149;0.0206
213983;0.0;0.0;0.0;0.0;0.0;0.0;0.0;0.0;0.0;1.8804;477.188;0.0;1.2369;97.9711;0.0237
311289;0.0;0.0;0.0;0.0;0.0;0.0;0.0;0.0;0.0;0.6268;62.1733;0.0;2.0616;149.4574;0.023
289525;0.0;0.0;0.0;0.0;0.0;0.0;0.0;0.0;0.0;0.361;0.0;0.0;0.0;0.0;0.0036
332324;0.0;0.0;0.0;0.0;0.0;0.0;0.0;0.0;0.0;0.0;6.7264;0.0;1.2369;127.8023;0.0371
295840;0.0;0.0;0.0;0.9549;0.0;0.0;0.0;0.0;0.0;2.5072;765.6468;0.0;0.8246;132.0887;0.0532
79037;0.0;0.0;0.0;0.9549;1.0875;126.344;0.0;0.0;0.0;2.5072;257.2144;0.0;2.8862;127.3913;0.017
182319;0.0;0.0;0.0;0.9549;0.0;0.0;0.0;0.0;0.0;0.361;337.7951;0.0;1.6493;103.1062;0.0289
39364;0.0;0.0;0.0;0.0;0.0;0.0;0.0;0.0;0.0;113.4522;8951.6926;0.0;4.5355;578.6696;0.0273
126921;0.0;0.0;0.0;0.0;0.0;0.0;0.0;0.0;0.0;0.6268;169.7931;0.0;2.0616;74.4572;0.0157
243186;0.0;0.0;0.0;0.0;0.0;0.0;0.0;0.0;0.0;5.0145;957.2163;0.0;0.8246;40.4273;0.0183
20819;0.0;0.0;0.0;0.0;0.0;0.0;0.0;0.0;0.0;8.7753;649.1902;0.0;1.2369;103.2298;0.0428
107376;0.0;0.0;0.0;0.0;0.0;0.0;0.0;0.0;0.0;0.0;0.0;0.0;0.0;0.0;0.0107
286822;0.0;0.0;0.0;0.0;0.0;0.0;0.0;0.0;0.0;0.6268;157.169;0.0;0.4123;57.1948;0.0449
345550;0.0;0.0;0.0;0.0;0.0;0.0;0.0;0.0;0.0;0.0;0.0;0.0;0.0;90.0166;0.0126
256076;0.0;0.0;0.0;0.0;0.0;0.0;0.0;0.0;0.0;3.134;519.794;0.0;1.6493;79.0301;0.0161
214539;0.0;0.0;0.0;0.0;0.0;0.0;0.0;0.0;0.0;18.1774;3955.1055;0.0;0.4123;12.2908;0.01
280656;0.0;0.0;0.0;0.9549;0.0;0.0;0.0;0.0;0.0;1.8804;290.9837;0.0;0.8246;54.4932;0.0234
281573;0.0;0.0;0.0;1.0154;0.0;0.0;0.0;0.0;0.0;1.2536;253.7428;0.0;0.0;41.5463;0.014
159427;0.0;0.0;0.0;0.0;0.0;0.0;0.0;0.0;0.0;0.0;0.0;0.0;0.0;0.0;0.0
172231;0.0;0.0;0.0;0.9549;0.0;0.0;0.0;0.0;0.0;31.9672;8554.9828;0.0;2.4739;164.1011;0.0225
319329;0.0;0.0;0.0;0.0;0.0;0.0;0.0;0.0;0.0;1.8804;70.3789;0.0;0.4123;15.682;0.0135
353106;0.0;0.0;0.0;8.1228;0.0;0.0;0.0;0.0;0.0;0.0;588.5971;0.0;0.0;0.0;0.0173
396221;0.0;0.0;0.0;0.0;0.0;0.0;0.0;0.0;0.0;4.3877;63.7513;0.0;0.0;0.0;0.0038
109200;0.0;0.0;0.0;0.0;0.0;0.0;0.0;0.0;0.0;1.8048;25.0759;0.0;0.0;0.0;0.009
168674;0.0;0.0;0.0;0.0;0.0;0.0;0.0;0.0;0.0;0.0;373.9021;0.0;0.4123;0.0;0.0091
303619;0.0;0.0;0.0;0.0;0.0;0.0;0.0;0.0;0.0;0.0;0.0;0.0;0.0;37.3263;0.0038
401233;0.0;0.0;0.0;0.0;0.0;0.0;0.0;0.0;0.0;0.0;0.0;0.0;0.8246;24.8332;0.009
186703;0.0;0.0;0.0;2.0307;0.0;0.0;0.0;0.0;0.0;0.0;8.2538;0.0;0.4123;34.3741;0.0162
253540;0.0;0.0;0.0;0.0;0.0;0.0;0.0;0.0;0.0;13.7898;2985.5807;0.0;2.4739;181.9264;0.0244
72214;0.0;0.0;0.0;0.0;0.0;23.505;0.0;0.0;0.0;1.2536;269.2072;0.0;0.0;0.0;0.0017
319390;0.0;0.0;0.0;0.0;0.0;0.0;0.0;0.0;0.0;46.3838;1575.4777;0.0;1.6493;87.0122;0.0198
192517;0.0;0.0;0.0;0.0;0.0;0.0;0.0;0.0;0.0;0.0;34.4353;0.0;0.0;0.0;0.0
400327;0.0;0.0;0.0;0.0;0.0;0.0;0.0;0.0;0.0;5.6413;1541.0772;0.0;0.0;0.0;0.0
205070;0.0;0.0;0.0;0.9549;0.0;0.0;0.0;0.0;0.0;11.9093;1762.9444;0.0;2.0616;97.9668;0.0175
5408;0.0;0.0;0.0;0.0;0.0;0.0;0.0;0.0;0.0;1.8804;176.1051;0.0;2.0616;182.296;0.0327
50857;0.0;0.0;0.0;0.0;1.2154;0.0;0.0;0.0;0.0;0.0;99.7057;0.0;0.4123;-35.1539;-0.4048
396539;0.0;0.0;0.0;0.0;0.0;0.0;0.0;0.0;0.0;23.8187;1039.2724;0.0;0.4123;116.0351;0.077
209904;0.0;0.0;0.0;0.0;0.0;0.0;0.0;0.0;0.0;0.0;249.2976;0.0;0.4123;6.8015;0.0138
140322;0.0;0.0;0.0;0.0;0.0;0.0;0.0;0.0;0.0;9.7461;41.8593;0.0;0.0;22.6004;0.0
276707;0.0;0.0;0.0;0.9549;0.0;0.0;0.0;0.0;0.0;3.7608;965.7375;0.0;1.6493;112.852;0.0232
7956;0.0;0.0;0.0;0.0;0.0;0.0;0.0;0.0;0.0;0.0;178.1455;0.0;0.4123;35.4482;0.0336
204315;0.0;0.0;0.0;0.0;0.0;0.0;0.0;0.0;0.0;0.0;112.4844;0.0;0.4123;7.2103;0.0166
420184;0.0;0.0;0.0;0.0;0.0;0.0;0.0;0.0;0.0;0.0;58.7624;0.0;0.0;0.0;0.0097
410937;0.0;0.0;0.0;0.0;0.0;0.0;0.0;0.0;0.0;0.0;0.0;0.0;0.0;0.0;0.007
372546;0.0;0.0;0.0;0.0;0.0;0.0;0.0;0.0;0.0;19.431;3733.8695;0.0;0.8246;54.7522;0.0167
146193;0.0;0.0;0.0;0.0;0.0;0.0;0.0;0.0;0.0;4.3877;278.6752;0.0;0.4123;15.8438;0.0121
110218;0.0;0.0;0.0;0.0;0.0;0.0;0.0;0.0;0.0;0.0;1.239;0.0;0.8246;22.4549;0.0139
321261;0.0;0.0;0.0;0.0;0.0;0.0;0.0;0.0;0.0;0.0;290.9799;0.0;0.0;0.0;0.0038
340805;0.0;0.0;0.0;1.0154;0.0;0.0;0.0;0.0;0.0;3.9706;0.0;0.0;0.0;0.0;0.0
298253;0.0;0.0;0.0;0.0;0.0;0.0;0.0;0.0;0.0;0.0;0.0;0.0;0.0;0.0;0.0164
313854;0.0;0.0;0.0;0.0;0.0;0.0;0.0;0.0;0.0;7.9413;0.0;0.0;0.0;0.0;0.0
68924;0.0;0.0;0.0;0.0;0.0;0.0;0.0;0.0;0.0;0.0;195.2255;0.0;0.0;0.0;0.0
3164;0.0;0.0;0.0;0.0;0.0;0.0;0.0;0.0;0.0;0.6268;15.4644;0.0;0.0;0.0;0.0
354341;0.0;0.0;0.0;0.0;0.0;0.0;0.0;0.0;0.0;0.0;0.0;0.0;0.0;4.4652;0.0
193286;0.0;0.0;0.0;0.0;0.0;0.0;0.0;0.0;0.0;0.0;0.0;0.0;0.8246;46.6889;0.0233
170911;0.0;0.0;0.0;0.0;0.0;0.0;0.0;0.0;0.0;1.8804;284.0405;0.0;2.8862;371.6001;0.0408
107368;0.0;0.0;0.0;0.0;0.0;0.0;0.0;0.0;0.0;0.361;0.0;0.0;0.0;20.3751;0.0082
50739;0.0;0.0;0.0;0.0;0.0;0.0;0.0;0.0;0.0;0.0;256.0234;0.0;1.2369;40.7899;0.0151
62704;0.0;0.0;0.0;0.0;0.0;0.0;0.0;0.0;0.0;43.2497;7663.4114;0.0;4.1232;213.7202;0.0185
341714;0.0;0.0;0.0;0.0;0.0;0.0;0.0;0.0;0.0;0.0;0.0;0.0;0.0;48.1846;0.0
143389;0.0;0.0;0.0;0.0;0.0;0.0;0.0;0.0;0.0;0.0;0.0;0.0;0.0;34.9618;0.0046
343607;0.0;0.0;0.0;0.0;0.0;0.0;0.0;0.0;0.0;10.0289;2105.0553;0.0;0.4123;23.4887;0.0155
331557;0.0;0.0;0.0;1.9098;0.0;0.0;0.0;0.0;0.0;0.0;651.8728;0.0;0.8246;161.76;0.0384
237559;0.0;0.0;0.0;0.0;0.0;0.0;0.0;0.0;0.0;1.2536;157.169;0.0;0.8246;20.7148;0.0093
68229;0.0;0.0;0.0;0.0;0.0;0.0;0.0;0.0;0.0;1.2536;17.0424;0.0;0.4123;39.7884;0.0324
181980;0.0;0.0;0.0;0.0;0.0;0.0;0.0;0.0;0.0;0.361;927.9851;0.0;0.0;0.0;0.0
325525;0.0;0.0;0.0;0.0;0.0;0.0;0.0;0.0;0.0;0.0;36.461;0.0;0.4123;23.4914;0.0424
226367;0.0;0.0;0.0;0.0;0.0;0.0;0.0;0.0;0.0;7.5217;1338.7773;0.0;2.0616;130.0791;0.0218
203355;0.0;0.0;0.0;0.0;0.0;0.0;0.0;0.0;0.0;1.8048;112.4844;0.0;1.2369;69.095;0.0204
385191;0.0;0.0;0.0;0.0;0.0;0.0;0.0;0.0;0.0;0.0;580.4553;0.0;0.4123;21.3268;0.0151
201504;0.0;0.0;0.0;0.9549;0.0;0.0;0.0;0.0;0.0;15.0434;843.2845;0.0;0.8246;121.7734;0.057
99959;0.0;0.0;0.0;0.0;1.2154;0.0;0.0;0.0;0.0;0.6268;101.3078;0.0;3.7108;147.8485;0.0165
19413;0.0;0.0;0.0;0.0;0.0;0.0;0.0;0.0;0.0;3.7608;650.7682;0.0;5.3601;338.1789;0.0212
158988;0.0;0.0;0.0;0.0;0.0;0.0;0.0;0.0;0.0;0.0;823.1156;0.0;0.8246;27.7927;0.0128
214615;0.0;0.0;0.0;0.0;0.0;0.0;0.0;0.0;0.0;11.2825;2623.587;0.0;1.6493;133.909;0.0277
38381;0.0;0.0;0.0;0.0;0.0;0.0;0.0;0.0;0.0;0.0;89.117;0.0;2.4739;186.7735;0.0265
253362;0.0;0.0;0.0;0.0;0.0;0.0;0.0;0.0;0.0;0.361;0.0;0.0;1.2369;102.2817;0.0239
108241;0.0;0.0;0.0;0.0;0.0;0.0;0.0;0.0;0.0;0.0;0.0;0.0;2.0616;80.5031;0.0196
157679;0.0;0.0;0.0;0.0;0.0;0.0;0.0;0.0;0.0;0.0;1445.0762;0.0;0.0;0.0;0.0043
176009;0.0;0.0;0.0;0.0;0.0;0.0;0.0;0.0;0.0;6.2681;1408.525;0.0;3.7108;302.5603;0.0253
333039;0.0;0.0;0.0;0.0;0.0;0.0;0.0;0.0;0.0;23.1919;3063.5341;0.0;1.2369;138.1906;0.031
387979;0.0;0.0;0.0;0.0;0.0;0.0;0.0;0.0;0.0;1.0829;0.0;0.0;0.0;0.0;0.0
287193;0.0;0.0;0.0;0.9549;0.0;0.0;0.0;0.0;0.0;3.134;628.3606;0.0;0.0;11.446;0.0
193181;0.0;0.0;0.0;0.0;0.0;0.0;0.0;0.0;0.0;0.0;480.7186;0.0;0.0;0.0;0.0
218370;0.0;0.0;0.0;0.0;0.0;0.0;0.0;0.0;0.0;8.6632;0.0;0.0;0.0;3.4303;0.0079
346766;0.0;0.0;0.0;0.0;0.0;0.0;0.0;0.0;0.0;1.8804;367.9902;0.0;0.0;90.392;0.0
252781;0.0;0.0;0.0;0.0;0.0;0.0;0.0;0.0;0.0;0.0;0.0;0.0;0.0;0.0;0.0082
3649;0.0;0.0;0.0;0.0;0.0;0.0;0.0;0.0;0.0;1.0829;0.0;0.0;2.4739;159.6671;0.0249
239484;0.0;0.0;0.0;0.0;0.0;0.0;0.0;0.0;0.0;7.5217;1070.8325;0.0;0.8246;17.6129;0.0079
377552;0.0;0.0;0.0;0.0;0.0;0.0;0.0;0.0;0.0;0.0;0.0;0.0;0.8246;59.4291;0.0381
253224;0.0;0.0;0.0;0.0;0.0;0.0;0.0;0.0;0.0;22.3799;375.2296;0.0;0.0;0.0;0.0101
159796;0.0;0.0;0.0;0.0;0.0;0.0;0.0;0.0;0.0;0.0;126.109;0.0;0.0;8.2067;0.0
41099;0.0;0.0;0.0;0.0;0.0;0.0;0.0;0.0;0.0;0.0;1871.3689;0.0;0.0;0.0;0.0122
226612;0.0;0.0;0.0;0.0;0.0;0.0;0.0;0.0;0.0;1.8804;522.3188;0.0;0.0;0.0;0.0
198888;0.0;0.0;0.0;0.0;0.0;0.0;0.0;0.0;0.0;3.7608;66.9073;0.0;4.5355;290.1597;0.0233
100109;0.0;0.0;0.0;0.0;0.0;0.0;0.0;0.0;0.0;0.361;156.1096;0.0;0.0;12.9458;0.0
323042;0.0;0.0;0.0;0.0;0.0;0.0;0.0;0.0;0.0;0.0;0.0;0.0;0.0;15.1978;0.0
275857;0.0;0.0;0.0;0.0;0.0;0.0;0.0;0.0;0.0;54.5323;5923.1902;0.0;3.2985;182.2662;0.0189
83402;0.0;0.0;0.0;0.0;0.0;0.0;0.0;0.0;0.0;26.9527;6993.7071;0.0;4.9478;294.4408;0.0187
273364;0.0;0.0;0.0;0.0;0.0;0.0;0.0;0.0;0.0;14.0777;20.4164;0.0;0.0;82.9021;0.0127
307701;0.0;0.0;0.0;0.0;0.0;0.0;0.0;0.0;0.0;0.0;27.4342;0.0;1.6493;271.6727;0.0478
361314;0.0;0.0;0.0;0.0;0.0;0.0;0.0;0.0;0.0;0.6268;106.0418;0.0;1.2369;38.9963;0.009
219949;0.0;0.0;0.0;0.0;0.0;0.0;0.0;0.0;0.0;0.361;347.676;0.0;0.0;0.0;0.0107
174321;0.0;0.0;0.0;0.0;0.0;0.0;0.0;0.0;0.0;3.7608;915.8727;0.0;1.6493;40.3294;0.0088
307774;0.0;0.0;0.0;1.0154;0.0;0.0;0.0;0.0;0.0;41.3693;1765.4692;0.0;2.0616;111.4233;0.0209
109706;0.0;0.0;0.0;0.0;0.0;0.0;0.0;0.0;0.0;1.2536;25.8792;0.0;0.8246;30.4911;0.0161
399256;0.0;0.0;0.0;0.0;0.0;0.0;0.0;0.0;0.0;3.7608;582.5985;0.0;0.8246;57.3568;0.0215
282519;0.0;0.0;0.0;0.0;0.0;0.0;0.0;0.0;0.0;0.0;0.0;0.0;0.0;4.4955;0.0015
67452;0.0;0.0;0.0;0.0;0.0;0.0;0.0;0.0;0.0;0.722;478.6832;0.0;2.4739;218.5433;0.0235
288034;0.0;0.0;0.0;0.9549;0.0;0.0;0.0;0.0;0.0;3.134;451.6243;0.0;0.4123;35.976;0.0346
8078;0.0;0.0;0.0;0.9549;0.0;0.0;0.0;0.0;0.0;1.2536;4.1028;0.0;5.3601;344.1488;0.0206
391864;0.0;0.0;0.0;0.0;0.0;0.0;0.0;0.0;0.0;6.8949;281.8312;0.0;0.0;0.0;0.0
152073;0.0;0.0;0.0;0.0;0.0;0.0;0.0;0.0;0.0;67.6952;13862.4364;0.0;4.1232;196.3941;0.0169
248027;0.0;0.0;0.0;0.0;0.0;0.0;0.0;0.0;0.0;1.4439;0.0;0.0;0.0;0.0;0.0
417049;0.0;0.0;0.0;0.0;0.0;0.0;0.0;0.0;0.0;0.0;61.3799;0.0;0.0;11.108;0.0
99739;0.0;0.0;0.0;0.0;0.0;0.0;0.0;0.0;0.0;9.4021;1531.9248;0.0;2.8862;143.7481;0.0192
152769;0.0;0.0;0.0;0.0;0.0;0.0;0.0;0.0;0.0;0.0;233.4565;0.0;0.4123;19.3244;0.0198
61962;0.0;0.0;0.0;0.0;0.0;0.0;0.0;0.0;0.0;9.4021;1345.0893;0.0;4.1232;276.6887;0.0234
290649;0.0;0.0;0.0;0.0;0.0;0.0;0.0;0.0;0.0;0.0;222.9253;0.0;0.0;0.0;0.0
411286;0.0;0.0;0.0;0.0;0.0;0.0;0.0;0.0;0.0;0.0;0.0;0.0;0.0;0.0;0.0
289164;0.0;0.0;0.0;1.0154;0.0;0.0;0.0;0.0;0.0;1.2536;350.6322;0.0;0.0;22.1514;0.0044
16342;0.0;0.0;0.0;0.0;0.0;0.0;0.0;0.0;0.0;0.0;0.0;0.0;0.0;118.2227;0.0
142674;0.0;0.0;0.0;0.0;0.0;0.0;0.0;0.0;0.0;1.2536;156.2222;0.0;2.0616;124.7262;0.0209
77624;0.0;0.0;0.0;0.0;0.0;0.0;0.0;0.0;0.0;3.134;576.6021;0.0;0.8246;42.9672;0.021
9039;0.0;0.0;0.0;0.0;0.0;0.0;0.0;0.0;0.0;5.6413;349.0542;0.0;0.8246;61.8277;0.0283
43016;0.0;0.0;0.0;0.0;0.0;0.0;0.0;0.0;0.0;11.9093;3048.7008;0.0;2.0616;122.3713;0.0232
148879;0.0;0.0;0.0;0.0;0.0;0.0;0.0;0.0;0.0;3.134;67.8541;0.0;1.2369;236.5742;0.0567
61226;0.0;0.0;0.0;0.0;0.0;0.0;0.0;0.0;0.0;3.134;605.6374;0.0;4.9478;355.1053;0.0242
224332;0.0;0.0;0.0;0.0;0.0;0.0;0.0;0.0;0.0;1.8804;166.3215;0.0;0.0;0.0;0.0
169870;0.0;0.0;0.0;0.0;0.0;0.0;0.0;0.0;0.0;68.5837;0.0;0.0;0.1712;9.4119;0.0013
173427;0.0;0.0;0.0;0.0;0.0;0.0;0.0;0.0;0.0;0.0;0.0;0.0;0.0;0.0;0.0
397991;0.0;0.0;0.0;0.0;0.0;0.0;0.0;0.0;0.0;0.0;36.4697;0.0;0.8246;97.302;0.0304
191063;0.0;0.0;0.0;0.0;0.0;0.0;0.0;0.0;0.0;10.4681;1090.2896;0.0;0.0;0.5576;0.0082
364587;0.0;0.0;0.0;0.0;0.0;0.0;0.0;0.0;0.0;0.0;0.0;0.0;0.0;3.0235;0.008
226870;0.0;0.0;0.0;0.0;0.0;0.0;0.0;0.0;0.0;3.134;446.8903;0.0;0.4123;14.7792;0.0134
184468;0.0;0.0;0.0;0.0;0.0;0.0;0.0;0.0;0.0;15.5216;131.9498;0.0;0.0;0.0;0.0
330199;0.0;0.0;0.0;0.0;0.0;0.0;0.0;0.0;0.0;15.0434;3323.2733;0.0;1.2369;120.5673;0.0299
347531;0.0;0.0;0.0;0.0;0.0;0.0;0.0;0.0;0.0;0.0;651.0764;0.0;0.0;0.0;0.0
35744;0.0;0.0;0.0;0.0;0.0;0.0;0.0;0.0;0.0;65.8148;16754.5994;0.0;4.1232;363.7561;0.018
380594;0.0;0.0;0.0;0.0;0.0;0.0;0.0;0.0;0.0;1.8804;375.5646;0.0;0.0;3.587;0.0
101891;0.0;0.0;0.0;0.0;0.0;0.0;0.0;0.0;0.0;0.361;83.8884;0.0;0.0;0.0;0.0
210540;0.0;0.0;0.0;0.0;0.0;0.0;0.0;0.0;0.0;0.6268;5.9964;0.0;0.4123;13.1234;0.0128
338119;0.0;0.0;0.0;0.0;0.0;0.0;0.0;0.0;0.0;8.7753;2113.261;0.0;0.8246;108.009;0.0326
340957;0.0;0.0;0.0;0.0;0.0;0.0;0.0;0.0;0.0;0.0;0.0;0.0;0.0;0.0;0.0
355255;0.0;0.0;0.0;0.0;0.0;0.0;0.0;0.0;0.0;48.2642;3745.5467;0.0;1.2369;263.4202;0.0707
154972;0.0;0.0;0.0;0.0;0.0;0.0;0.0;0.0;0.0;23.8187;936.0711;0.0;3.2985;215.0904;0.0225
230707;0.0;0.0;0.0;0.0;0.0;0.0;0.0;0.0;0.0;0.0;1199.2301;0.0;0.0;8.7622;0.0119
307458;0.0;0.0;0.0;0.0;0.0;0.0;0.0;0.0;0.0;0.0;0.0;0.0;0.4123;71.6935;0.0506
418031;0.0;0.0;0.0;0.0;0.0;0.0;0.0;0.0;0.0;0.361;1127.5471;0.0;0.0;0.0;0.0029
133347;0.0;0.0;0.0;0.0;0.0;0.0;0.0;0.0;0.0;0.0;0.885;0.0;0.8246;13.0053;0.0168
159055;0.0;0.0;0.0;0.0;0.0;0.0;0.0;0.0;0.0;1.0829;175.0481;0.0;0.4123;8.0245;0.0085
147002;0.0;0.0;0.0;0.0;0.0;0.0;0.0;0.0;0.0;0.0;489.9223;0.0;0.4123;16.7629;0.0156
121712;0.0;0.0;0.0;0.0;0.0;0.0;0.0;0.0;0.0;0.0;634.9698;0.0;0.0;17.742;0.0
45857;0.0;0.0;0.0;0.0;0.0;0.0;0.0;0.0;0.0;4.3877;831.6073;0.0;0.4123;49.0813;0.0457
177060;0.0;0.0;0.0;0.0;0.0;0.0;0.0;0.0;0.0;0.6268;173.2647;0.0;0.0;0.0;0.0
404781;0.0;0.0;0.0;0.0;0.0;0.0;0.0;0.0;0.0;1.2536;341.7953;0.0;1.2369;101.7003;0.0218
13997;0.0;0.0;0.0;0.0;0.0;0.0;0.0;0.0;0.0;0.722;1325.6931;0.0;1.6493;55.9161;0.0141
179213;0.0;0.0;0.0;0.0;0.0;0.0;0.0;0.0;0.0;0.0;0.0;0.0;0.4123;9.2287;0.0083
176719;0.0;0.0;0.0;0.0;0.0;0.0;0.0;0.0;0.0;15.0434;1064.2049;0.0;0.8246;8.0193;0.0037
319025;0.0;0.0;0.0;0.0;0.0;0.0;0.0;0.0;0.0;72.0829;2746.9868;0.0;1.6493;145.972;0.0285
342619;0.0;0.0;0.0;0.0;0.0;0.0;0.0;0.0;0.0;24.9067;29.6467;0.0;0.8246;72.7375;0.0304
395012;0.0;0.0;0.0;0.0;0.0;0.0;0.0;0.0;0.0;15.0434;2724.5791;0.0;0.4123;33.2238;0.0202
257036;0.0;0.0;0.0;0.0;0.0;0.0;0.0;0.0;0.0;0.6268;42.6061;0.0;0.4123;20.7499;0.0188
82810;0.0;0.0;0.0;0.0;0.0;0.0;0.0;0.0;0.0;0.0;0.0;0.0;0.0;54.2472;0.0
383107;0.0;0.0;0.0;0.0;0.0;0.0;0.0;0.0;0.0;4.3316;604.1727;0.0;0.0;0.0;0.0
337046;0.0;0.0;0.0;0.0;0.0;0.0;0.0;0.0;0.0;0.0;106.9007;0.0;0.0;0.0;0.0
49584;0.0;0.0;0.0;0.9549;0.0;0.0;0.0;0.0;0.0;20.0578;5632.2065;0.0;2.8862;180.496;0.0243
134401;0.0;0.0;0.0;0.0;0.0;0.0;0.0;0.0;0.0;0.0;0.0;0.0;0.0;12.5697;0.0
68455;0.0;0.0;0.0;0.0;0.0;0.0;0.0;0.0;0.0;9.0242;16.0713;0.0;3.2985;203.3537;0.023
324100;0.0;0.0;0.0;0.0;0.0;0.0;0.0;0.0;0.0;0.0;0.6195;0.0;0.0;0.0;0.0
74254;0.0;0.0;0.0;0.0;0.0;0.0;0.0;0.0;0.0;0.0;23.9828;0.0;0.0;0.0;0.0
406599;0.0;0.0;0.0;0.0;0.0;0.0;0.0;0.0;0.0;6.4974;141.5961;0.0;0.0;17.9809;0.0
297001;0.0;0.0;0.0;0.0;0.0;0.0;0.0;0.0;0.0;2.5072;43.8685;0.0;0.8246;33.102;0.011
185257;0.0;0.0;0.0;0.0;0.0;0.0;0.0;0.0;0.0;0.6268;72.9037;0.0;0.4123;16.18;0.0162
407393;0.0;0.0;0.0;0.0;0.0;0.0;0.0;0.0;0.0;0.0;0.0;0.0;0.0;71.9469;0.0
133654;0.0;0.0;0.0;0.0;0.0;0.0;0.0;0.0;0.0;7.2193;48.5852;0.0;0.0;0.0;0.0
301704;0.0;0.0;0.0;0.0;0.0;0.0;0.0;0.0;0.0;4.6926;0.0;0.0;0.0;0.0;0.0099
36384;0.0;0.0;0.0;0.0;0.0;0.0;0.0;0.0;0.0;11.9093;2414.6594;0.0;4.1232;248.4913;0.018
295189;0.0;0.0;0.0;0.0;0.0;0.0;0.0;0.0;0.0;3.6097;0.0;0.0;0.4123;6.183;0.0049
322678;0.0;0.0;0.0;0.0;0.0;0.0;0.0;0.0;0.0;3.134;120.875;0.0;0.4123;53.2635;0.0364
10331;0.0;0.0;0.0;0.9549;1.0875;10.4048;0.0;0.0;0.0;3.7608;57.4393;0.0;2.0616;136.0934;0.02
390966;0.0;0.0;0.0;0.0;0.0;0.0;0.0;0.0;0.0;0.6268;130.343;0.0;0.8246;24.6312;0.0091
106605;0.0;0.0;0.0;0.0;0.0;0.0;0.0;0.0;0.0;0.0;0.0;0.0;0.0;82.9021;0.0124
165665;0.0;0.0;0.0;0.0;0.0;0.0;0.0;0.0;0.0;1.2536;182.7327;0.0;0.0;0.0;0.0
72478;0.0;0.0;0.0;1.0154;0.0;0.0;0.0;0.0;0.0;0.0;0.0;0.0;1.2369;63.4751;0.0194
311546;0.0;0.0;0.0;0.0;0.0;0.0;0.0;0.0;0.0;0.0;0.0;0.0;0.4123;28.6486;0.0224
363241;0.0;0.0;0.0;0.0;0.0;0.0;0.0;0.0;0.0;5.0535;92.8339;0.0;0.8246;37.4592;0.0151
403266;0.0;0.0;0.0;0.0;0.0;0.0;0.0;0.0;0.0;0.0;10.2966;0.0;0.0;8.8972;0.0049
399374;0.0;0.0;0.0;0.0;0.0;0.0;0.0;0.0;0.0;0.0;1308.5246;0.0;0.0;0.0;0.0062
43355;0.0;0.0;0.0;0.0;0.0;0.0;0.0;0.0;0.0;11.9093;3082.1545;0.0;2.0616;110.6401;0.0195
378653;0.0;0.0;0.0;0.0;0.0;0.0;0.0;0.0;0.0;35.1012;2821.7841;0.0;0.4123;20.7534;0.015
204541;0.0;0.0;0.0;0.0;0.0;0.0;0.0;0.0;0.0;14.4166;1022.23;0.0;4.5355;439.486;0.0273
250439;0.0;0.0;0.0;0.0;0.0;0.0;0.0;0.0;0.0;5.6413;1430.3015;0.0;2.8862;294.2921;0.0332
300453;0.0;0.0;0.0;0.0;0.0;0.0;0.0;0.0;0.0;0.0;849.0454;0.0;0.0;0.0;0.0106
16656;0.0;0.0;0.0;0.0;0.0;0.0;0.0;0.0;0.0;0.0;25.4063;0.0;0.0;0.0;0.0
240279;0.0;0.0;0.0;0.0;0.0;0.0;0.0;0.0;0.0;0.6268;162.5343;0.0;0.8246;46.7921;0.0207
26473;0.0;0.0;0.0;0.0;0.0;0.0;0.0;0.0;0.0;0.361;0.0;0.0;4.1232;139.6375;0.0137
123815;0.0;0.0;0.0;0.0;0.0;0.0;0.0;0.0;0.0;62.6808;14848.0568;0.0;4.1232;288.4336;0.0237
274511;0.0;0.0;0.0;0.0;0.0;0.0;0.0;0.0;0.0;52.025;5582.9729;0.0;2.0616;263.4265;0.0409
243218;0.0;0.0;0.0;1.0154;0.0;0.0;0.0;0.0;0.0;0.0;6.1948;0.0;0.0;0.0;0.0
58774;0.0;0.0;0.0;0.0;0.0;0.0;0.0;0.0;0.0;0.0;141.5961;0.0;0.0;10.321;0.0132
123087;0.0;0.0;0.0;0.0;0.0;0.0;0.0;0.0;0.0;3.7608;899.1458;0.0;3.7108;275.9266;0.0184
210828;0.0;0.0;0.0;0.0;0.0;0.0;0.0;0.0;0.0;0.0;0.0;0.0;0.4123;22.7859;0.0193
388666;0.0;0.0;0.0;0.0;0.0;0.0;0.0;0.0;0.0;0.0;77.8778;0.0;0.0;0.0;0.0187
197247;0.0;0.0;0.0;0.0;0.0;0.0;0.0;0.0;0.0;0.0;0.0;0.0;0.0;15.3947;0.0
166292;0.0;0.0;0.0;0.0;0.0;0.0;0.0;0.0;0.0;3.134;713.8883;0.0;2.4739;177.9358;0.0242
404555;0.0;0.0;0.0;0.0;0.0;0.0;0.0;0.0;0.0;4.3877;1104.9174;0.0;0.0;0.0;0.0073
102756;0.0;0.0;0.0;0.0;0.0;0.0;0.0;0.0;0.0;1.2536;151.1726;0.0;0.4123;38.7042;0.0324
203503;0.0;0.0;0.0;0.0;0.0;0.0;0.0;0.0;0.0;32.594;5137.345;0.0;2.8862;330.8889;0.0348
184427;0.0;0.0;0.0;0.9549;1.0875;19.3232;0.0;0.0;0.0;1.0829;0.531;0.0;0.0;22.1652;0.0059
171391;0.0;0.0;0.0;0.0;0.0;0.0;0.0;0.0;0.0;10.4681;0.0;0.0;0.8246;12.3146;0.006
135076;0.0;0.0;0.0;0.0;0.0;0.0;0.0;0.0;0.0;2.5268;36.638;0.0;1.6493;99.4687;0.0248
79403;0.0;0.0;0.0;0.0;0.0;0.0;0.0;0.0;0.0;0.0;39.0274;0.0;0.0;0.0;0.0
74057;0.0;0.0;0.0;0.0;0.0;0.0;0.0;0.0;0.0;1.2536;343.0577;0.0;1.2369;50.9252;0.0168
1951;0.9231;2529.4602;0.0;0.0;0.0;0.0;0.0;0.0;0.0;2.5072;242.3812;0.0;1.2369;66.3742;0.0202
261145;0.0;0.0;0.0;0.9549;0.0;0.0;0.0;0.0;0.0;3.134;492.6524;0.0;0.8246;69.7038;0.0321
30733;0.0;0.0;0.0;0.0;0.0;0.0;0.0;0.0;0.0;1.8804;418.4863;0.0;0.4123;35.3428;0.0344
367852;0.0;0.0;0.0;0.0;0.0;0.0;0.0;0.0;0.0;8.1485;760.9128;0.0;0.8246;25.9077;0.0086
364085;0.0;0.0;0.0;0.0;0.0;0.0;0.0;0.0;0.0;1.0829;0.0;0.0;0.0;93.9628;0.0
91735;0.0;0.0;0.0;0.0;0.0;0.0;0.0;0.0;0.0;0.0;0.0;0.0;0.0;0.0;0.0
228085;0.0;0.0;0.0;0.0;0.0;0.0;0.0;0.0;0.0;0.6268;1.578;0.0;0.8246;20.9492;0.0079
138542;0.0;0.0;0.0;0.0;0.0;0.0;0.0;0.0;0.0;0.361;413.5221;0.0;0.0;13.3885;0.0075
411312;0.0;0.0;0.0;0.0;0.0;0.0;0.0;0.0;0.0;0.0;35.1335;0.0;0.0;20.2393;0.0
121622;0.0;0.0;0.0;0.9549;1.0875;16.3504;0.0;0.0;0.0;6.8949;1062.6269;0.0;2.4739;80.1835;0.0131
354997;0.0;0.0;0.0;1.0154;0.0;0.0;0.0;0.0;0.0;9.4021;1458.7055;0.0;1.2369;255.6322;0.0691
4151;0.0;0.0;0.0;0.0;0.0;0.0;0.0;0.0;0.0;9.4021;645.0874;0.0;1.6493;156.6926;0.0321
34371;0.0;0.0;0.0;0.0;0.0;0.0;0.0;0.0;0.0;12.5362;347.1606;0.0;2.4739;159.7998;0.0196
27794;0.0;0.0;0.0;1.0154;0.0;0.0;0.0;0.0;0.0;0.722;0.0;0.0;1.2369;67.5599;0.0161
2177;0.9231;602.2524;33427.7102;2.8647;0.0;0.0;0.0;0.0;0.0;0.0;49.1161;0.0;1.2369;87.3288;0.0245
339077;0.0;0.0;0.0;0.0;0.0;0.0;0.0;0.0;0.0;0.6268;163.1655;0.0;0.4123;64.6965;0.0482
228131;0.0;0.0;0.0;0.0;0.0;0.0;0.0;0.0;0.0;0.0;4404.9648;0.0;0.4123;20.4342;0.017
239620;0.0;0.0;0.0;0.0;0.0;0.0;0.0;0.0;0.0;2.5072;392.9226;0.0;0.4123;23.5017;0.0193
14889;0.0;0.0;0.0;0.0;0.0;0.0;0.0;0.0;0.0;1.8804;19.8828;0.0;1.2369;48.5135;0.0196
176815;0.0;0.0;0.0;0.0;0.0;0.0;0.0;0.0;0.0;0.6268;138.8642;0.0;0.4123;7.8896;0.0071
87404;0.0;0.0;0.0;0.0;0.0;0.0;0.0;0.0;0.0;4.3877;721.1471;0.0;0.0;6.7514;0.0
127756;0.0;0.0;0.0;0.0;0.0;0.0;0.0;0.0;0.0;1.0829;0.0;0.0;0.8246;24.0806;0.0105
384109;0.0;0.0;0.0;0.0;0.0;0.0;0.0;0.0;0.0;6.2681;886.8374;0.0;0.4123;4.8893;0.0034
191507;0.0;0.0;0.0;0.0;0.0;0.0;0.0;0.0;0.0;0.0;138.0562;0.0;0.0;0.0;0.0
100385;0.0;0.0;0.0;0.0;0.0;0.0;0.0;0.0;0.0;11.9119;777.2739;0.0;0.0;4.3071;0.0126
54387;0.0;0.0;0.0;1.0154;0.0;0.0;0.0;0.0;0.0;0.0;0.0;0.0;2.8862;102.5947;0.0142
57;0.0;602.2524;79472.4113;0.0;0.0;0.0;0.0;0.0;0.0;2.5072;202.9311;0.0;2.4739;196.4932;0.0197
185168;0.0;0.0;0.0;0.0;0.0;0.0;0.0;0.0;0.0;45.757;6112.5505;0.0;0.4123;17.3597;0.0183
230383;0.0;0.0;0.0;0.0;0.0;0.0;0.0;0.0;0.0;0.6268;118.9814;0.0;1.6493;84.4802;0.018
95442;0.0;0.0;0.0;0.0;0.0;0.0;0.0;0.0;0.0;3.7608;737.874;0.0;0.0;7.9898;0.0087
305535;0.0;0.0;0.0;0.0;0.0;0.0;0.0;0.0;0.0;23.1019;108.9801;0.0;0.4123;23.4914;0.0424
216108;0.0;0.0;0.0;0.0;0.0;0.0;0.0;0.0;0.0;1.8804;17.6736;0.0;0.8246;44.0191;0.0203
378571;0.0;0.0;0.0;0.9549;0.0;0.0;0.0;0.0;0.0;8.1485;471.1915;0.0;0.4123;93.4096;0.0607
401775;0.0;0.0;0.0;0.0;0.0;0.0;0.0;0.0;0.0;16.2435;0.0;0.0;0.0;4.4955;0.0
313435;0.0;0.0;0.0;0.0;0.0;0.0;0.0;0.0;0.0;0.0;44.3373;0.0;0.0;0.0;0.0
308805;0.0;0.0;0.0;0.0;0.0;0.0;0.0;0.0;0.0;0.0;0.0;0.0;0.0;11.6354;0.0136
295319;0.0;0.0;0.0;0.0;0.0;0.0;0.0;0.0;0.0;0.0;823.3811;0.0;0.4123;47.459;0.036
301703;0.0;0.0;0.0;0.0;0.0;0.0;0.0;0.0;0.0;0.0;0.0;0.0;0.0;60.5902;0.0084
1562;0.0;0.0;0.0;1.0154;0.0;0.0;0.0;0.0;0.0;41.9961;3026.2932;0.0;0.8246;55.2125;0.0198
394848;0.0;0.0;0.0;0.0;0.0;0.0;0.0;0.0;0.0;2.5072;606.5842;0.0;1.2369;91.0222;0.0209
103312;0.0;0.0;0.0;0.0;0.0;0.0;0.0;0.0;0.0;0.6268;138.8642;0.0;3.2985;223.2876;0.0244
54138;0.0;0.0;0.0;0.0;0.0;0.0;0.0;0.0;0.0;1.2536;189.3603;0.0;0.4123;29.2729;0.0324
364528;0.0;0.0;0.0;0.0;0.0;0.0;0.0;0.0;0.0;3.7608;880.5254;0.0;1.2369;28.9195;0.007
164067;0.0;0.0;0.0;0.0;0.0;0.0;0.0;0.0;0.0;6.2681;1461.2303;0.0;0.4123;8.3059;0.0085
321145;0.0;0.0;0.0;1.0154;0.0;0.0;0.0;0.0;0.0;5.6413;379.3518;0.0;0.4123;75.8019;0.0482
232744;0.0;0.0;0.0;0.0;0.0;0.0;0.0;0.0;0.0;23.8187;2099.3745;0.0;0.4123;15.0453;0.0083
406390;0.0;0.0;0.0;2.0307;0.0;0.0;0.0;0.0;0.0;0.0;0.0;0.0;0.0;12.3898;0.0093
265818;0.0;0.0;0.0;1.0154;0.0;0.0;0.0;0.0;0.0;0.0;0.0;0.0;0.0;10.369;0.0054
346771;0.0;0.0;0.0;0.0;0.0;0.0;0.0;0.0;0.0;3.134;594.2757;0.0;0.4123;61.6053;0.0483
385087;0.0;0.0;0.0;0.0;0.0;0.0;0.0;0.0;0.0;1.2536;283.0936;0.0;0.8246;65.7332;0.0214
52667;0.0;0.0;0.0;0.0;0.0;0.0;0.0;0.0;0.0;14.0777;21.706;0.0;0.0;9.6535;0.0
131737;0.0;0.0;0.0;0.9549;1.0875;11.8912;0.0;0.0;0.0;31.3404;4704.9723;0.0;3.7108;254.608;0.0232
119512;0.0;0.0;0.0;0.0;0.0;0.0;0.0;0.0;0.0;0.0;0.0;0.0;0.8246;30.3799;0.0159
245955;0.0;0.0;0.0;0.0;0.0;0.0;0.0;0.0;0.0;3.134;653.6086;0.0;0.4123;19.8634;0.0193
252401;0.0;0.0;0.0;0.0;0.0;0.0;0.0;0.0;0.0;0.0;44.3373;0.0;0.0;25.1197;0.0
184170;0.0;0.0;0.0;0.0;0.0;0.0;0.0;0.0;0.0;0.0;0.0;0.0;1.2369;230.4593;0.044
392041;0.0;0.0;0.0;0.0;0.0;0.0;0.0;0.0;0.0;0.0;0.0;0.0;0.4123;27.0046;0.0182
202;1.1538;0.0;140387.5896;0.0;0.0;0.0;0.0;0.0;0.0;3.7608;324.4373;0.0;4.5355;336.8907;0.0228
377811;0.0;0.0;0.0;0.0;0.0;0.0;0.0;0.0;0.0;15.0434;304.8701;0.0;0.4123;24.0871;0.0155
191125;0.0;0.0;0.0;0.0;0.0;0.0;0.0;0.0;0.0;0.0;0.0;0.0;0.4123;28.8638;0.0205
256153;0.0;0.0;0.0;0.0;0.0;0.0;0.0;0.0;0.0;0.6268;157.4846;0.0;0.8246;19.4487;0.0107
397045;0.0;0.0;0.0;0.0;0.0;0.0;0.0;0.0;0.0;17.5506;524.8436;0.0;0.4123;64.1443;0.045
310972;0.0;0.0;0.0;0.0;0.0;0.0;0.0;0.0;0.0;2.5072;23.9856;0.0;2.8862;193.8887;0.021
138632;0.0;0.0;0.0;0.0;0.0;0.0;0.0;0.0;0.0;1.2536;326.6465;0.0;1.2369;84.6794;0.0271
331914;0.0;0.0;0.0;0.0;0.0;0.0;0.0;0.0;0.0;2.1658;0.0;0.0;0.4123;81.1905;0.0628
16118;0.0;0.0;0.0;0.0;0.0;0.0;0.0;0.0;0.0;1.8804;473.4008;0.0;1.6493;43.65;0.0116
198709;0.0;0.0;0.0;0.9549;0.0;0.0;0.0;0.0;0.0;19.431;664.3391;0.0;3.2985;203.0732;0.0249
103325;0.0;0.0;0.0;0.0;0.0;0.0;0.0;0.0;0.0;0.0;25.4063;0.0;1.6493;109.4706;0.0269
394625;0.0;0.0;0.0;0.0;0.0;0.0;0.0;0.0;0.0;0.0;29.6467;0.0;0.0;23.8262;0.0134
393981;0.0;0.0;0.0;0.0;0.0;0.0;0.0;0.0;0.0;6.2681;462.6703;0.0;0.0;55.9624;0.0
228986;0.0;0.0;0.0;0.0;0.0;0.0;0.0;0.0;0.0;42.6229;5285.6772;0.0;2.0616;230.1875;0.0364
185851;0.0;0.0;0.0;0.0;0.0;0.0;0.0;0.0;0.0;1.2536;285.6185;0.0;0.8246;19.3305;0.01
80433;0.0;0.0;0.0;0.0;0.0;0.0;0.0;0.0;0.0;137.5284;566.2072;0.0;0.0;31.3079;0.0055
401445;0.0;0.0;0.0;0.0;0.0;0.0;0.0;0.0;0.0;0.0;1.593;0.0;0.0;16.386;0.0
181159;0.0;0.0;0.0;0.0;0.0;0.0;0.0;0.0;0.0;0.0;0.0;0.0;0.8246;23.2257;0.0074
55895;0.0;0.0;0.0;0.0;0.0;0.0;0.0;0.0;0.0;3.134;495.4928;0.0;1.6493;76.9473;0.0198
199367;0.0;0.0;0.0;0.9549;0.0;0.0;0.0;0.0;0.0;6.2681;1494.684;0.0;1.6493;49.7413;0.0116
237882;0.0;0.0;0.0;0.0;0.0;0.0;0.0;0.0;0.0;10.4681;0.0;0.0;0.0;9.0607;0.0
60165;0.0;0.0;0.0;0.9549;0.0;0.0;0.0;0.0;0.0;6.8949;1351.0857;0.0;1.2369;47.3299;0.016
330224;0.0;0.0;0.0;0.0;0.0;0.0;0.0;0.0;0.0;32.594;5401.187;0.0;2.0616;139.7224;0.0204
234792;0.0;0.0;0.0;0.0;0.0;0.0;0.0;0.0;0.0;3.6097;271.593;0.0;0.0;0.0;0.0
31558;0.0;0.0;0.0;0.0;0.0;0.0;0.0;0.0;0.0;0.6268;17.358;0.0;0.4123;43.5694;0.0456
6640;0.0;0.0;0.0;0.0;0.0;0.0;0.0;0.0;0.0;3.9706;0.0;0.0;0.8246;57.7301;0.0181
159246;0.0;0.0;0.0;0.0;0.0;0.0;0.0;0.0;0.0;0.0;399.7433;0.0;0.0;17.81;0.0119
204393;0.0;0.0;0.0;0.0;0.0;0.0;0.0;0.0;0.0;0.0;0.0;0.0;0.0;32.8906;0.011
317419;0.0;0.0;0.0;0.0;0.0;0.0;0.0;0.0;0.0;1.2536;266.6824;0.0;0.0;0.0;0.0084
163906;0.0;0.0;0.0;1.0154;0.0;0.0;0.0;0.0;0.0;0.6268;147.0698;0.0;0.0;10.2376;0.0
207459;0.0;0.0;0.0;0.0;0.0;0.0;0.0;0.0;0.0;0.722;44.6027;0.0;0.0;26.4872;0.0
375551;0.0;0.0;0.0;0.0;0.0;0.0;0.0;0.0;0.0;0.0;0.0;0.0;0.0;29.4656;0.0039
321828;0.0;0.0;0.0;0.0;0.0;0.0;0.0;0.0;0.0;10.4681;42.0185;0.0;0.0;0.0;0.012
167501;0.0;0.0;0.0;0.0;0.0;0.0;0.0;0.0;0.0;0.361;36.461;0.0;0.0;0.0;0.0
108439;0.0;0.0;0.0;0.0;0.0;0.0;0.0;0.0;0.0;0.0;0.0;0.0;0.0;7.373;0.0121
115889;0.0;0.0;0.0;0.0;0.0;0.0;0.0;0.0;0.0;0.6268;196.3035;0.0;0.0;10.549;0.0
216367;0.0;0.0;0.0;0.0;0.0;0.0;0.0;0.0;0.0;0.0;300.4491;0.0;0.4123;13.3681;0.0241
269343;0.0;0.0;0.0;0.0;0.0;0.0;0.0;0.0;0.0;3.7608;868.8482;0.0;0.8246;69.7038;0.0321
318265;0.0;0.0;0.0;0.0;0.0;0.0;0.0;0.0;0.0;0.0;42.3018;0.0;0.0;0.0;0.0
396017;0.0;0.0;0.0;0.0;0.0;0.0;0.0;0.0;0.0;0.0;39.0274;0.0;0.0;0.0;0.0009
281301;0.0;0.0;0.0;0.9549;1.0875;10.4048;0.0;0.0;0.0;0.0;505.8519;0.0;1.6493;209.6061;0.03
277242;0.0;0.0;0.0;0.0;0.0;0.0;0.0;0.0;0.0;6.8949;1724.4411;0.0;0.8246;94.2361;0.0355
41965;0.0;0.0;0.0;0.0;0.0;0.0;0.0;0.0;0.0;1.2536;38.5033;0.0;0.0;0.0;0.0
378240;0.0;0.0;0.0;0.0;0.0;0.0;0.0;0.0;0.0;0.0;114.4273;0.0;0.4123;18.3551;0.0155
386149;0.0;0.0;0.0;0.0;0.0;0.0;0.0;0.0;0.0;10.0289;1517.7228;0.0;0.4123;33.2238;0.0202
35140;0.0;0.0;0.0;0.0;0.0;0.0;0.0;0.0;0.0;4.3877;210.1899;0.0;0.8246;84.4756;0.0243
268943;0.0;0.0;0.0;0.0;0.0;0.0;0.0;0.0;0.0;0.0;132.3923;0.0;0.0;0.0;0.0066
419421;0.0;0.0;0.0;0.0;0.0;0.0;0.0;0.0;0.0;0.0;651.0764;0.0;0.0;7.9574;0.0
12618;0.0;0.0;0.0;0.0;0.0;0.0;0.0;0.0;0.0;0.0;0.0;0.0;2.4739;88.1535;0.0139
124443;0.0;0.0;0.0;0.0;0.0;0.0;0.0;0.0;0.0;2.5072;284.9873;0.0;0.4123;21.8367;0.0146
326272;0.0;0.0;0.0;0.0;0.0;0.0;0.0;0.0;0.0;0.0;0.0;0.0;0.3423;7.373;0.0
20338;0.0;0.0;0.0;0.0;0.0;0.0;0.0;0.0;0.0;0.0;71.4173;0.0;0.0;0.0;0.0364
105596;0.0;0.0;0.0;0.0;0.0;0.0;0.0;0.0;0.0;3.7608;904.8266;0.0;0.4123;35.2457;0.0324
45311;0.0;0.0;0.0;0.0;0.0;0.0;0.0;0.0;0.0;0.6268;142.6514;0.0;1.6493;67.3919;0.0184
32060;0.0;0.0;0.0;0.0;0.0;0.0;0.0;0.0;0.0;0.722;19.5194;0.0;0.0;0.0;0.004
101573;0.0;0.0;0.0;0.0;0.0;0.0;0.0;0.0;0.0;0.0;0.0;0.0;0.0;98.1351;0.005
309305;0.0;0.0;0.0;0.0;0.0;0.0;0.0;0.0;0.0;1.8804;433.3195;0.0;0.4123;43.6284;0.0373
172894;0.0;0.0;0.0;0.0;0.0;0.0;0.0;0.0;0.0;1.0829;1325.6931;0.0;0.4123;15.4624;0.0187
196815;0.0;0.0;0.0;1.9098;0.0;0.0;0.0;0.0;0.0;38.2353;8096.0996;0.0;3.2985;421.2645;0.0386
52975;0.0;0.0;0.0;0.0;0.0;0.0;0.0;0.0;0.0;0.0;42.0185;0.0;0.8246;48.5968;0.0253
186994;0.0;0.0;0.0;0.9549;0.0;0.0;0.0;0.0;0.0;16.9238;3105.1933;0.0;2.8862;204.4434;0.0252
247348;0.0;0.0;0.0;0.0;0.0;0.0;0.0;0.0;0.0;0.0;0.0;0.0;0.0;0.0;0.007
113241;0.0;0.0;0.0;0.0;0.0;0.0;0.0;0.0;0.0;5.6413;255.3208;0.0;0.0;0.0;0.0052
412064;0.0;0.0;0.0;1.0154;0.0;0.0;0.0;0.0;0.0;0.361;2605.8099;0.0;0.0;0.0;0.0
168485;0.0;0.0;0.0;0.0;0.0;0.0;0.0;0.0;0.0;0.0;5.2919;0.0;0.0;0.0;0.0126
314717;0.0;0.0;0.0;1.0154;0.0;0.0;0.0;0.0;0.0;0.0;0.0;0.0;0.0;10.8246;0.0025
177078;0.0;0.0;0.0;0.0;0.0;0.0;0.0;0.0;0.0;0.0;374.4331;0.0;0.0;0.0;0.0
313499;0.0;0.0;0.0;0.0;0.0;0.0;0.0;0.0;0.0;1.2536;28.404;0.0;0.8246;75.5342;0.0337
75447;0.0;0.0;0.0;0.0;0.0;0.0;0.0;0.0;0.0;1.4439;82.3027;0.0;0.4123;24.1416;0.0243
537;0.0;0.0;0.0;0.0;0.0;0.0;0.0;0.0;0.0;0.0;911.5246;0.0;0.0;34.5283;0.0
386659;0.0;0.0;0.0;0.0;0.0;0.0;0.0;0.0;0.0;1.2536;119.297;0.0;0.0;24.4643;0.0049
191105;0.0;0.0;0.0;0.0;0.0;0.0;0.0;0.0;0.0;0.361;1441.4478;0.0;0.0;56.9612;0.0114
93533;0.0;0.0;0.0;0.9549;0.0;0.0;0.0;0.0;0.0;0.6268;133.499;0.0;2.8862;96.223;0.0138
212633;0.0;0.0;0.0;0.0;0.0;0.0;0.0;0.0;0.0;0.0;0.0;0.0;0.0;2.9649;0.0057
263316;0.0;0.0;0.0;0.0;0.0;0.0;0.0;0.0;0.0;4.3877;106.0418;0.0;2.0616;210.4983;0.0347
233611;0.0;0.0;0.0;0.0;0.0;0.0;0.0;0.0;0.0;2.5072;19.2516;0.0;0.8246;97.9334;0.0425
126938;0.0;0.0;0.0;1.9098;0.0;0.0;0.0;0.0;0.0;5.6413;1372.8622;0.0;3.7108;127.492;0.0137
172977;0.0;0.0;0.0;0.9549;1.0875;2.9728;0.0;0.0;0.0;13.3558;0.0;0.0;1.6493;33.4291;0.0087
398305;0.0;0.0;0.0;0.0;0.0;0.0;0.0;0.0;0.0;15.5216;0.0;0.0;0.0;32.2962;0.0079
225797;0.0;0.0;0.0;0.0;0.0;0.0;0.0;0.0;0.0;0.0;0.0;0.0;0.0;4.4955;0.0
314363;0.0;0.0;0.0;0.0;0.0;0.0;0.0;0.0;0.0;0.6268;107.9354;0.0;0.0;0.0;0.0
192690;0.0;0.0;0.0;0.0;0.0;0.0;0.0;0.0;0.0;0.0;154.6052;0.0;0.0;0.0;0.0025
86023;0.0;0.0;0.0;0.0;0.0;0.0;0.0;0.0;0.0;6.8949;1589.6797;0.0;1.6493;76.4797;0.0184
7146;0.0;0.0;0.0;0.0;0.0;0.0;0.0;0.0;0.0;0.0;0.0;0.0;3.7108;344.3965;0.0342
321282;0.0;0.0;0.0;0.0;0.0;0.0;0.0;0.0;0.0;0.0;0.0;0.0;0.0;0.0;0.0
359921;0.0;0.0;0.0;0.0;0.0;0.0;0.0;0.0;0.0;0.0;847.8064;0.0;0.0;25.231;0.0
229784;0.0;0.0;0.0;0.9549;0.0;0.0;0.0;0.0;0.0;0.6268;118.9814;0.0;0.4123;11.4476;0.01
314681;0.0;0.0;0.0;0.0;0.0;0.0;0.0;0.0;0.0;2.5072;547.2513;0.0;1.2369;153.8968;0.0367
107857;0.0;0.0;0.0;0.0;0.0;0.0;0.0;0.0;0.0;12.5362;2804.426;0.0;2.8862;191.5239;0.0282
373917;0.0;0.0;0.0;0.9549;0.0;0.0;0.0;0.0;0.0;16.9238;573.7617;0.0;0.8246;225.3606;0.0682
384039;0.0;0.0;0.0;0.0;0.0;0.0;0.0;0.0;0.0;0.0;27.4835;0.0;0.0;4.3071;0.0086
31597;0.0;0.0;0.0;0.0;0.0;0.0;0.0;0.0;0.0;0.0;927.3657;0.0;1.2369;77.8356;0.0245
26443;0.0;0.0;0.0;0.0;0.0;0.0;0.0;0.0;0.0;0.0;322.5735;0.0;0.8246;31.0353;0.017
239883;0.0;0.0;0.0;0.0;0.0;0.0;0.0;0.0;0.0;0.361;31.9768;0.0;1.2369;149.8229;0.0407
269108;0.0;0.0;0.0;0.0;0.0;0.0;0.0;0.0;0.0;1.2536;164.1123;0.0;0.4123;23.5017;0.0193
50282;0.0;0.0;0.0;0.0;0.0;0.0;0.0;0.0;0.0;23.8187;879.263;0.0;3.7108;217.9558;0.0213
381723;0.0;0.0;0.0;0.0;0.0;0.0;0.0;0.0;0.0;0.0;159.8266;0.0;0.0;0.0;0.0075
53751;0.0;0.0;0.0;0.0;0.0;0.0;0.0;0.0;0.0;30.7136;4885.1802;0.0;4.1232;559.0827;0.0388
83786;0.0;0.0;0.0;0.0;0.0;0.0;0.0;0.0;0.0;0.0;347.676;0.0;4.9478;219.3596;0.0147
357064;0.0;0.0;0.0;0.0;0.0;0.0;0.0;0.0;0.0;0.0;0.0;0.0;0.0;0.0;0.0
399021;0.0;0.0;0.0;0.0;0.0;0.0;0.0;0.0;0.0;0.0;74.4264;0.0;0.0;0.0;0.0
262732;0.0;0.0;0.0;0.0;0.0;0.0;0.0;0.0;0.0;11.2825;1825.4333;0.0;0.4123;11.9152;0.0083
182631;0.0;0.0;0.0;0.9549;0.0;0.0;0.0;0.0;0.0;0.0;689.1303;0.0;0.8246;31.0306;0.0132
92185;0.0;0.0;0.0;0.0;0.0;0.0;0.0;0.0;0.0;37.5406;698.157;0.0;0.4123;22.0226;0.0243
29080;0.0;0.0;0.0;0.0;0.0;0.0;0.0;0.0;0.0;4.3877;231.3352;0.0;1.6493;73.9415;0.0141
157538;0.0;0.0;0.0;0.0;0.0;0.0;0.0;0.0;0.0;1.8804;395.1318;0.0;2.0616;157.5368;0.0228
108602;0.0;0.0;0.0;0.9549;0.0;0.0;0.0;0.0;0.0;4.3877;844.8625;0.0;1.2369;50.3183;0.0149
119665;0.0;0.0;0.0;0.0;0.0;0.0;0.0;0.0;0.0;0.0;177.5366;0.0;0.0;1.5199;0.0
113942;0.0;0.0;0.0;0.0;0.0;0.0;0.0;0.0;0.0;0.0;181.7739;0.0;0.0;0.0;0.0
190785;0.0;0.0;0.0;0.0;0.0;0.0;0.0;0.0;0.0;150.4338;4402.9426;0.0;3.7108;375.9939;0.035
397487;0.0;0.0;0.0;0.0;0.0;0.0;0.0;0.0;0.0;0.0;0.0;0.0;0.0;8.3255;0.0
145000;0.0;0.0;0.0;0.0;0.0;0.0;0.0;0.0;0.0;0.722;0.0;0.0;0.0;0.0;0.0094
247351;0.0;0.0;0.0;0.0;0.0;0.0;0.0;0.0;0.0;0.6268;135.7082;0.0;0.0;19.096;0.0157
382229;0.0;0.0;0.0;0.0;0.0;0.0;0.0;0.0;0.0;0.0;1555.9636;0.0;0.0;0.0;0.0062
94958;0.0;0.0;0.0;0.9549;0.0;0.0;0.0;0.0;0.0;52.6518;11362.5648;0.0;2.4739;214.2111;0.0234
185938;0.0;0.0;0.0;0.0;0.0;0.0;0.0;0.0;0.0;9.4021;1989.8612;0.0;1.6493;72.8825;0.0172
180891;0.0;0.0;0.0;0.0;0.0;0.0;0.0;0.0;0.0;4.3877;806.0437;0.0;0.4123;15.2588;0.0143
233868;0.0;0.0;0.0;0.0;0.0;0.0;0.0;0.0;0.0;22.5651;1627.2362;0.0;3.2985;243.7802;0.0253
208204;0.0;0.0;0.0;0.0;0.0;0.0;0.0;0.0;0.0;0.6268;130.0274;0.0;1.2369;103.8877;0.0301
345079;0.0;0.0;0.0;0.0;0.0;0.0;0.0;0.0;0.0;66.4416;1667.633;0.0;2.0616;295.2719;0.0383
297908;0.0;0.0;0.0;0.0;0.0;0.0;0.0;0.0;0.0;2.8878;0.0;0.0;0.4123;18.8619;0.0308
230472;0.0;0.0;0.0;0.0;0.0;0.0;0.0;0.0;0.0;1.2536;316.8629;0.0;0.0;0.0;0.0
52583;0.0;0.0;0.0;0.0;0.0;0.0;0.0;0.0;0.0;4.3877;832.5541;0.0;0.8246;51.6455;0.0284
388106;0.0;0.0;0.0;0.0;0.0;0.0;0.0;0.0;0.0;0.6268;143.9138;0.0;0.4123;26.3311;0.0177
109436;0.0;0.0;0.0;1.0154;0.0;0.0;0.0;0.0;0.0;15.8826;0.0;0.0;0.0;0.0;0.0072
269735;0.0;0.0;0.0;0.0;0.0;0.0;0.0;0.0;0.0;6.2681;1238.4164;0.0;0.4123;33.4248;0.0281
275748;0.0;0.0;0.0;0.0;0.0;0.0;0.0;0.0;0.0;10.829;15.714;0.0;0.0;0.0;0.0
93996;0.0;0.0;0.0;0.0;0.0;0.0;0.0;0.0;0.0;25.0723;5970.2147;0.0;1.2369;37.2772;0.0134
279254;0.0;0.0;0.0;0.0;0.0;0.0;0.0;0.0;0.0;5.4145;195.2255;0.0;0.0;2.3751;0.015
338838;0.0;0.0;0.0;0.0;0.0;0.0;0.0;0.0;0.0;0.6268;112.3538;0.0;0.4123;16.1412;0.012
380283;0.0;0.0;0.0;0.0;0.0;0.0;0.0;0.0;0.0;0.0;5.4153;0.0;0.0;0.0;0.0
405475;0.0;0.0;0.0;0.0;0.0;0.0;0.0;0.0;0.0;2.8878;14.8125;0.0;0.0;32.5599;0.0
375391;0.0;0.0;0.0;0.0;0.0;0.0;0.0;0.0;0.0;1.2536;349.3698;0.0;0.8246;83.6372;0.028
164028;0.0;0.0;0.0;0.9549;0.0;0.0;0.0;0.0;0.0;0.6268;2.5248;0.0;0.4123;19.1103;0.0204
206718;0.0;0.0;0.0;0.0;0.0;0.0;0.0;0.0;0.0;1.0829;0.0;0.0;0.3423;16.1382;0.0079
288218;0.0;0.0;0.0;0.0;0.0;0.0;0.0;0.0;0.0;17.5506;2840.0889;0.0;1.6493;230.2398;0.0464
420294;0.0;0.0;0.0;0.0;0.0;0.0;0.0;0.0;0.0;0.0;0.0;0.0;0.0;83.0445;0.0108
243939;0.0;0.0;0.0;0.0;0.0;0.0;0.0;0.0;0.0;0.6268;96.5738;0.0;0.0;5.0375;0.0
310000;0.0;0.0;0.0;1.0154;0.0;0.0;0.0;0.0;0.0;2.1658;247.8816;0.0;0.0;0.0;0.0
245921;0.0;0.0;0.0;0.0;0.0;0.0;0.0;0.0;0.0;1.8804;499.5956;0.0;0.4123;10.6489;0.01
34148;0.0;0.0;0.0;1.0154;0.0;0.0;0.0;0.0;0.0;0.0;0.0334;0.0;0.4123;47.4262;0.0456
218112;0.0;0.0;0.0;0.0;0.0;0.0;0.0;0.0;0.0;0.6268;106.9886;0.0;0.0;0.0;0.0119
249412;0.0;0.0;0.0;0.0;0.0;0.0;0.0;0.0;0.0;0.0;90.3105;0.0;0.0;0.0;0.0196
396201;0.0;0.0;0.0;0.0;0.0;0.0;0.0;0.0;0.0;1.2536;5.9964;0.0;0.0;0.0;0.0
209834;0.0;0.0;0.0;0.0;0.0;0.0;0.0;0.0;0.0;0.0;0.0;0.0;0.4123;6.8015;0.0138
64720;0.0;0.0;0.0;0.0;0.0;0.0;0.0;0.0;0.0;1.2536;329.1713;0.0;1.6493;52.1933;0.0122
211257;0.0;0.0;0.0;0.9549;1.0875;101.0752;0.0;0.0;0.0;1.8804;165.0591;0.0;2.4739;235.4336;0.0302
103311;0.0;0.0;0.0;1.0154;0.0;0.0;0.0;0.0;0.0;10.0289;1941.2587;0.0;4.1232;319.6153;0.0258
200460;0.0;0.0;0.0;0.0;0.0;0.0;0.0;0.0;0.0;0.722;0.0;0.0;1.6493;129.2276;0.0293
351758;0.0;0.0;0.0;0.0;0.0;0.0;0.0;0.0;0.0;1.0829;43.0983;0.0;0.0;35.5843;0.0018
228793;0.0;0.0;0.0;0.0;0.0;0.0;0.0;0.0;0.0;1.2536;3.4716;0.0;0.0;0.0;0.0
14864;0.0;0.0;0.0;0.0;0.0;0.0;0.0;0.0;0.0;0.0;0.0;0.0;1.6493;127.3474;0.0354
226233;0.0;0.0;0.0;0.0;0.0;0.0;0.0;0.0;0.0;0.0;0.0;0.0;0.4123;8.8289;0.0083
245079;0.0;0.0;0.0;0.0;0.0;0.0;0.0;0.0;0.0;0.361;102.4802;0.0;0.8246;25.6943;0.0111
201627;0.0;0.0;0.0;0.0;0.0;0.0;0.0;0.0;0.0;0.0;0.0;0.0;0.4123;14.2442;0.0133
376711;0.0;0.0;0.0;0.0;0.0;0.0;0.0;0.0;0.0;0.6268;171.6867;0.0;0.4123;28.9256;0.0168
218041;0.0;0.0;0.0;1.0154;0.0;0.0;0.0;0.0;0.0;320.2987;11956.8406;0.0;4.1232;401.177;0.0318
154691;0.0;0.0;0.0;0.0;0.0;0.0;0.0;0.0;0.0;0.0;23.5836;0.0;0.0;0.0;0.0087
357674;0.0;0.0;0.0;0.0;0.0;0.0;0.0;0.0;0.0;0.0;10.1207;0.0;0.0;0.0;0.0
175228;0.0;0.0;0.0;0.0;0.0;0.0;0.0;0.0;0.0;0.0;0.0;0.0;0.0;0.0;0.0
416426;0.0;0.0;0.0;0.0;0.0;0.0;0.0;0.0;0.0;1.2536;242.6968;0.0;0.0;0.0;0.0
223740;0.0;0.0;0.0;0.0;0.0;0.0;0.0;0.0;0.0;3.134;182.1015;0.0;1.2369;40.7002;0.012
108884;0.0;0.0;0.0;1.0154;0.0;0.0;0.0;0.0;0.0;20.0578;3373.1382;0.0;4.5355;193.4519;0.0145
204260;0.0;0.0;0.0;0.0;0.0;0.0;0.0;0.0;0.0;68.9488;1946.9395;0.0;4.9478;363.9238;0.0241
143162;0.0;0.0;0.0;0.0;0.0;0.0;0.0;0.0;0.0;0.0;0.0;0.0;0.4123;29.7651;0.0344
80973;0.0;0.0;0.0;0.0;0.0;0.0;0.0;0.0;0.0;7.5217;1245.3596;0.0;3.7108;242.4092;0.0196
8611;0.0;0.0;0.0;1.9098;0.0;0.0;0.0;0.0;0.0;2.5072;25.8792;0.0;4.5355;297.2286;0.0194
21365;0.0;0.0;0.0;0.0;0.0;0.0;0.0;0.0;0.0;4.6926;0.0;0.0;0.4123;28.126;0.0324
144753;0.0;0.0;0.0;0.0;0.0;0.0;0.0;0.0;0.0;0.0;36.4479;0.0;0.0;0.0;0.0118
127504;0.0;0.0;0.0;0.0;0.0;0.0;0.0;0.0;0.0;0.0;508.0986;0.0;0.8246;37.2738;0.0201
102917;0.0;0.0;0.0;0.0;0.0;0.0;0.0;0.0;0.0;1.2536;3.4716;0.0;0.8246;53.0856;0.0257
397553;0.0;0.0;0.0;0.0;0.0;0.0;0.0;0.0;0.0;1.0829;0.1758;0.0;0.0;70.9376;0.0
205253;0.0;0.0;0.0;0.0;0.0;3.3579;0.0;0.0;0.0;0.0;0.0;0.0;0.0;0.0;0.0045
394722;0.0;0.0;0.0;0.0;0.0;0.0;0.0;0.0;0.0;0.0;108.4095;0.0;0.0;31.1225;0.0098
72651;0.0;0.0;0.0;1.0154;0.0;0.0;0.0;0.0;0.0;0.722;0.0165;0.0;0.4123;39.6201;0.032
190191;0.0;0.0;0.0;0.0;0.0;0.0;0.0;0.0;0.0;0.0;0.0;0.0;0.0;52.3205;0.0059
80572;0.0;0.0;0.0;0.0;0.0;0.0;0.0;0.0;0.0;0.0;61.4761;0.0;0.0;0.0;0.0
261978;0.0;0.0;0.0;0.0;0.0;0.0;0.0;0.0;0.0;5.6413;869.1638;0.0;0.8246;61.2017;0.0234
76407;0.0;0.0;0.0;0.0;0.0;0.0;0.0;0.0;0.0;0.0;37.7885;0.0;0.0;0.0;0.0
414080;0.0;0.0;0.0;0.0;0.0;0.0;0.0;0.0;0.0;0.0;222.9253;0.0;0.0;0.0;0.0
115243;0.0;0.0;0.0;0.0;0.0;0.0;0.0;0.0;0.0;1.2536;208.9275;0.0;0.8246;42.9283;0.0223
237865;0.0;0.0;0.0;0.0;0.0;0.0;0.0;0.0;0.0;1.2536;158.4315;0.0;0.4123;11.5979;0.01
169445;0.0;0.0;0.0;0.9549;0.0;0.0;0.0;0.0;0.0;8.7753;137.6018;0.0;2.4739;151.9816;0.0258
202754;0.0;0.0;0.0;0.0;0.0;0.0;0.0;0.0;0.0;4.6926;339.6536;0.0;1.2369;16.3021;0.0134
95107;0.0;0.0;0.0;0.0;0.0;0.0;0.0;0.0;0.0;10.0289;811.4089;0.0;0.8246;63.1082;0.0154
33719;0.0;0.0;0.0;0.0;0.0;0.0;0.0;0.0;0.0;2.5072;44.1841;0.0;3.7108;292.0034;0.022
79552;0.0;0.0;0.0;0.0;0.0;0.0;0.0;0.0;0.0;0.0;310.4494;0.0;0.0;37.9402;0.0
132705;0.0;0.0;0.0;1.0154;0.0;0.0;0.0;0.0;0.0;1.8048;0.0;0.0;1.2369;49.5787;0.0175
293216;0.0;0.0;0.0;0.0;0.0;0.0;0.0;0.0;0.0;18.1774;776.0616;0.0;0.8246;85.9214;0.0356
289824;0.0;0.0;0.0;0.0;0.0;0.0;0.0;0.0;0.0;0.0;695.9446;0.0;0.0;0.0;0.0125
94358;0.0;0.0;0.0;0.0;0.0;0.0;0.0;0.0;0.0;2.5072;510.9572;0.0;0.8246;46.3465;0.0182
337643;0.0;0.0;0.0;0.0;0.0;0.0;0.0;0.0;0.0;78.9778;2545.0024;0.0;0.8246;58.7007;0.0247
393389;0.0;0.0;0.0;0.0;0.0;0.0;0.0;0.0;0.0;2.8878;0.0;0.0;0.0;0.0;0.0
269344;0.0;0.0;0.0;0.0;0.0;0.0;0.0;0.0;0.0;8.6632;0.0;0.0;0.0;0.0;0.008
31221;0.0;0.0;0.0;0.0;0.0;0.0;0.0;0.0;0.0;2.5072;471.5071;0.0;2.8862;226.395;0.024
351872;0.0;0.0;0.0;0.0;0.0;0.0;0.0;0.0;0.0;1.0829;17.4509;0.0;0.4123;23.1378;0.0429
353621;0.0;0.0;0.0;0.0;0.0;0.0;0.0;0.0;0.0;2.5072;425.4295;0.0;0.4123;20.4193;0.0155
371341;0.0;0.0;0.0;0.0;0.0;0.0;0.0;0.0;0.0;0.0;0.0;0.0;0.0;11.2452;0.008
24066;0.0;0.0;0.0;0.0;0.0;0.0;0.0;0.0;0.0;0.0;389.7431;0.0;0.8246;40.0816;0.0253
329388;0.0;0.0;0.0;0.0;0.0;0.0;0.0;0.0;0.0;5.0145;1141.2114;0.0;0.0;0.0;0.0
113076;0.0;0.0;0.0;0.0;0.0;0.0;0.0;0.0;0.0;4.3877;82.6873;0.0;2.0616;160.4318;0.0329
25624;0.0;0.0;0.0;1.0154;0.0;0.0;0.0;0.0;0.0;4.3877;82.3717;0.0;1.2369;59.2645;0.02
167009;0.0;0.0;0.0;0.0;0.0;0.0;0.0;0.0;0.0;4.3316;0.0;0.0;0.0;96.0227;0.0065
320466;0.0;0.0;0.0;0.0;0.0;0.0;0.0;0.0;0.0;1.2536;300.1361;0.0;1.2369;132.8935;0.035
272106;0.0;0.0;0.0;0.0;0.0;0.0;0.0;0.0;0.0;5.0535;0.0;0.0;0.4123;22.7271;0.0193
363222;0.0;0.0;0.0;0.9549;0.0;0.0;0.0;0.0;0.0;32.594;2945.8151;0.0;1.2369;146.4587;0.0299
92573;0.0;0.0;0.0;0.0;0.0;0.0;0.0;0.0;0.0;0.0;25.4063;0.0;0.4123;22.8555;0.0243
48093;0.0;0.0;0.0;0.0;0.0;0.0;0.0;0.0;0.0;0.0;231.8635;0.0;0.0;0.0;0.0
395545;0.0;0.0;0.0;0.0;0.0;0.0;0.0;0.0;0.0;3.9706;0.0;0.0;0.0;0.0;0.0
360052;0.0;0.0;0.0;0.0;0.0;0.0;0.0;0.0;0.0;0.361;0.0;0.0;0.0;0.0;0.0
398379;0.0;0.0;0.0;0.0;0.0;0.0;0.0;0.0;0.0;0.361;308.9705;0.0;0.0;20.8725;0.0054
392773;0.0;0.0;0.0;0.0;0.0;0.0;0.0;0.0;0.0;3.7608;1003.9252;0.0;0.4123;4.8893;0.0034
287680;0.0;0.0;0.0;0.0;0.0;0.0;0.0;0.0;0.0;0.6268;97.8362;0.0;0.4123;10.8648;0.0095
6907;0.0;0.0;0.0;0.0;0.0;0.0;0.0;0.0;0.0;11.2825;218.0799;0.0;1.6493;65.0372;0.0145
125681;0.0;0.0;0.0;0.0;0.0;151.1038;0.0;0.0;0.0;0.0;809.133;0.0;1.2369;27.2848;0.0098
316583;0.0;0.0;0.0;0.0;0.0;0.0;0.0;0.0;0.0;4.3877;852.437;0.0;1.2369;132.894;0.035
312099;0.0;0.0;0.0;0.0;0.0;0.0;0.0;0.0;0.0;1.2536;302.9765;0.0;0.0;25.4465;0.0
57586;0.0;0.0;0.0;2.8647;0.0;0.0;0.0;0.0;0.0;15.6702;4111.9589;0.0;2.4739;92.7226;0.0148
403134;0.0;0.0;0.0;0.0;0.0;0.0;0.0;0.0;0.0;3.6097;290.9799;0.0;0.0;0.0;0.0
200007;0.0;0.0;0.0;0.0;0.0;0.0;0.0;0.0;0.0;0.0;1691.0994;0.0;0.4123;8.4777;0.0177
314943;0.0;0.0;0.0;0.0;0.0;0.0;0.0;0.0;0.0;0.0;131.9498;0.0;0.0;76.7163;0.0276
273615;0.0;0.0;0.0;0.0;0.0;0.0;0.0;0.0;0.0;8.6632;20.1465;0.0;0.0;12.5697;0.0018
36516;0.0;0.0;0.0;0.0;0.0;0.0;0.0;0.0;0.0;5.6413;1137.7398;0.0;4.5355;415.9823;0.0223
48982;0.0;0.0;0.0;0.0;0.0;0.0;0.0;0.0;0.0;0.0;0.0;0.0;0.4123;35.0652;0.0344
91933;0.0;0.0;0.0;0.9549;0.0;0.0;0.0;0.0;0.0;35.1012;6609.3057;0.0;3.7108;107.5979;0.0118
19036;0.0;0.0;0.0;0.0;0.0;0.0;0.0;0.0;0.0;30.0868;7458.9022;0.0;4.9478;286.2297;0.0205
39147;0.0;0.0;0.0;0.0;0.0;0.0;0.0;0.0;0.0;4.6926;57.0302;0.0;1.6493;63.117;0.0116
150064;0.0;0.0;0.0;0.0;0.0;0.0;0.0;0.0;0.0;47.6374;3609.5229;0.0;1.6493;68.48;0.0173
121472;0.0;0.0;0.0;0.0;0.0;0.0;0.0;0.0;0.0;11.9093;1939.9963;0.0;2.8862;118.7698;0.017
304512;0.0;0.0;0.0;0.0;0.0;0.0;0.0;0.0;0.0;0.0;0.0;0.0;0.0;0.0;0.0023
293697;0.0;0.0;0.0;0.0;0.0;0.0;0.0;0.0;0.0;0.6268;120.2438;0.0;0.0;0.0;0.0
288744;0.0;0.0;0.0;0.0;0.0;0.0;0.0;0.0;0.0;30.7136;3160.4234;0.0;1.2369;184.9738;0.0469
148394;0.0;0.0;0.0;0.0;0.0;0.0;0.0;0.0;0.0;0.0;1743.3129;0.0;0.4123;27.9387;0.028
184260;0.0;0.0;0.0;0.0;0.0;0.0;0.0;0.0;0.0;0.0;0.0;0.0;0.0;13.0369;0.0
35898;0.0;0.0;0.0;0.0;0.0;0.0;0.0;0.0;0.0;1.2536;6.312;0.0;1.2369;61.4575;0.0202
243852;0.0;0.0;0.0;1.0154;0.0;0.0;0.0;0.0;0.0;1.2536;346.2137;0.0;0.4123;12.2908;0.01
2785;0.0;0.0;0.0;0.0;0.0;0.0;0.0;0.0;0.0;0.0;0.0;0.0;2.0616;62.1405;0.0113
114413;0.0;0.0;0.0;0.9549;1.0875;0.0;0.0;0.0;0.0;0.0;5.8242;0.0;1.6493;109.4706;0.0269
5272;0.0;0.0;0.0;0.0;0.0;0.0;0.0;0.0;0.0;3.7608;832.8697;0.0;0.8246;74.4197;0.0418
35936;0.0;0.0;0.0;0.0;0.0;0.0;0.0;0.0;0.0;0.0;0.0;0.0;1.2369;51.827;0.0222
28506;0.0;0.0;0.0;0.0;0.0;0.0;0.0;0.0;0.0;2.5072;622.9954;0.0;1.6493;79.3518;0.0138
207819;0.0;0.0;0.0;0.0;0.0;0.0;0.0;0.0;0.0;3.7608;520.1096;0.0;1.6493;54.6023;0.0115
363638;0.0;0.0;0.0;0.0;0.0;0.0;0.0;0.0;0.0;0.0;151.3308;0.0;0.0;0.0;0.0
38003;0.0;0.0;0.0;0.0;0.0;0.0;0.0;0.0;0.0;0.0;42.8328;0.0;0.0;0.0;0.0025
318098;0.0;0.0;0.0;0.9549;0.0;0.0;0.0;0.0;0.0;38.8621;7134.7805;0.0;1.2369;118.9843;0.0284
340265;0.0;0.0;0.0;0.0;0.0;0.0;0.0;0.0;0.0;2.5072;577.8645;0.0;0.8246;84.9708;0.0286
248243;0.0;0.0;0.0;0.9549;0.0;0.0;0.0;0.0;0.0;4.3877;220.9204;0.0;2.0616;385.203;0.0526
149798;0.0;0.0;0.0;0.0;0.0;0.0;0.0;0.0;0.0;2.5072;711.9947;0.0;1.2369;24.8963;0.0085
55640;0.0;0.0;0.0;0.0;0.0;0.0;0.0;0.0;0.0;2.5072;641.9314;0.0;1.2369;50.9252;0.0168
337181;0.0;0.0;0.0;0.0;0.0;0.0;0.0;0.0;0.0;0.0;11.2392;0.0;0.0;3.4303;0.0163
242992;0.0;0.0;0.0;0.9549;0.0;0.0;0.0;0.0;0.0;3.134;604.6906;0.0;0.4123;10.8648;0.0095
339315;0.0;0.0;0.0;0.0;0.0;0.0;0.0;0.0;0.0;21.9383;3977.8287;0.0;1.6493;208.7787;0.0354
257267;0.0;0.0;0.0;0.0;0.0;0.0;0.0;0.0;0.0;0.722;84.8009;0.0;0.4123;1.3737;0.0008
390224;0.0;0.0;0.0;0.0;0.0;0.0;0.0;0.0;0.0;0.361;671.4308;0.0;0.0;99.697;0.0
323803;0.0;0.0;0.0;0.0;0.0;0.0;0.0;0.0;0.0;1.8804;338.9549;0.0;0.4123;85.893;0.0482
15972;0.0;0.0;0.0;0.0;0.0;0.0;0.0;0.0;0.0;0.0;0.0;0.0;0.0;0.6895;0.0085
225615;0.0;0.0;0.0;0.0;0.0;0.0;0.0;0.0;0.0;66.4416;1438.1915;0.0;1.2369;109.2177;0.0288
105350;0.0;0.0;0.0;6.6844;0.0;0.0;0.0;0.0;0.0;13.163;2634.3174;0.0;3.2985;231.0915;0.0258
160643;0.0;0.0;0.0;0.0;0.0;0.0;0.0;0.0;0.0;0.6268;1.2624;0.0;0.4123;10.0158;0.0106
184221;0.0;0.0;0.0;1.0154;0.0;0.0;0.0;0.0;0.0;19.8532;0.0;0.0;0.0;0.0;0.016
659;0.0;0.0;0.0;0.0;0.0;0.0;0.0;0.0;0.0;57.6663;2973.5879;0.0;0.4123;35.4711;0.0291
50920;0.0;0.0;0.0;0.0;0.0;0.0;0.0;0.0;0.0;1.8804;323.8061;0.0;1.2369;45.043;0.017
175155;0.0;0.0;0.0;0.0;0.0;0.0;0.0;0.0;0.0;1.8804;97.5206;0.0;0.4123;6.5699;0.0073
212484;0.0;0.0;0.0;0.0;0.0;0.0;0.0;0.0;0.0;1.8804;433.3195;0.0;0.0;0.0;0.0
200012;0.0;0.0;0.0;0.0;0.0;0.0;0.0;0.0;0.0;0.0;186.6267;0.0;0.0;0.0;0.0047
421588;0.0;0.0;0.0;0.0;0.0;0.0;0.0;0.0;0.0;1.8048;0.0;0.0;0.0;0.0;0.0032
226204;0.0;0.0;0.0;0.0;0.0;0.0;0.0;0.0;0.0;25.6991;4083.8705;0.0;2.4739;300.7477;0.04
307570;0.0;0.0;0.0;0.0;0.0;0.0;0.0;0.0;0.0;0.0;815.7703;0.0;0.8246;139.7116;0.0355
123537;0.0;0.0;0.0;0.0;0.0;0.0;0.0;0.0;0.0;5.0145;858.4334;0.0;2.4739;110.1971;0.0167
330237;0.0;0.0;0.0;0.0;0.0;0.0;0.0;0.0;0.0;3.7608;909.245;0.0;0.4123;63.6816;0.0505
284540;0.0;0.0;0.0;1.0154;0.0;0.0;0.0;0.0;0.0;2.5072;397.0254;0.0;0.0;8.7065;0.0
161422;0.0;0.0;0.0;0.0;0.0;0.0;0.0;0.0;0.0;63.3076;6414.5802;0.0;0.8246;45.144;0.0132
81167;0.0;0.0;0.0;0.0;0.0;0.0;0.0;0.0;0.0;0.6268;159.6939;0.0;0.8246;37.5586;0.018
176615;0.0;0.0;0.0;0.0;0.0;0.0;0.0;0.0;0.0;6.2681;1269.3452;0.0;2.8862;117.1965;0.0148
347191;0.0;0.0;0.0;0.0;0.0;0.0;0.0;0.0;0.0;1.8804;326.6465;0.0;0.0;24.6468;0.0
404885;0.0;0.0;0.0;0.0;0.0;0.0;0.0;0.0;0.0;0.0;0.0;0.0;0.0;0.0;0.0127
324099;0.0;0.0;0.0;0.0;0.0;0.0;0.0;0.0;0.0;0.6268;74.7973;0.0;2.0616;325.9422;0.0839
214597;0.0;0.0;0.0;0.9549;0.0;0.0;0.0;0.0;0.0;0.0;0.0;0.0;0.4123;22.3539;0.0205
184103;0.0;0.0;0.0;0.0;0.0;0.0;0.0;0.0;0.0;0.0;0.0;0.0;0.4123;8.6452;0.0081
175518;0.0;0.0;0.0;1.0154;0.0;0.0;0.0;0.0;0.0;0.0;528.8613;0.0;0.8246;18.0028;0.0103
104047;0.0;0.0;0.0;0.0;0.0;0.0;0.0;0.0;0.0;3.2487;0.0;0.0;0.0;0.0;0.0
175272;0.0;0.0;0.0;0.0;0.0;0.0;0.0;0.0;0.0;1.2536;184.3107;0.0;4.5355;351.5282;0.0238
59667;0.0;0.0;0.0;0.0;0.0;0.0;0.0;0.0;0.0;20.6847;4419.3538;0.0;4.1232;283.994;0.0237
298350;0.0;0.0;0.0;0.9549;1.2154;0.0;0.0;0.0;0.0;4.3877;895.043;0.0;0.4123;43.6284;0.0373
176389;0.0;0.0;0.0;0.0;0.0;0.0;0.0;0.0;0.0;0.6268;165.3747;0.0;1.6493;65.9545;0.0165
389437;0.0;0.0;0.0;2.0307;0.0;0.0;0.0;0.0;0.0;0.0;0.0;0.0;0.0;0.0;0.0
21616;0.0;0.0;0.0;1.9098;0.0;0.0;0.0;0.0;0.0;28.8332;2037.8324;0.0;4.1232;203.6214;0.0165
182826;0.0;0.0;0.0;0.0;0.0;0.0;0.0;0.0;0.0;15.1606;0.0;0.0;0.0;7.5212;0.0
262489;0.0;0.0;0.0;0.0;0.0;0.0;0.0;0.0;0.0;10.6557;2592.6581;0.0;0.4123;36.0262;0.0307
197619;0.0;0.0;0.0;0.0;0.0;0.0;0.0;0.0;0.0;0.0;0.0;0.0;0.0;0.0;0.003
176013;0.0;0.0;0.0;0.0;0.0;0.0;0.0;0.0;0.0;0.0;27.3457;0.0;0.0;0.0;0.0
45067;0.0;0.0;0.0;0.9549;0.0;0.0;0.0;0.0;0.0;11.9093;2628.0054;0.0;3.7108;317.3476;0.0241
70520;0.0;0.0;0.0;0.0;0.0;0.0;0.0;0.0;0.0;4.6926;18.4298;0.0;3.7108;266.2756;0.0229
268024;0.0;0.0;0.0;0.0;0.0;0.0;0.0;0.0;0.0;4.3316;47.7585;0.0;0.0;11.1663;0.0
85438;0.0;0.0;0.0;0.0;0.0;0.0;0.0;0.0;0.0;1.8804;372.093;0.0;0.0;0.8157;0.0191
150270;0.0;0.0;0.0;0.0;0.0;0.0;0.0;0.0;0.0;0.0;177.0582;0.0;0.0;0.0;0.0096
321652;0.0;0.0;0.0;0.0;0.0;0.0;0.0;0.0;0.0;0.0;0.0;0.0;0.0;0.0;0.0086
108072;0.0;0.0;0.0;0.0;0.0;0.0;0.0;0.0;0.0;2.5072;676.9631;0.0;2.4739;72.0857;0.0141
38185;0.0;0.0;0.0;0.0;0.0;0.0;0.0;0.0;0.0;0.0;310.8033;0.0;4.9478;183.6853;0.016
34669;0.0;0.0;0.0;0.0;0.0;0.0;0.0;0.0;0.0;0.0;46.3727;0.0;0.0;0.0;0.0
28181;0.0;0.0;0.0;0.0;0.0;0.0;0.0;0.0;0.0;1.2536;29.0352;0.0;2.0616;96.326;0.0164
417047;0.0;0.0;0.0;0.0;0.0;0.0;0.0;0.0;0.0;0.0;0.0;0.0;0.0;3.791;0.0
214413;0.0;0.0;0.0;1.0154;0.0;0.0;0.0;0.0;0.0;1.4439;49.1161;0.0;1.2369;41.1164;0.0126
99662;0.0;0.0;0.0;0.0;0.0;0.0;0.0;0.0;0.0;2.5072;575.0241;0.0;2.4739;128.7232;0.0205
407927;0.0;0.0;0.0;0.0;0.0;0.0;0.0;0.0;0.0;0.0;0.0;0.0;0.4123;2.2298;0.0015
330761;0.0;0.0;0.0;0.9549;0.0;0.0;0.0;0.0;0.0;10.0289;755.5476;0.0;0.4123;42.3787;0.0364
278921;0.0;0.0;0.0;1.0154;0.0;0.0;0.0;0.0;0.0;0.0;230.6246;0.0;0.4123;73.249;0.0627
179771;0.0;0.0;0.0;0.0;0.0;0.0;0.0;0.0;0.0;0.0;0.885;0.0;0.0;0.0;0.0
217962;0.0;0.0;0.0;0.0;0.0;0.0;0.0;0.0;0.0;0.6268;11.3616;0.0;0.4123;20.4342;0.017
332733;0.0;0.0;0.0;0.0;0.0;0.0;0.0;0.0;0.0;1.8048;564.9683;0.0;0.0;39.6202;0.0049
52750;0.0;0.0;0.0;0.0;0.0;0.0;0.0;0.0;0.0;0.0;0.0;0.0;0.0;0.0;0.0095
276192;0.0;0.0;0.0;0.0;0.0;0.0;0.0;0.0;0.0;6.8583;574.9685;0.0;0.0;4.0429;0.0
194122;0.0;0.0;0.0;0.0;0.0;0.0;0.0;0.0;0.0;21.9383;4237.5679;0.0;2.0616;233.5059;0.0298
203849;0.0;0.0;0.0;0.0;0.0;0.0;0.0;0.0;0.0;3.134;790.5793;0.0;0.4123;23.1965;0.0205
1800;0.0;0.0;0.0;1.0154;0.0;0.0;0.0;0.0;0.0;11.5509;7.0618;0.0;0.8246;35.9513;0.0161
394597;0.0;0.0;0.0;0.0;0.0;0.0;0.0;0.0;0.0;0.0;3.0293;0.0;0.0;0.0;0.0
201476;0.0;0.0;0.0;0.0;0.0;0.0;0.0;0.0;0.0;0.0;119.2062;0.0;0.0;62.5856;0.0
44892;0.0;0.0;0.0;0.0;0.0;0.0;0.0;0.0;0.0;6.2681;1292.3841;0.0;3.7108;251.3096;0.0219
375646;0.0;0.0;0.0;0.0;0.0;0.0;0.0;0.0;0.0;0.0;491.0798;0.0;0.0;0.0;0.0
249100;0.0;0.0;0.0;2.0307;0.0;0.0;0.0;0.0;0.0;0.0;0.0;0.0;0.0;45.0182;0.0
19365;0.0;0.0;0.0;0.0;0.0;0.0;0.0;0.0;0.0;0.0;151.3308;0.0;0.0;0.0;0.0
206324;0.0;0.0;0.0;0.0;0.0;0.0;0.0;0.0;0.0;0.0;0.0;0.0;0.0;14.0351;0.0
127425;0.0;0.0;0.0;0.0;0.0;0.0;0.0;0.0;0.0;1.8804;213.0303;0.0;1.2369;83.9026;0.0269
60585;0.0;0.0;0.0;0.0;0.0;0.0;0.0;0.0;0.0;1.8048;43.3814;0.0;0.4123;34.8663;0.0324
390900;0.0;0.0;0.0;0.0;0.0;0.0;0.0;0.0;0.0;8.7753;211.7679;0.0;0.0;3.0235;0.0
413707;0.0;0.0;0.0;0.0;0.0;0.0;0.0;0.0;0.0;0.0;0.0;0.0;0.0;71.4487;0.0126
128231;0.0;0.0;0.0;0.0;0.0;0.0;0.0;0.0;0.0;0.0;32.8448;0.0;1.2369;28.5991;0.009
231621;0.0;0.0;0.0;0.0;0.0;0.0;0.0;0.0;0.0;3.7608;28.0884;0.0;1.6493;23.3318;0.0064
362395;0.0;0.0;0.0;0.0;0.0;0.0;0.0;0.0;0.0;0.0;41.1958;0.0;0.0;0.0;0.007
65917;0.0;0.0;0.0;0.0;0.0;0.0;0.0;0.0;0.0;6.2681;386.6106;0.0;0.4123;33.252;0.0344
253620;0.0;0.0;0.0;0.0;0.0;0.0;0.0;0.0;0.0;0.361;41.5927;0.0;0.0;0.0;0.0
182452;0.0;0.0;0.0;0.0;0.0;0.0;0.0;0.0;0.0;0.722;0.0;0.0;1.2369;50.1609;0.0128
132306;0.0;0.0;0.0;0.9549;0.0;0.0;0.0;0.0;0.0;21.9383;5766.3367;0.0;4.5355;320.7994;0.0195
264426;0.0;0.0;0.0;2.0307;0.0;0.0;0.0;0.0;0.0;0.6268;124.6622;0.0;0.8246;92.5524;0.0406
417623;0.0;0.0;0.0;0.0;0.0;0.0;0.0;0.0;0.0;3.9706;0.0;0.0;0.0;0.0;0.0
184655;0.0;0.0;0.0;0.0;0.0;0.0;0.0;0.0;0.0;0.0;68.3201;0.0;0.0;0.0;0.0
6710;0.0;0.0;0.0;0.0;0.0;0.0;0.0;0.0;0.0;0.361;43.0098;0.0;0.0;23.2414;0.0
36410;0.0;0.0;0.0;0.0;0.0;0.0;0.0;0.0;0.0;0.0;0.0;0.0;1.2369;95.456;0.02
172391;0.0;0.0;0.0;0.0;0.0;0.0;0.0;0.0;0.0;2.5072;300.1361;0.0;1.2369;45.001;0.0117
87262;0.0;0.0;0.0;0.0;0.0;0.0;0.0;0.0;0.0;0.361;49.0276;0.0;1.6493;65.6491;0.0145
359716;0.0;0.0;0.0;0.0;0.0;0.0;0.0;0.0;0.0;1.2536;273.31;0.0;0.0;0.0;0.0
2768;0.0;0.0;0.0;0.0;0.0;0.0;0.0;0.0;0.0;0.0;0.0;0.0;2.0616;71.0876;0.0113
121264;0.0;0.0;0.0;1.0154;0.0;0.0;0.0;0.0;0.0;0.6268;163.1655;0.0;1.2369;59.7663;0.0241
246010;0.0;0.0;0.0;1.0154;0.0;0.0;0.0;0.0;0.0;0.0;0.0;0.0;0.0;20.1834;0.0039
195830;0.0;0.0;0.0;0.9549;0.0;0.0;0.0;0.0;0.0;4.3877;701.8955;0.0;2.4739;212.8091;0.0283
45487;0.0;0.0;0.0;0.0;0.0;0.0;0.0;0.0;0.0;18.1774;3710.8307;0.0;3.2985;214.8354;0.02
220839;0.0;0.0;0.0;0.0;0.0;0.0;0.0;0.0;0.0;16.297;4540.5444;0.0;3.2985;112.7978;0.0139
416013;0.0;0.0;0.0;0.0;0.0;0.0;0.0;0.0;0.0;0.0;0.0;0.0;0.0;0.0;0.0
245159;0.0;0.0;0.0;0.0;0.0;0.0;0.0;0.0;0.0;0.0;0.0;0.0;0.4123;23.5017;0.0193
203158;0.0;0.0;0.0;0.0;0.0;0.0;0.0;0.0;0.0;0.0;150.0033;0.0;0.4123;8.4777;0.0177
145310;0.0;0.0;0.0;0.0;0.0;0.0;0.0;0.0;0.0;0.0;48.9391;0.0;0.0;6.3739;0.0
254012;0.0;0.0;0.0;0.0;0.0;0.0;0.0;0.0;0.0;11.9093;674.1227;0.0;1.6493;126.0506;0.0261
122771;0.0;0.0;0.0;0.0;0.0;0.0;0.0;0.0;0.0;8.7753;1944.4147;0.0;2.4739;60.7107;0.0092
303896;0.0;0.0;0.0;0.0;0.0;0.0;0.0;0.0;0.0;20.0578;726.1968;0.0;1.6493;152.9291;0.0242
22894;0.0;0.0;0.0;0.0;0.0;0.0;0.0;0.0;0.0;1.4439;0.0;0.0;5.3601;198.3555;0.0164
8528;0.0;0.0;0.0;0.0;0.0;0.0;0.0;0.0;0.0;6.2681;366.0966;0.0;4.5355;200.7236;0.016
279240;0.0;0.0;0.0;0.0;0.0;0.0;0.0;0.0;0.0;0.0;7.5223;0.0;0.0;0.0;0.0
363225;0.0;0.0;0.0;0.0;0.0;0.0;0.0;0.0;0.0;0.0;19.8237;0.0;0.0;0.0;0.0
212745;0.0;0.0;0.0;0.0;0.0;0.0;0.0;0.0;0.0;25.2677;0.0;0.0;0.0;9.8479;0.007
419566;0.0;0.0;0.0;0.0;0.0;0.0;0.0;0.0;0.0;0.6268;169.1619;0.0;0.4123;25.9423;0.0172
145191;0.0;0.0;0.0;1.0154;0.0;0.0;0.0;0.0;0.0;0.6268;194.4099;0.0;0.8246;17.2144;0.009
135486;0.0;0.0;0.0;2.8647;0.0;0.0;0.0;0.0;0.0;17.5506;658.6582;0.0;2.8862;159.6438;0.0194
182028;0.0;0.0;0.0;0.0;0.0;0.0;0.0;0.0;0.0;0.0;0.0;0.0;0.0;7.8779;0.0
224916;0.0;0.0;0.0;0.0;0.0;8.3946;0.0;0.0;0.0;5.0145;773.8524;0.0;0.8246;18.6215;0.0079
61431;0.0;0.0;0.0;1.0154;0.0;0.0;0.0;0.0;0.0;3.134;165.0591;0.0;5.3601;312.4697;0.0193
171215;0.0;0.0;0.0;0.9549;0.0;0.0;0.0;0.0;0.0;0.6268;171.0555;0.0;1.2369;19.9554;0.0066
362297;0.0;0.0;0.0;0.0;0.0;0.0;0.0;0.0;0.0;1.8804;500.858;0.0;0.4123;81.9803;0.0486
205354;0.0;0.0;0.0;0.0;0.0;0.0;0.0;0.0;0.0;0.6268;128.4494;0.0;1.6493;162.7274;0.0335
58330;0.0;0.0;0.0;1.0154;0.0;0.0;0.0;0.0;0.0;15.6702;3596.8989;0.0;2.4739;131.5097;0.0175
272844;0.0;0.0;0.0;0.0;0.0;0.0;0.0;0.0;0.0;0.0;10.0652;0.0;0.0;0.0;0.0
280408;0.0;0.0;0.0;0.0;0.0;0.0;0.0;0.0;0.0;4.3316;0.0;0.0;0.4123;35.976;0.0346
128478;0.0;0.0;0.0;0.0;0.0;0.0;0.0;0.0;0.0;2.5072;488.5496;0.0;2.0616;100.4825;0.0196
234593;0.0;0.0;0.0;0.0;0.0;0.0;0.0;0.0;0.0;0.0;97.4062;0.0;0.0;32.3537;0.0
67242;0.0;0.0;0.0;0.0;0.0;0.0;0.0;0.0;0.0;7.5217;719.8847;0.0;2.8862;140.2004;0.0149
152118;0.0;0.0;0.0;0.0;0.0;0.0;0.0;0.0;0.0;0.0;166.9949;0.0;0.0;0.0;0.0129
122820;0.0;0.0;0.0;0.0;0.0;0.0;0.0;0.0;0.0;9.3851;48.0542;0.0;2.8862;74.1791;0.0103
73921;0.0;0.0;0.0;1.9098;1.0875;1.4864;0.0;0.0;0.0;58.9199;11626.7224;0.0;3.7108;258.4633;0.0206
156803;0.0;0.0;0.0;1.0154;0.0;0.0;0.0;0.0;0.0;0.0;0.0;0.0;0.8246;70.6613;0.0868
263847;0.0;0.0;0.0;0.0;0.0;0.0;0.0;0.0;0.0;14.4166;833.5009;0.0;0.8246;49.3902;0.0223
39708;0.0;0.0;0.0;0.0;0.0;0.0;0.0;0.0;0.0;0.0;1505.6085;0.0;0.4123;43.6388;0.0456
238392;0.0;0.0;0.0;0.0;0.0;0.0;0.0;0.0;0.0;10.0289;2074.1265;0.0;0.4123;11.3961;0.01
224880;0.0;0.0;0.0;0.0;0.0;0.0;0.0;0.0;0.0;1.2536;59.6485;0.0;0.8246;10.788;0.004
127020;0.0;0.0;0.0;0.0;0.0;0.0;0.0;0.0;0.0;28.8773;0.0;0.0;2.0616;138.2786;0.0185
106015;0.0;0.0;0.0;0.0;0.0;0.0;0.0;0.0;0.0;0.0;1445.0762;0.0;0.0;22.3815;0.0045
223435;0.0;0.0;0.0;0.9549;0.0;0.0;0.0;0.0;0.0;4.3877;1007.3968;0.0;1.2369;70.0914;0.0204
135525;0.0;0.0;0.0;0.9549;0.0;0.0;0.0;0.0;0.0;2.5072;24.6168;0.0;0.8246;16.2243;0.0091
188966;0.0;0.0;0.0;0.0;0.0;0.0;0.0;0.0;0.0;0.0;209.6507;0.0;0.4123;7.6309;0.0077
125141;0.0;0.0;0.0;0.9549;0.0;0.0;0.0;0.0;0.0;45.1302;4792.078;0.0;5.3601;605.4665;0.0304
186993;0.0;0.0;0.0;1.0154;0.0;0.0;0.0;0.0;0.0;28.1554;0.0;0.0;0.0;8.0204;0.0
64953;0.0;0.0;0.0;0.0;0.0;0.0;0.0;0.0;0.0;0.361;72.2108;0.0;0.0;54.1668;0.0014
341788;0.0;0.0;0.0;0.9549;0.0;0.0;0.0;0.0;0.0;61.4272;2048.5629;0.0;1.2369;144.2585;0.0371
41471;0.0;0.0;0.0;0.9549;0.0;0.0;0.0;0.0;0.0;379.2187;16379.0348;0.0;4.5355;386.7981;0.0269
353376;0.0;0.0;0.0;0.0;0.0;0.0;0.0;0.0;0.0;1.2536;336.4301;0.0;0.4123;40.3246;0.0291
214185;0.0;0.0;0.0;0.0;0.0;213.2242;0.0;0.0;0.0;21.3115;3735.7631;0.0;1.2369;61.4695;0.0186
279480;0.0;0.0;0.0;1.9098;0.0;0.0;0.0;0.0;0.0;43.2497;1192.0231;0.0;1.6493;214.5022;0.0379
361630;0.0;0.0;0.0;0.0;0.0;0.0;0.0;0.0;0.0;0.0;38.8504;0.0;0.0;0.0;0.0
198625;0.0;0.0;0.0;0.0;0.0;0.0;0.0;0.0;0.0;0.0;505.8519;0.0;0.0;0.2052;0.0
98990;0.0;0.0;0.0;0.0;0.0;0.0;0.0;0.0;0.0;0.6268;180.5235;0.0;0.4123;2.3149;0.0024
355442;0.0;0.0;0.0;0.0;0.0;0.0;0.0;0.0;0.0;17.5506;3915.6554;0.0;0.8246;130.7149;0.0446
265686;0.0;0.0;0.0;0.0;0.0;0.0;0.0;0.0;0.0;3.134;406.809;0.0;1.2369;149.4187;0.0303
169363;0.0;0.0;0.0;0.0;0.0;0.0;0.0;0.0;0.0;6.8583;260.1828;0.0;0.0;0.0;0.0
259404;0.0;0.0;0.0;0.0;0.0;0.0;0.0;0.0;0.0;2.5072;479.7128;0.0;0.8246;92.3631;0.0321
173998;0.0;0.0;0.0;0.0;0.0;0.0;0.0;0.0;0.0;0.0;0.0;0.0;0.0;0.0;0.0
97074;0.0;0.0;0.0;0.0;0.0;0.0;0.0;0.0;0.0;1.8804;335.4833;0.0;0.8246;40.3168;0.0182
206087;0.0;0.0;0.0;0.0;0.0;0.0;0.0;0.0;0.0;0.0;0.0;0.0;0.0;0.0;0.0086
108525;0.0;0.0;0.0;0.0;0.0;0.0;0.0;0.0;0.0;0.0;0.0;0.0;0.0;18.9621;0.0142
123729;0.0;0.0;0.0;0.0;0.0;0.0;0.0;0.0;0.0;40.1157;8140.2837;0.0;4.5355;316.0179;0.0229
189937;0.0;0.0;0.0;0.0;0.0;0.0;0.0;0.0;0.0;21.3115;3494.9599;0.0;4.1232;344.4802;0.0239
189900;0.0;0.0;0.0;0.0;0.0;0.0;0.0;0.0;0.0;0.0;0.0;0.0;0.0;11.396;0.0
396477;0.0;0.0;0.0;0.0;0.0;0.0;0.0;0.0;0.0;3.2487;0.0;0.0;0.0;0.0;0.0
351392;0.0;0.0;0.0;0.0;0.0;0.0;0.0;0.0;0.0;1.2536;285.3029;0.0;0.4123;72.3877;0.0506
386274;0.0;0.0;0.0;0.0;0.0;0.0;0.0;0.0;0.0;8.1485;1903.071;0.0;0.8246;26.4551;0.01
156117;0.0;0.0;0.0;0.0;0.0;0.0;0.0;0.0;0.0;0.6268;125.9246;0.0;1.6493;42.8662;0.0124
316124;0.0;0.0;0.0;0.0;0.0;0.0;0.0;0.0;0.0;1.8804;272.3632;0.0;1.2369;125.7454;0.0262
379189;0.0;0.0;0.0;0.0;0.0;0.0;0.0;0.0;0.0;0.6268;26.5104;0.0;0.0;0.0;0.0
125272;0.0;0.0;0.0;0.0;0.0;0.0;0.0;0.0;0.0;0.0;0.0;0.0;0.4123;11.4645;0.0262
406107;0.0;0.0;0.0;0.0;0.0;0.0;0.0;0.0;0.0;1.4439;20.3382;0.0;0.0;0.0;0.0013
134452;0.0;0.0;0.0;0.0;0.0;0.0;0.0;0.0;0.0;0.361;0.0;0.0;0.0;133.3417;0.0041
192977;0.0;0.0;0.0;0.0;0.0;0.0;0.0;0.0;0.0;5.0145;1017.8116;0.0;1.2369;40.9364;0.0124
129483;0.0;0.0;0.0;0.0;0.0;0.0;0.0;0.0;0.0;10.0289;98.4674;0.0;0.0;0.0;0.0048
213270;0.0;0.0;0.0;0.0;0.0;0.0;0.0;0.0;0.0;18.8042;1070.2013;0.0;1.6493;91.5458;0.0202
144938;0.0;0.0;0.0;0.9549;0.0;0.0;0.0;0.0;0.0;5.0145;889.0466;0.0;0.8246;24.926;0.013
391513;0.0;0.0;0.0;0.0;0.0;0.0;0.0;0.0;0.0;15.8826;3601.0532;0.0;0.0;0.0;0.0049
371302;0.0;0.0;0.0;0.0;0.0;0.0;0.0;0.0;0.0;1.2536;7.2588;0.0;0.4123;22.538;0.0155
246843;0.0;0.0;0.0;0.0;0.0;0.0;0.0;0.0;0.0;3.134;804.4657;0.0;0.4123;11.2094;0.0095
343787;0.0;0.0;0.0;0.0;0.0;0.0;0.0;0.0;0.0;0.0;0.0;0.0;0.0;13.4871;0.0
342764;0.0;0.0;0.0;0.0;0.0;0.0;0.0;0.0;0.0;3.134;476.8724;0.0;0.4123;145.3495;0.1026
4783;0.0;0.0;0.0;0.0;1.2154;0.0;0.0;0.0;0.0;8.7753;999.5068;0.0;4.5355;211.366;0.0161
62482;0.0;0.0;0.0;1.9098;0.0;0.0;0.0;0.0;0.0;13.7898;2305.7773;0.0;1.2369;47.4243;0.0162
169885;0.0;0.0;0.0;0.0;0.0;0.0;0.0;0.0;0.0;19.431;361.9938;0.0;1.6493;18.9166;0.0055
398945;0.0;0.0;0.0;0.0;0.0;0.0;0.0;0.0;0.0;5.7755;0.0;0.0;0.0;0.0;0.0033
6842;0.0;0.0;0.0;0.0;0.0;0.0;0.0;0.0;0.0;3.134;293.8241;0.0;0.4123;14.4351;0.0076
386855;0.0;0.0;0.0;0.0;0.0;0.0;0.0;0.0;0.0;0.0;233.3391;0.0;0.0;13.7159;0.0063
376770;0.0;0.0;0.0;0.0;0.0;0.0;0.0;0.0;0.0;1.2536;352.8414;0.0;0.0;0.0;0.0
67439;0.0;0.0;0.0;0.0;0.0;0.0;0.0;0.0;0.0;11.19;67.0811;0.0;2.0616;185.3534;0.023
264767;0.0;0.0;0.0;2.0307;0.0;0.0;0.0;0.0;0.0;2.5268;0.0;0.0;0.4123;19.8634;0.0193
271098;0.0;0.0;0.0;0.0;0.0;0.0;0.0;0.0;0.0;0.0;0.0;0.0;0.0;0.0;0.0
164940;0.0;0.0;0.0;0.0;0.0;0.0;0.0;0.0;0.0;1.8804;329.4869;0.0;1.6493;217.9967;0.0567
190974;0.0;0.0;0.0;0.0;0.0;0.0;0.0;0.0;0.0;4.6926;1733.8437;0.0;0.0;0.0;0.0
90015;0.0;0.0;0.0;0.9549;0.0;0.0;0.0;0.0;0.0;0.6268;140.4422;0.0;0.4123;33.7944;0.0324
358787;0.0;0.0;0.0;0.0;0.0;0.0;0.0;0.0;0.0;1.8804;468.6667;0.0;0.0;0.0;0.0
329962;0.0;0.0;0.0;0.0;0.0;0.0;0.0;0.0;0.0;3.7608;931.3371;0.0;0.0;0.0;0.004
243572;0.0;0.0;0.0;0.0;0.0;0.0;0.0;0.0;0.0;3.9706;7.1477;0.0;1.6493;193.2982;0.0378
154194;0.0;0.0;0.0;0.0;0.0;0.0;0.0;0.0;0.0;0.0;0.0;0.0;0.4123;85.4056;0.0953
388453;0.0;0.0;0.0;0.0;0.0;0.0;0.0;0.0;0.0;1.2536;254.374;0.0;0.0;52.3205;0.0
296530;0.0;0.0;0.0;0.0;0.0;0.0;0.0;0.0;0.0;0.0;116.0203;0.0;3.2985;421.2833;0.0359
378773;0.0;0.0;0.0;0.0;0.0;0.0;0.0;0.0;0.0;0.6268;6.312;0.0;0.8246;27.53;0.0103
146371;0.0;0.0;0.0;0.0;0.0;0.0;0.0;0.0;0.0;8.1485;200.4063;0.0;2.0616;133.6005;0.028
160651;0.0;0.0;0.0;0.9549;0.0;0.0;0.0;0.0;0.0;0.361;0.0;0.0;1.6493;56.5537;0.0133
56495;0.0;0.0;0.0;0.0;0.0;0.0;0.0;0.0;0.0;1.4439;119.2062;0.0;1.2369;44.3791;0.0144
321790;0.0;0.0;0.0;0.9549;0.0;0.0;0.0;0.0;0.0;5.0145;1210.6435;0.0;1.2369;126.4905;0.031
183421;0.0;0.0;0.0;0.0;0.0;0.0;0.0;0.0;0.0;0.722;666.7404;0.0;0.4123;12.3107;0.012
335295;0.0;0.0;0.0;0.0;0.0;0.0;0.0;0.0;0.0;3.134;662.4455;0.0;1.2369;132.894;0.035
159097;0.0;0.0;0.0;0.0;0.0;0.0;0.0;0.0;0.0;0.0;95.0463;0.0;0.0;0.0;0.0098
168279;0.0;0.0;0.0;1.0154;0.0;0.0;0.0;0.0;0.0;1.2536;282.4624;0.0;4.1232;351.1741;0.0279
342285;0.0;0.0;0.0;0.0;0.0;0.0;0.0;0.0;0.0;6.2681;1261.1396;0.0;0.4123;20.4193;0.0155
123927;0.0;0.0;0.0;0.0;0.0;0.0;0.0;0.0;0.0;0.6268;140.4422;0.0;2.0616;51.8464;0.0103
46107;0.0;0.0;0.0;0.9549;0.0;0.0;0.0;0.0;0.0;30.7136;4277.9648;0.0;2.4739;110.5051;0.0149
392255;0.0;0.0;0.0;0.0;0.0;0.0;0.0;0.0;0.0;0.0;0.0;0.0;0.0;0.0;0.0128
227901;0.0;0.0;0.0;0.0;0.0;0.0;0.0;0.0;0.0;0.0;37.169;0.0;0.8246;96.3208;0.0406
273679;0.0;0.0;0.0;0.0;0.0;0.0;0.0;0.0;0.0;38.8621;9398.8985;0.0;2.4739;282.0476;0.0356
326837;0.0;0.0;0.0;0.0;0.0;0.0;0.0;0.0;0.0;0.0;50.0011;0.0;0.4123;42.3787;0.0364
65369;0.0;0.0;0.0;0.0;0.0;0.0;0.0;0.0;0.0;0.6268;166.6371;0.0;1.2369;59.7963;0.0203
82238;0.0;0.0;0.0;0.0;0.0;0.0;0.0;0.0;0.0;15.8826;17.3287;0.0;0.0;0.0;0.0
309396;0.0;0.0;0.0;0.0;0.0;0.0;0.0;0.0;0.0;0.0;1491.8029;0.0;0.0;0.0;0.0
264567;0.0;0.0;0.0;0.0;0.0;0.0;0.0;0.0;0.0;0.6268;151.1726;0.0;0.4123;33.4408;0.0307
199613;0.0;0.0;0.0;0.9549;0.0;0.0;0.0;0.0;0.0;1.8804;406.4934;0.0;2.0616;90.9148;0.02
82660;0.0;0.0;0.0;0.0;0.0;0.0;0.0;0.0;0.0;10.6557;1071.7793;0.0;0.8246;37.3797;0.0169
99634;0.0;0.0;0.0;0.0;0.0;0.0;0.0;0.0;0.0;3.7608;715.1507;0.0;0.4123;2.3149;0.0024
227830;0.0;0.0;0.0;0.0;0.0;0.0;0.0;0.0;0.0;0.0;0.0;0.0;1.2369;109.3793;0.0303
53480;0.0;0.0;0.0;0.0;0.0;0.0;0.0;0.0;0.0;1.2536;212.7147;0.0;3.2985;224.8962;0.0232
181509;0.0;0.0;0.0;0.0;0.0;0.0;0.0;0.0;0.0;3.2487;190.4467;0.0;0.0;50.8474;0.0102
270652;0.0;0.0;0.0;0.0;0.0;0.0;0.0;0.0;0.0;0.0;521.7815;0.0;0.0;0.0;0.0047
195076;0.0;0.0;0.0;0.0;0.0;0.0;0.0;0.0;0.0;0.0;0.2655;0.0;0.4123;8.4777;0.0177
377871;0.0;0.0;0.0;0.0;0.0;0.0;0.0;0.0;0.0;6.2681;738.1896;0.0;0.4123;21.1836;0.0162
162777;0.0;0.0;0.0;0.0;0.0;0.0;0.0;0.0;0.0;0.0;679.1067;0.0;0.8246;17.1153;0.0079
283241;0.0;0.0;0.0;0.9549;0.0;0.0;0.0;0.0;0.0;0.6268;98.4674;0.0;1.6493;120.1438;0.022
202685;0.0;0.0;0.0;0.0;0.0;0.0;0.0;0.0;0.0;25.6991;4301.3192;0.0;1.6493;125.0427;0.0257
145444;0.0;0.0;0.0;0.0;0.0;0.0;0.0;0.0;0.0;0.0;0.0;0.0;1.2369;119.9412;0.0385
336957;0.0;0.0;0.0;2.0307;0.0;0.0;0.0;0.0;0.0;0.0;0.0;0.0;0.8246;92.3464;0.0302
254026;0.0;0.0;0.0;0.0;0.0;0.0;0.0;0.0;0.0;0.361;0.0;0.0;0.0;33.9124;0.0046
230514;0.0;0.0;0.0;0.0;0.0;0.0;0.0;0.0;0.0;0.0;0.0;0.0;0.0;24.5757;0.0
287397;0.0;0.0;0.0;0.0;0.0;0.0;0.0;0.0;0.0;3.7608;1002.9784;0.0;0.4123;57.1948;0.0449
338642;0.0;0.0;0.0;0.0;0.0;0.0;0.0;0.0;0.0;2.5268;0.0;0.0;0.0;0.0;0.0
383436;0.0;0.0;0.0;1.0154;0.0;0.0;0.0;0.0;0.0;1.2536;316.2317;0.0;0.0;0.0;0.0154
384358;0.0;0.0;0.0;0.0;0.0;0.0;0.0;0.0;0.0;0.361;0.0;0.0;0.0;7.0562;0.0094
234323;0.0;0.0;0.0;0.0;0.0;0.0;0.0;0.0;0.0;0.0;193.2966;0.0;0.0;14.5652;0.0
393536;0.0;0.0;0.0;0.0;0.0;0.0;0.0;0.0;0.0;0.0;1.239;0.0;0.0;0.0;0.0009
213191;0.0;0.0;0.0;0.0;0.0;0.0;0.0;0.0;0.0;0.6268;0.9468;0.0;0.0;29.9646;0.0
119406;0.0;0.0;0.0;0.0;0.0;0.0;0.0;0.0;0.0;0.722;0.0;0.0;0.8246;93.5304;0.0336
301696;0.0;0.0;0.0;1.0154;0.0;0.0;0.0;0.0;0.0;0.0;1454.0145;0.0;0.0;16.1382;0.0
365654;0.0;0.0;0.0;0.0;0.0;0.0;0.0;0.0;0.0;0.0;0.0;0.0;0.0;0.0;0.0
330474;0.0;0.0;0.0;0.0;0.0;0.0;0.0;0.0;0.0;1.2536;189.0447;0.0;0.4123;78.1085;0.0483
128586;0.0;0.0;0.0;0.0;0.0;0.0;0.0;0.0;0.0;1.2536;161.9031;0.0;0.4123;20.4375;0.0157
123525;0.0;0.0;0.0;0.9549;0.0;0.0;0.0;0.0;0.0;15.6702;2846.0853;0.0;4.1232;433.4601;0.0252
167166;0.0;0.0;0.0;0.0;0.0;0.0;0.0;0.0;0.0;1.2536;14.5176;0.0;0.4123;6.4298;0.0076
124517;0.0;0.0;0.0;1.9098;0.0;0.0;0.0;0.0;0.0;3.134;855.2774;0.0;1.6493;78.3406;0.0148
111864;0.0;0.0;0.0;0.0;0.0;0.0;0.0;0.0;0.0;20.0578;4236.9367;0.0;4.1232;336.1209;0.0275
88402;0.0;0.0;0.0;0.0;0.0;0.0;0.0;0.0;0.0;0.0;0.0;0.0;0.8246;31.6413;0.0185
396787;0.0;0.0;0.0;0.0;0.0;0.0;0.0;0.0;0.0;5.0145;85.8433;0.0;0.0;0.0;0.0
379058;0.0;0.0;0.0;0.0;0.0;0.0;0.0;0.0;0.0;0.0;3911.414;0.0;0.4123;29.6996;0.0168
406172;0.0;0.0;0.0;0.0;0.0;0.0;0.0;0.0;0.0;0.0;0.0;0.0;0.0;0.0;0.0
196760;0.0;0.0;0.0;0.0;0.0;0.0;0.0;0.0;0.0;0.361;131.6843;0.0;0.0;97.8809;0.0
130617;0.0;0.0;0.0;0.0;0.0;0.0;0.0;0.0;0.0;0.0;0.0;0.0;0.0;7.7019;0.0128
66729;0.0;0.0;0.0;0.0;0.0;0.0;0.0;0.0;0.0;0.0;192.493;0.0;0.0;0.0;0.0
207220;0.0;0.0;0.0;0.0;0.0;0.0;0.0;0.0;0.0;0.0;55.2705;0.0;0.4123;12.526;0.0145
350337;0.0;0.0;0.0;0.0;0.0;0.0;0.0;0.0;0.0;1.8804;509.0636;0.0;0.4123;37.0413;0.0262
277264;0.0;0.0;0.0;0.0;0.0;0.0;0.0;0.0;0.0;11.9093;3001.6764;0.0;1.6493;120.1438;0.022
254905;0.0;0.0;0.0;0.0;0.0;0.0;0.0;0.0;0.0;1.8804;320.6501;0.0;0.4123;10.5783;0.01
153042;0.0;0.0;0.0;0.0;0.0;0.0;0.0;0.0;0.0;0.0;39.8239;0.0;0.0;0.0;0.0
125306;0.0;0.0;0.0;0.0;0.0;0.0;0.0;0.0;0.0;0.6268;1.2624;0.0;0.4123;20.0477;0.0262
335774;0.0;0.0;0.0;0.0;0.0;0.0;0.0;0.0;0.0;0.0;0.0;0.0;0.0;7.8178;0.0058
243639;0.0;0.0;0.0;0.0;0.0;0.0;0.0;0.0;0.0;1.2536;279.9376;0.0;0.0;0.0;0.0
285775;0.0;0.0;0.0;0.0;0.0;0.0;0.0;0.0;0.0;2.5072;146.4386;0.0;1.2369;146.0222;0.0438
200467;0.0;0.0;0.0;0.0;0.0;0.0;0.0;0.0;0.0;3.9706;104.2501;0.0;0.8246;179.6508;0.0421
356839;0.0;0.0;0.0;0.0;0.0;0.0;0.0;0.0;0.0;1.2536;296.3489;0.0;0.8246;59.6826;0.0167
399554;0.0;0.0;0.0;0.0;0.0;0.0;0.0;0.0;0.0;0.361;0.0;0.0;0.0;2.4979;0.0054
171513;0.0;0.0;0.0;0.0;0.0;0.0;0.0;0.0;0.0;0.0;0.0;0.0;0.8246;34.789;0.0406
299478;0.0;0.0;0.0;0.0;0.0;0.0;0.0;0.0;0.0;2.5072;671.5979;0.0;0.4123;50.6389;0.0373
360650;0.0;0.0;0.0;0.0;0.0;0.0;0.0;0.0;0.0;0.0;0.0;0.0;0.0;7.4764;0.0049
103739;0.0;0.0;0.0;0.0;0.0;0.0;0.0;0.0;0.0;0.0;0.0;0.0;0.0;0.0;0.0062
143092;0.0;0.0;0.0;0.0;0.0;0.0;0.0;0.0;0.0;0.0;0.0;0.0;0.0;68.9445;0.0
25622;0.0;0.0;0.0;0.0;0.0;0.0;0.0;0.0;0.0;4.3316;0.0;0.0;0.8246;35.9198;0.0236
223083;0.0;0.0;0.0;0.0;0.0;0.0;0.0;0.0;0.0;0.0;20.9739;0.0;0.0;63.2886;0.004
335057;0.0;0.0;0.0;0.0;0.0;0.0;0.0;0.0;0.0;6.8949;1534.4496;0.0;0.4123;74.0173;0.0483
310508;0.0;0.0;0.0;0.0;0.0;0.0;0.0;0.0;0.0;4.3877;954.6915;0.0;0.8246;133.9091;0.0494
168690;0.0;0.0;0.0;0.0;0.0;0.0;0.0;0.0;0.0;0.0;0.0;0.0;0.4123;10.7235;0.0068
114779;0.0;0.0;0.0;0.0;0.0;0.0;0.0;0.0;0.0;11.2825;2604.3353;0.0;2.8862;75.7141;0.0098
44499;0.0;0.0;0.0;0.0;0.0;0.0;0.0;0.0;0.0;2.5072;416.5927;0.0;0.4123;31.9284;0.0324
113188;0.0;0.0;0.0;0.0;0.0;0.0;0.0;0.0;0.0;1.8804;308.6573;0.0;0.8246;52.5643;0.0253
60957;0.0;0.0;0.0;0.0;0.0;0.0;0.0;0.0;0.0;1.2536;299.5049;0.0;3.2985;179.7783;0.0174
109894;0.0;0.0;0.0;0.0;0.0;0.0;0.0;0.0;0.0;1.8804;264.1576;0.0;1.6493;159.9217;0.0361
244502;0.0;0.0;0.0;0.0;0.0;0.0;0.0;0.0;0.0;5.6413;154.013;0.0;0.4123;21.9675;0.021
183039;0.0;0.0;0.0;0.0;0.0;0.0;0.0;0.0;0.0;32.594;8345.424;0.0;2.8862;235.313;0.0271
275641;0.0;0.0;0.0;0.0;0.0;0.0;0.0;0.0;0.0;1.2536;319.0721;0.0;1.2369;72.7024;0.0166
212517;0.0;0.0;0.0;0.0;0.0;0.0;0.0;0.0;0.0;8.1485;1941.2587;0.0;0.4123;16.7773;0.01
404831;0.0;0.0;0.0;0.0;0.0;0.0;0.0;0.0;0.0;0.0;604.1727;0.0;0.0;6.341;0.0
11372;0.0;0.0;0.0;0.0;0.0;0.0;0.0;0.0;0.0;0.0;0.0;0.0;0.8246;30.4911;0.0161
197625;0.0;0.0;0.0;0.0;0.0;0.0;0.0;0.0;0.0;7.5217;1324.2597;0.0;0.4123;23.984;0.0205
341900;0.0;0.0;0.0;0.0;0.0;0.0;0.0;0.0;0.0;2.5268;63.2669;0.0;0.0;0.0;0.0106
413784;0.0;0.0;0.0;1.0154;0.0;0.0;0.0;0.0;0.0;3.7608;455.0959;0.0;0.4123;25.3653;0.015
171959;0.0;0.0;0.0;0.0;0.0;0.0;0.0;0.0;0.0;0.0;284.7834;0.0;0.0;0.0;0.0
205091;0.0;0.0;0.0;0.0;0.0;0.0;0.0;0.0;0.0;3.9706;33.7176;0.0;0.0;19.0866;0.0
282614;0.0;0.0;0.0;0.0;0.0;0.0;0.0;0.0;0.0;11.2825;1791.9796;0.0;0.8246;81.9619;0.039
86385;0.0;0.0;0.0;0.0;0.0;0.0;0.0;0.0;0.0;11.2825;2574.9845;0.0;2.0616;75.709;0.0159
220920;0.0;0.0;0.0;0.0;0.0;0.0;0.0;0.0;0.0;31.3404;5223.8195;0.0;0.8246;33.9025;0.0152
136647;0.0;0.0;0.0;0.9549;0.0;0.0;0.0;0.0;0.0;8.7753;1694.1435;0.0;3.2985;250.5397;0.0239
379182;0.0;0.0;0.0;0.0;0.0;0.0;0.0;0.0;0.0;0.0;208.9427;0.0;0.0;53.2725;0.0
179683;0.0;0.0;0.0;0.0;0.0;0.0;0.0;0.0;0.0;14.4166;1484.2692;0.0;2.8862;395.764;0.0454
206198;0.0;0.0;0.0;1.0154;0.0;0.0;0.0;0.0;0.0;1.2536;327.5933;0.0;0.4123;18.9115;0.0187
84465;0.0;0.0;0.0;0.0;0.0;0.0;0.0;0.0;0.0;30.7136;1795.4512;0.0;4.9478;294.4958;0.0187
170943;0.0;0.0;0.0;0.9549;0.0;0.0;0.0;0.0;0.0;1.2536;146.4386;0.0;0.8246;85.5414;0.0395
268734;0.0;0.0;0.0;0.0;0.0;0.0;0.0;0.0;0.0;16.9238;2845.7697;0.0;1.6493;306.9992;0.0534
248088;0.0;0.0;0.0;0.0;0.0;0.0;0.0;0.0;0.0;85.2458;2650.0974;0.0;2.8862;479.6808;0.0439
365526;0.0;0.0;0.0;0.0;0.0;0.0;0.0;0.0;0.0;0.0;214.946;0.0;0.8246;96.9679;0.0294
80800;0.0;0.0;0.0;0.0;0.0;0.0;0.0;0.0;0.0;0.722;0.0;0.0;0.0;5.3361;0.0077
321522;0.0;0.0;0.0;0.0;0.0;0.0;0.0;0.0;0.0;1.8804;316.8629;0.0;0.0;0.0;0.0
244594;0.0;0.0;0.0;0.0;0.0;0.0;0.0;0.0;0.0;0.0;520.1;0.0;0.0;0.0;0.0
263952;0.0;0.0;0.0;0.0;0.0;0.0;0.0;0.0;0.0;3.7608;787.4232;0.0;1.2369;128.8992;0.0301
170647;0.0;0.0;0.0;0.0;0.0;0.0;0.0;0.0;0.0;13.163;2079.4917;0.0;1.2369;53.8043;0.0116
111774;0.0;0.0;0.0;0.0;0.0;0.0;0.0;0.0;0.0;13.163;783.636;0.0;2.8862;126.341;0.017
103823;0.0;0.0;0.0;0.0;0.0;0.0;0.0;0.0;0.0;0.0;539.5146;0.0;2.0616;126.6953;0.0309
145926;0.0;0.0;0.0;1.0154;0.0;0.0;0.0;0.0;0.0;53.9055;7469.9483;0.0;4.1232;216.7574;0.0189
362489;0.0;0.0;0.0;0.0;0.0;0.0;0.0;0.0;0.0;0.6268;114.2474;0.0;0.4123;26.0084;0.0155
373349;0.0;0.0;0.0;0.0;0.0;0.0;0.0;0.0;0.0;6.2681;291.6149;0.0;0.4123;24.087;0.0155
10434;0.0;0.0;0.0;0.0;0.0;0.0;0.0;0.0;0.0;0.6268;1.2624;0.0;3.2985;330.3499;0.023
52528;0.0;0.0;0.0;0.9549;0.0;0.0;0.0;0.0;0.0;25.0723;1585.5769;0.0;3.2985;217.0689;0.0232
57928;0.0;0.0;0.0;0.0;0.0;0.0;0.0;0.0;0.0;8.1485;1364.341;0.0;4.1232;188.2794;0.0153
160234;0.0;0.0;0.0;0.0;0.0;0.0;0.0;0.0;0.0;2.1658;223.4563;0.0;0.0;111.2078;0.0
301891;0.0;0.0;0.0;0.0;0.0;0.0;0.0;0.0;0.0;1.8804;423.5359;0.0;0.4123;57.6192;0.0476
322017;0.0;0.0;0.0;0.9549;0.0;0.0;0.0;0.0;0.0;6.2681;1514.8824;0.0;0.8246;95.5254;0.0351
315922;0.0;0.0;0.0;0.0;0.0;0.0;0.0;0.0;0.0;42.6229;2742.5684;0.0;1.2369;122.5181;0.0218
406520;0.0;0.0;0.0;0.0;0.0;0.0;0.0;0.0;0.0;0.0;233.4565;0.0;0.0;0.0;0.0149
267790;0.0;0.0;0.0;0.0;0.0;0.0;0.0;0.0;0.0;0.6268;0.3156;0.0;0.0;0.0;0.0
241989;0.0;0.0;0.0;0.0;0.0;0.0;0.0;0.0;0.0;15.6702;3571.3353;0.0;0.4123;21.1762;0.0193
254510;0.0;0.0;0.0;0.0;0.0;0.0;0.0;0.0;0.0;3.2487;65.9117;0.0;0.0;7.8178;0.0014
244522;0.0;0.0;0.0;0.0;0.0;0.0;0.0;0.0;0.0;0.0;181.7739;0.0;0.8557;0.0;0.0
270172;0.0;0.0;0.0;0.0;0.0;0.0;0.0;0.0;0.0;0.0;271.593;0.0;0.0;24.4643;0.0
422183;0.0;0.0;0.0;0.0;0.0;0.0;0.0;0.0;0.0;0.722;0.0;0.0;0.0;0.0;0.0
292894;0.0;0.0;0.0;0.0;0.0;0.0;0.0;0.0;0.0;64.2521;71.2184;0.0;0.8246;29.9853;0.0153
48988;0.0;0.0;0.0;0.0;0.0;0.0;0.0;0.0;0.0;6.2681;1620.6086;0.0;1.2369;61.8135;0.0194
41040;0.0;0.0;0.0;0.9549;0.0;0.0;0.0;0.0;0.0;1.2536;1.2624;0.0;0.8246;45.957;0.0244
30774;0.0;0.0;0.0;0.0;0.0;0.0;0.0;0.0;0.0;5.0145;485.078;0.0;1.6493;81.0299;0.0191
250163;0.0;0.0;0.0;0.9549;0.0;0.0;0.0;0.0;0.0;73.3365;15561.6295;0.0;2.4739;254.2272;0.0319
346512;0.0;0.0;0.0;0.0;0.0;0.0;0.0;0.0;0.0;0.0;8.482;0.0;0.0;61.3441;0.0
323839;0.0;0.0;0.0;0.0;0.0;0.0;0.0;0.0;0.0;0.6268;107.9354;0.0;0.0;0.0;0.0056
351320;0.0;0.0;0.0;0.0;0.0;0.0;0.0;0.0;0.0;1.2536;292.5617;0.0;0.4123;23.4887;0.0155
52917;0.0;0.0;0.0;0.9549;0.0;0.0;0.0;0.0;0.0;0.6268;120.2438;0.0;0.8246;48.5247;0.0253
336311;0.0;0.0;0.0;0.0;0.0;0.0;0.0;0.0;0.0;2.5072;618.8926;0.0;0.4123;65.3749;0.0475
82852;0.0;0.0;0.0;0.0;0.0;0.0;0.0;0.0;0.0;0.0;0.0;0.0;0.0;8.085;0.0
314741;0.0;0.0;0.0;0.0;0.0;0.0;0.0;0.0;0.0;1.2536;106.0418;0.0;0.0;0.0;0.0
191825;0.0;0.0;0.0;0.0;0.0;0.0;0.0;0.0;0.0;27.0725;1198.4336;0.0;0.0;33.7942;0.0091
137066;0.0;0.0;0.0;0.0;0.0;0.0;0.0;0.0;0.0;0.6268;1.578;0.0;1.2369;21.4555;0.0087
64487;0.0;0.0;0.0;0.0;0.0;0.0;0.0;0.0;0.0;1.2536;317.8097;0.0;0.4123;3.641;0.0037
327204;0.0;0.0;0.0;0.0;0.0;0.0;0.0;0.0;0.0;0.0;54.1605;0.0;0.0;34.4084;0.0063
9862;0.0;0.0;0.0;0.0;0.0;0.0;0.0;0.0;0.0;0.361;156.5521;0.0;0.8246;34.502;0.0161
410947;0.0;0.0;0.0;0.0;0.0;0.0;0.0;0.0;0.0;0.0;370.0082;0.0;0.0;0.0;0.0
266618;0.0;0.0;0.0;0.0;0.0;0.0;0.0;0.0;0.0;0.6268;136.655;0.0;0.4123;11.3961;0.01
391491;0.0;0.0;0.0;0.0;0.0;0.0;0.0;0.0;0.0;16.9238;483.1844;0.0;0.0;0.0;0.0
388696;0.0;0.0;0.0;0.0;0.0;0.0;0.0;0.0;0.0;1.8804;429.2167;0.0;0.0;0.0;0.0
159851;0.0;0.0;0.0;0.0;0.0;0.0;0.0;0.0;0.0;1.2536;287.8277;0.0;0.0;97.5324;0.0
25906;0.0;0.0;0.0;0.0;0.0;0.0;0.0;0.0;0.0;0.0;0.0;0.0;0.8246;28.4814;0.0161
201738;0.0;0.0;0.0;0.0;0.0;0.0;0.0;0.0;0.0;0.6268;13.2552;0.0;0.8246;24.6787;0.0118
229380;0.0;0.0;0.0;0.0;0.0;0.0;0.0;0.0;0.0;10.0289;1166.1439;0.0;0.8246;17.6129;0.0079
402194;0.0;0.0;0.0;0.0;0.0;0.0;0.0;0.0;0.0;1.8804;70.0633;0.0;0.0;0.0;0.0
306516;0.0;0.0;0.0;0.0;0.0;0.0;0.0;0.0;0.0;1.2536;337.3769;0.0;0.4123;54.5756;0.0436
408676;0.0;0.0;0.0;0.0;0.0;0.0;0.0;0.0;0.0;0.0;0.0;0.0;0.0;0.0;0.0019
251350;0.0;0.0;0.0;0.0;0.0;0.0;0.0;0.0;0.0;1.8804;410.2807;0.0;0.4123;23.5017;0.0193
288115;0.0;0.0;0.0;0.0;0.0;0.0;0.0;0.0;0.0;3.9706;1393.9247;0.0;0.0;0.0;0.0114
282139;0.0;0.0;0.0;0.0;0.0;0.0;0.0;0.0;0.0;0.0;0.0;0.0;0.0;0.0;0.0
412122;0.0;0.0;0.0;0.0;0.0;0.0;0.0;0.0;0.0;2.5072;464.8795;0.0;0.4123;22.3615;0.0168
88234;0.0;0.0;0.0;0.0;0.0;0.0;0.0;0.0;0.0;6.8949;400.497;0.0;4.9478;300.2775;0.0218
227436;0.0;0.0;0.0;0.0;0.0;0.0;0.0;0.0;0.0;4.3877;1152.2574;0.0;1.2369;108.424;0.0258
37280;0.0;0.0;0.0;0.0;0.0;0.0;0.0;0.0;0.0;0.0;108.9801;0.0;2.0616;150.3098;0.0282
219580;0.0;0.0;0.0;0.9549;0.0;0.0;0.0;0.0;0.0;41.3693;7613.2309;0.0;2.8862;155.4666;0.0193
173172;0.0;0.0;0.0;0.0;0.0;0.0;0.0;0.0;0.0;1.8048;809.133;0.0;0.0;20.3574;0.0125
381390;0.0;0.0;0.0;0.0;0.0;0.0;0.0;0.0;0.0;0.0;0.0;0.0;0.0;16.5537;0.0
410003;0.0;0.0;0.0;0.0;0.0;0.0;0.0;0.0;0.0;0.0;208.9427;0.0;0.0;39.8583;0.0
156172;0.0;0.0;0.0;1.0154;0.0;0.0;0.0;0.0;0.0;0.6268;96.2582;0.0;1.2369;32.7162;0.0104
293101;0.0;0.0;0.0;0.0;0.0;0.0;0.0;0.0;0.0;0.0;0.0;0.0;0.0;80.5139;0.0
292787;0.0;0.0;0.0;0.0;0.0;0.0;0.0;0.0;0.0;0.0;224.3328;0.0;0.0;44.6961;0.0
249637;0.0;0.0;0.0;0.0;0.0;0.0;0.0;0.0;0.0;3.134;574.3929;0.0;2.0616;130.0791;0.0218
291857;0.0;0.0;0.0;1.0154;0.0;0.0;0.0;0.0;0.0;3.134;664.6547;0.0;0.4123;36.0262;0.0307
56440;0.0;0.0;0.0;0.0;0.0;0.0;0.0;0.0;0.0;3.7608;532.418;0.0;3.2985;217.8566;0.02
259587;0.0;0.0;0.0;0.0;0.0;0.0;0.0;0.0;0.0;0.0;0.0;0.0;0.0;0.0;0.0098
15907;0.0;0.0;0.0;0.0;0.0;0.0;0.0;0.0;0.0;0.0;129.8259;0.0;0.0;0.0;0.0089
399750;0.0;0.0;0.0;0.0;0.0;0.0;0.0;0.0;0.0;1.8804;330.4337;0.0;0.4123;17.921;0.0121
332448;0.0;0.0;0.0;0.0;0.0;0.0;0.0;0.0;0.0;2.5072;740.0832;0.0;0.8246;117.3083;0.047
327722;0.0;0.0;0.0;0.0;0.0;0.0;0.0;0.0;0.0;0.6268;0.6312;0.0;1.2369;134.679;0.034
263338;0.0;0.0;0.0;0.0;0.0;0.0;0.0;0.0;0.0;0.0;9.678;0.0;0.0;0.0;0.0
345493;0.0;0.0;0.0;0.0;0.0;0.0;0.0;0.0;0.0;6.8949;254.6896;0.0;0.4123;34.8442;0.0176
332230;0.0;0.0;0.0;0.0;0.0;0.0;0.0;0.0;0.0;0.361;47.1692;0.0;0.0;7.1391;0.0
340152;0.0;0.0;0.0;0.0;0.0;0.0;0.0;0.0;0.0;11.2825;2895.6346;0.0;0.4123;78.1085;0.0483
340845;0.0;0.0;0.0;0.0;0.0;0.0;0.0;0.0;0.0;1.2536;235.1224;0.0;0.8246;167.1274;0.0726
130398;0.0;0.0;0.0;0.0;0.0;0.0;0.0;0.0;0.0;0.6268;176.1051;0.0;1.2369;48.5135;0.0196
27547;0.0;0.0;0.0;0.0;0.0;0.0;0.0;0.0;0.0;23.1919;3290.1352;0.0;0.0;53.4872;0.0
351811;0.0;0.0;0.0;0.0;0.0;0.0;0.0;0.0;0.0;8.1485;1504.7832;0.0;2.0616;163.2645;0.0226
157503;0.0;0.0;0.0;0.0;0.0;0.0;0.0;0.0;0.0;0.0;134.1623;0.0;2.4739;68.747;0.0108
375665;0.0;0.0;0.0;0.0;0.0;0.0;0.0;0.0;0.0;5.6413;1391.167;0.0;0.8246;43.4029;0.0161
238204;0.0;0.0;0.0;0.0;0.0;0.0;0.0;0.0;0.0;0.0;0.2655;0.0;0.0;0.0;0.0
247755;0.0;0.0;0.0;0.0;0.0;0.0;0.0;0.0;0.0;2.5072;107.9354;0.0;0.4123;8.5815;0.0081
243634;0.0;0.0;0.0;0.0;0.0;0.0;0.0;0.0;0.0;8.7753;1954.1983;0.0;0.8246;46.9597;0.0203
330022;0.0;0.0;0.0;0.0;0.0;0.0;0.0;0.0;0.0;0.0;513.9052;0.0;0.0;0.0;0.0119
104580;0.0;0.0;0.0;0.0;0.0;0.0;0.0;0.0;0.0;0.0;0.0;0.0;0.4123;22.9332;0.0223
33789;0.0;0.0;0.0;0.9549;0.0;0.0;0.0;0.0;0.0;0.0;0.885;0.0;1.2369;68.0294;0.0182
207238;0.0;0.0;0.0;0.0;0.0;0.0;0.0;0.0;0.0;3.7608;376.1958;0.0;0.8246;50.5712;0.0287
300113;0.0;0.0;0.0;2.0307;0.0;0.0;0.0;0.0;0.0;1.2536;70.3789;0.0;1.6493;142.8883;0.0233
93670;0.0;0.0;0.0;0.0;0.0;0.0;0.0;0.0;0.0;20.6847;4623.5473;0.0;0.8246;36.3605;0.0194
178381;0.0;0.0;0.0;0.0;0.0;0.0;0.0;0.0;0.0;0.0;0.0;0.0;0.4123;16.7981;0.0161
180239;0.0;0.0;0.0;0.0;0.0;0.0;0.0;0.0;0.0;21.3115;463.9327;0.0;4.1232;368.3184;0.0258
299417;0.0;0.0;0.0;0.0;0.0;0.0;0.0;0.0;0.0;0.6268;101.3078;0.0;0.4123;21.3368;0.0177
58184;0.0;0.0;0.0;0.0;0.0;0.0;0.0;0.0;0.0;6.8949;1476.3791;0.0;0.4123;32.8006;0.0289
40022;0.0;0.0;0.0;3.8197;0.0;0.0;0.0;0.0;0.0;1.8804;56.4925;0.0;2.8862;201.8171;0.0306
376849;0.0;0.0;0.0;0.0;0.0;0.0;0.0;0.0;0.0;0.0;0.0;0.0;0.0;0.0;0.0
57104;0.0;0.0;0.0;0.0;0.0;0.0;0.0;0.0;0.0;21.3115;6025.4448;0.0;4.1232;199.4559;0.0181
73938;0.0;0.0;0.0;0.0;0.0;0.0;0.0;0.0;0.0;6.8949;718.9379;0.0;3.2985;126.4226;0.015
311757;0.0;0.0;0.0;0.0;0.0;0.0;0.0;0.0;0.0;0.0;318.6938;0.0;0.0;50.0497;0.0017
242785;0.0;0.0;0.0;0.0;0.0;0.0;0.0;0.0;0.0;5.0145;1281.338;0.0;0.4123;23.5017;0.0193
21006;0.0;0.0;0.0;0.0;0.0;0.0;0.0;0.0;0.0;9.3851;0.0;0.0;0.8246;34.0882;0.0181
225066;0.0;0.0;0.0;0.0;0.0;0.0;0.0;0.0;0.0;6.2681;114.2474;0.0;0.4123;8.5815;0.0081
22436;0.0;0.0;0.0;0.0;0.0;0.0;0.0;0.0;0.0;1.2536;3.156;0.0;1.6493;113.7312;0.0246
379874;0.0;0.0;0.0;0.0;0.0;0.0;0.0;0.0;0.0;3.6097;0.0;0.0;0.0;54.4249;0.0
154777;0.0;0.0;0.0;0.0;0.0;0.0;0.0;0.0;0.0;1.0829;58.5854;0.0;0.0;0.0;0.0
111633;0.0;0.0;0.0;0.0;0.0;0.0;0.0;0.0;0.0;0.0;0.0;0.0;0.4123;22.8429;0.0223
247321;0.0;0.0;0.0;0.0;0.0;0.0;0.0;0.0;0.0;0.0;140.9766;0.0;0.0;0.0;0.0047
183600;0.0;0.0;0.0;0.0;0.0;0.0;0.0;0.0;0.0;9.4021;2301.6745;0.0;2.0616;168.983;0.0272
312211;0.0;0.0;0.0;0.0;0.0;0.0;0.0;0.0;0.0;0.6268;145.8074;0.0;0.0;82.9021;0.0
278947;0.0;0.0;0.0;0.0;0.0;0.0;0.0;0.0;0.0;11.9093;2059.6089;0.0;0.4123;44.2679;0.036
100540;0.0;0.0;0.0;0.0;0.0;0.0;0.0;0.0;0.0;1.2536;308.9729;0.0;0.8246;42.4537;0.0243
221977;0.0;0.0;0.0;0.0;0.0;0.0;0.0;0.0;0.0;3.2487;0.249;0.0;0.0;0.0;0.0023
218632;0.0;0.0;0.0;0.0;0.0;0.0;0.0;0.0;0.0;0.0;0.0;0.0;0.0;34.0693;0.0
286343;0.0;0.0;0.0;0.0;0.0;0.0;0.0;0.0;0.0;0.361;44.6912;0.0;0.4123;19.6;0.0189
361940;0.0;0.0;0.0;0.0;0.0;0.0;0.0;0.0;0.0;0.0;0.0;0.0;0.0;7.135;0.0033
162947;0.0;0.0;0.0;0.0;0.0;0.0;0.0;0.0;0.0;1.0829;106.85;0.0;0.0;13.001;0.0
197013;0.0;0.0;0.0;0.0;0.0;0.0;0.0;0.0;0.0;0.0;0.0;0.0;0.0;0.0;0.002
351194;0.0;0.0;0.0;0.0;0.0;0.0;0.0;0.0;0.0;8.7753;1404.1066;0.0;1.2369;163.0319;0.0327
360152;0.0;0.0;0.0;0.0;0.0;0.0;0.0;0.0;0.0;0.0;0.0;0.0;0.0;0.0;0.0
115643;0.0;0.0;0.0;1.0154;0.0;0.0;0.0;0.0;0.0;21.9383;5632.2065;0.0;1.6493;158.7321;0.0252
301055;0.0;0.0;0.0;0.0;0.0;0.0;0.0;0.0;0.0;0.6268;1.2624;0.0;0.8246;23.0178;0.0101
371412;0.0;0.0;0.0;0.0;0.0;0.0;0.0;0.0;0.0;3.134;783.0048;0.0;1.2369;62.949;0.0144
236304;0.0;0.0;0.0;0.0;0.0;0.0;0.0;0.0;0.0;0.0;0.0;0.0;0.4123;45.2511;0.0422
22133;0.0;0.0;0.0;0.9549;0.0;0.0;0.0;0.0;0.0;3.134;739.7676;0.0;4.5355;446.3899;0.0288
45976;0.0;0.0;0.0;0.0;0.0;0.0;0.0;0.0;0.0;0.0;5.4265;0.0;0.4123;7.5977;0.0075
403586;0.0;0.0;0.0;0.0;0.0;0.0;0.0;0.0;0.0;1.2536;277.0972;0.0;0.8246;25.9077;0.0086
216302;0.0;0.0;0.0;0.0;0.0;0.0;0.0;0.0;0.0;0.0;66.0192;0.0;0.0;0.0;0.0079
258966;0.0;0.0;0.0;0.0;0.0;0.0;0.0;0.0;0.0;5.4145;41.1958;0.0;1.6493;162.5284;0.0344
109586;0.0;0.0;0.0;0.0;0.0;0.0;0.0;0.0;0.0;11.9093;872.3198;0.0;0.4123;24.8534;0.0182
44065;0.0;0.0;0.0;0.0;0.0;0.0;0.0;0.0;0.0;1.2536;79.2157;0.0;0.4123;32.3386;0.0324
240920;0.0;0.0;0.0;0.0;0.0;0.0;0.0;0.0;0.0;21.3115;3896.0882;0.0;2.0616;268.3387;0.0366
198368;0.0;0.0;0.0;0.0;0.0;0.0;0.0;0.0;0.0;13.163;805.0969;0.0;3.7108;368.8364;0.033
89954;0.0;0.0;0.0;0.0;0.0;0.0;0.0;0.0;0.0;31.3404;7583.5644;0.0;5.3601;302.7093;0.0194
248315;0.0;0.0;0.0;0.0;0.0;0.0;0.0;0.0;0.0;0.0;0.0;0.0;0.0;0.0;0.0
248813;0.0;0.0;0.0;0.0;0.0;0.0;0.0;0.0;0.0;6.2681;641.6158;0.0;1.2369;143.2416;0.038
95173;0.0;0.0;0.0;0.9549;0.0;0.0;0.0;0.0;0.0;28.2063;5011.736;0.0;2.8862;143.6135;0.019
289919;0.0;0.0;0.0;0.0;0.0;0.0;0.0;0.0;0.0;0.0;0.0;0.0;0.4123;36.9478;0.0307
360903;0.0;0.0;0.0;0.0;0.0;0.0;0.0;0.0;0.0;2.5072;544.4109;0.0;0.8246;46.6125;0.017
300488;0.0;0.0;0.0;0.0;0.0;0.0;0.0;0.0;0.0;0.0;0.0;0.0;0.0;0.0;0.0012
10224;0.0;0.0;0.0;0.0;0.0;0.0;0.0;0.0;0.0;0.722;5.7456;0.0;0.8246;37.0215;0.017
327524;0.0;0.0;0.0;0.0;0.0;0.0;0.0;0.0;0.0;0.0;0.0;0.0;0.0;0.0;0.0
257208;0.0;0.0;0.0;0.0;0.0;0.0;0.0;0.0;0.0;8.1485;645.403;0.0;2.0616;218.7817;0.0311
407080;0.0;0.0;0.0;0.0;0.0;0.0;0.0;0.0;0.0;5.0535;8.1573;0.0;0.4123;22.7716;0.0168
47731;0.0;0.0;0.0;0.0;0.0;0.0;0.0;0.0;0.0;0.6268;138.233;0.0;0.4123;30.2076;0.0263
347485;0.0;0.0;0.0;0.0;0.0;0.0;0.0;0.0;0.0;1.8804;362.625;0.0;0.8246;107.2943;0.0384
213109;0.0;0.0;0.0;0.9549;0.0;0.0;0.0;0.0;0.0;0.0;462.6651;0.0;0.5134;3.0012;0.0035
165257;0.0;0.0;0.0;0.0;0.0;0.0;0.0;0.0;0.0;5.6413;688.0091;0.0;5.3601;378.4105;0.0214
203050;0.0;0.0;0.0;0.9549;0.0;0.0;0.0;0.0;0.0;11.9093;2981.7935;0.0;3.2985;223.8658;0.0221
268941;0.0;0.0;0.0;0.0;0.0;0.0;0.0;0.0;0.0;0.6268;0.6312;0.0;0.4123;73.2899;0.0628
40349;0.0;0.0;0.0;0.0;0.0;0.0;0.0;0.0;0.0;0.6268;0.9468;0.0;1.2369;66.9657;0.0214
20893;0.0;0.0;0.0;0.0;0.0;0.0;0.0;0.0;0.0;1.8804;193.7787;0.0;1.6493;192.2312;0.0544
155449;0.0;0.0;0.0;0.0;0.0;0.0;0.0;0.0;0.0;1.8804;373.3554;0.0;1.2369;45.6755;0.0155
200079;0.0;0.0;0.0;0.0;0.0;0.0;0.0;0.0;0.0;0.722;41.1958;0.0;0.0;0.0;0.0
